symbol,day,kind,bar_count,has_data,high_diff,high_ok,low_diff,low_ok,vol_diff_pct,vol_ok,open_diff,open_ok,last_close_diff,last_close_ok,close_vs_clspric_diff,bar_count_ok,duplicate_ts_count,zero_volume_bar_count,vol_share_0915,vol_share_1515,all_rules_pass
ACC,2026-08-27,fyers_60m,7,True,0.0,True,0.0,True,-0.006436564409932386,True,0.0,True,0.0,True,-0.599999999999909,True,0,0,0.22376749576535615,0.07562925321684348,True
ACC,2026-08-27,fyers_1m_agg,7,True,0.0,True,0.0,True,-0.006436564409932386,True,0.0,True,0.0,True,-0.599999999999909,True,0,0,0.22376749576535615,0.07562925321684348,True
ACC,2026-08-27,yahoo_1h,7,True,0.0,True,0.0,True,-0.23029909356638814,False,-0.0999755859375,False,0.0,True,-0.599999999999909,True,0,1,0.0,0.09568836549158004,False
APTUS,2026-08-27,fyers_60m,7,True,0.0,True,0.0,True,-0.00041926587540834173,True,0.0,True,0.0,True,-1.0999999999999943,True,0,0,0.11501003782722542,0.03687656460620065,True
APTUS,2026-08-27,fyers_1m_agg,7,True,0.0,True,0.0,True,-0.00041926587540834173,True,0.0,True,0.0,True,-1.0999999999999943,True,0,0,0.11501003782722542,0.03687656460620065,True
APTUS,2026-08-27,yahoo_1h,7,True,0.0,True,6.103515630684342e-06,True,-0.11541316494848783,False,0.0,True,1.1000122070312557,False,1.2207031261368684e-05,True,0,1,0.0,0.04167166896772515,False
ASTERDM,2026-08-27,fyers_60m,7,True,0.0,True,0.0,True,-0.0007089117194026885,True,0.0,True,0.0,True,-0.1999999999999318,True,0,0,0.12505413116943562,0.07093510330453083,True
ASTERDM,2026-08-27,fyers_1m_agg,7,True,0.0,True,0.0,True,-0.0007089117194026885,True,0.0,True,0.0,True,-0.1999999999999318,True,0,0,0.12505413116943562,0.07093510330453083,True
ASTERDM,2026-08-27,yahoo_1h,7,True,-1.45001220703125,False,0.1500244140625,False,-0.12569230111473045,False,-5.54998779296875,False,0.19998779296872726,False,-1.2207031204525265e-05,True,0,1,0.0,0.0811639157824342,False
BOSCHLTD,2026-08-27,fyers_60m,7,True,0.0,True,0.0,True,-0.0016322278173293975,True,0.0,True,0.0,True,0.0,True,0,0,0.2577570613607903,0.0041394183943230835,True
BOSCHLTD,2026-08-27,fyers_1m_agg,7,True,0.0,True,0.0,True,-0.0016322278173293975,True,0.0,True,0.0,True,0.0,True,0,0,0.2577570613607903,0.0041394183943230835,True
BOSCHLTD,2026-08-27,yahoo_1h,7,True,-5.0,False,20.0,False,-0.2590380274353186,False,-20.0,False,0.0,True,0.0,True,0,1,0.0,0.00557742782152231,False
BRIGADE,2026-08-27,fyers_60m,7,True,0.0,True,0.0,True,-0.003569981446332985,True,0.0,True,0.0,True,-5.399999999999977,True,0,0,0.19133371572395963,0.07706597950500389,True
BRIGADE,2026-08-27,fyers_1m_agg,7,True,0.0,True,0.0,True,-0.003569981446332985,True,0.0,True,0.0,True,-5.399999999999977,True,0,0,0.19133371572395963,0.07706597950500389,True
BRIGADE,2026-08-27,yahoo_1h,7,True,-0.54998779296875,False,0.04998779296875,True,-0.19428888272802883,False,0.6000000000000227,False,5.399999999999977,False,0.0,True,0,1,0.0,0.09530817403641022,False
CANBK,2026-08-27,fyers_60m,7,True,0.0,True,0.0,True,-0.024839700449428407,False,0.0,True,0.0,True,0.0,True,0,0,0.22855505320444994,0.01655311107090299,False
CANBK,2026-08-27,fyers_1m_agg,7,True,0.0,True,0.0,True,-0.024839700449428407,False,0.0,True,0.0,True,0.0,True,0,0,0.22855505320444994,0.01655311107090299,False
CANBK,2026-08-27,yahoo_1h,7,True,-0.8900067138671943,False,-3.051757815342171e-06,True,-0.24771760615919455,False,-1.3700024414062568,False,-6.103515488575795e-07,True,-6.103515488575795e-07,True,0,1,0.0,0.021466047094948173,False
COFORGE,2026-08-27,fyers_60m,7,True,0.0,True,0.0,True,-0.0029193122993576605,True,0.0,True,0.0,True,0.0,True,0,0,0.25085151300295694,0.0040113443874235976,True
COFORGE,2026-08-27,fyers_1m_agg,7,True,0.0,True,0.0,True,-0.0029193122993576605,True,0.0,True,0.0,True,0.0,True,0,0,0.25085151300295694,0.0040113443874235976,True
COFORGE,2026-08-27,yahoo_1h,7,True,-2.441406240905053e-05,True,0.4000244140625,False,-0.25308511127995675,False,0.40004882812490905,False,4.8828125045474735e-05,True,4.8828125045474735e-05,True,0,1,0.0,0.005339655501678819,False
CUB,2026-08-27,fyers_60m,7,True,0.0,True,0.0,True,-0.0018052567580207652,True,0.0,True,0.0,True,-0.22999999999998977,True,0,0,0.17950575624758647,0.050204105990117494,True
CUB,2026-08-27,fyers_1m_agg,7,True,0.0,True,0.0,True,-0.0018052567580207652,True,0.0,True,0.0,True,-0.22999999999998977,True,0,0,0.17950575624758647,0.050204105990117494,True
CUB,2026-08-27,yahoo_1h,7,True,-0.16000671386717613,False,0.05000244140626364,False,-0.18111003352549365,False,0.16999511718751137,False,0.2299957275390625,False,-4.272460927268185e-06,True,0,1,0.0,0.061180603858475666,False
DABUR,2026-08-27,fyers_60m,7,True,0.0,True,0.0,True,-0.0025426994108113084,True,0.0,True,0.0,True,0.0,True,0,0,0.2672417702890584,0.015404561314063817,True
DABUR,2026-08-27,fyers_1m_agg,7,True,0.0,True,0.0,True,-0.0025426994108113084,True,0.0,True,0.0,True,0.0,True,0,0,0.2672417702890584,0.015404561314063817,True
DABUR,2026-08-27,yahoo_1h,7,True,-0.25001220703126137,False,-1.2207031261368684e-05,True,-0.2691338130663551,False,-0.45001220703125,False,1.2207031261368684e-05,True,1.2207031261368684e-05,True,0,1,0.0,0.02101286491043653,False
GRASIM,2026-08-27,fyers_60m,7,True,0.0,True,0.0,True,-0.001033931504083893,True,0.0,True,0.0,True,0.0,True,0,0,0.1502431844187196,0.014593795998175776,True
GRASIM,2026-08-27,fyers_1m_agg,7,True,0.0,True,0.0,True,-0.001033931504083893,True,0.0,True,0.0,True,0.0,True,0,0,0.1502431844187196,0.014593795998175776,True
GRASIM,2026-08-27,yahoo_1h,7,True,-1.800000000000182,False,0.0,True,-0.15112313878689007,False,3.39990234375,False,0.0,True,0.0,True,0,1,0.0,0.017172505993585416,False
HDFCBANK,2026-08-27,fyers_60m,7,True,0.0,True,0.0,True,-0.008503489840485934,True,0.0,True,0.0,True,0.0,True,0,0,0.19976313696511755,0.022048188748008433,True
HDFCBANK,2026-08-27,fyers_1m_agg,7,True,0.0,True,0.0,True,-0.008503489840485934,True,0.0,True,0.0,True,0.0,True,0,0,0.19976313696511755,0.022048188748008433,True
HDFCBANK,2026-08-27,yahoo_1h,7,True,-1.3999999999999773,False,0.0,True,-0.20656796449834913,False,-1.9499877929687273,False,0.0,True,0.0,True,0,1,0.0,0.027551808140499453,False
INDIANB,2026-08-27,fyers_60m,7,True,0.0,True,0.0,True,-0.0014598344403604837,True,0.0,True,0.0,True,0.0,True,0,0,0.20273359607366576,0.013876113681072624,True
INDIANB,2026-08-27,fyers_1m_agg,7,True,0.0,True,0.0,True,-0.0014598344403604837,True,0.0,True,0.0,True,0.0,True,0,0,0.20273359607366576,0.013876113681072624,True
INDIANB,2026-08-27,yahoo_1h,6,True,-0.39999999999997726,False,3.8999999999999773,False,-0.20391423346959572,False,1.2207031204525265e-05,True,2.4414062522737368e-05,True,2.4414062522737368e-05,False,0,1,0.0,0.0,False
LATENTVIEW,2026-08-27,fyers_60m,7,True,0.0,True,0.0,True,-0.005626780626780627,True,0.0,True,0.0,True,0.14999999999997726,True,0,0,0.252399541580116,0.06340878160590216,True
LATENTVIEW,2026-08-27,fyers_1m_agg,7,True,0.0,True,0.0,True,-0.005626780626780627,True,0.0,True,0.0,True,0.14999999999997726,True,0,0,0.252399541580116,0.06340878160590216,True
LATENTVIEW,2026-08-27,yahoo_1h,7,True,-6.1035156022626325e-06,True,0.44999999999998863,False,-0.2566096866096866,False,0.29999389648435226,False,-0.14999999999997726,False,0.0,True,0,1,0.0,0.08481201854903614,False
NATCOPHARM,2026-08-27,fyers_60m,7,True,-7.079999999999927,False,-6.9500000000000455,False,-0.009573096483059953,True,-7.07000000000005,False,-6.970000000000027,False,-9.07000000000005,True,0,0,0.3166188749109555,0.06699042115806716,False
NATCOPHARM,2026-08-27,fyers_1m_agg,7,True,-7.079999999999927,False,-6.9500000000000455,False,-0.009573096483059953,True,-7.07000000000005,False,-6.970000000000027,False,-9.07000000000005,True,0,0,0.3166188749109555,0.06699042115806716,False
NATCOPHARM,2026-08-27,yahoo_1h,7,True,-0.10001220703122726,False,0.25,False,-0.31763483991118113,False,1.79998779296875,False,0.29998779296875,False,-1.8000122070312727,True,0,1,0.0,0.09797407232456831,False
POONAWALLA,2026-08-27,fyers_60m,7,True,0.0,True,0.0,True,-0.00034634653190046685,True,0.0,True,0.0,True,-1.3500000000000227,True,0,0,0.12950877041329203,0.02829941400449779,True
POONAWALLA,2026-08-27,fyers_1m_agg,7,True,0.0,True,0.0,True,-0.00034634653190046685,True,0.0,True,0.0,True,-1.3500000000000227,True,0,0,0.12950877041329203,0.02829941400449779,True
POONAWALLA,2026-08-27,yahoo_1h,7,True,-0.04998779296875,True,0.0,True,-0.12987716196543642,False,-0.04999389648435226,True,0.0,True,-1.3500000000000227,True,0,1,0.0,0.032438523539813933,False
PREMIERENE,2026-08-27,fyers_60m,7,True,0.0,True,0.0,True,-0.0030892010130016113,True,0.0,True,0.0,True,0.0,True,0,0,0.29460312528875243,0.021187229409692976,True
PREMIERENE,2026-08-27,fyers_1m_agg,7,True,0.0,True,0.0,True,-0.0030892010130016113,True,0.0,True,0.0,True,0.0,True,0,0,0.29460312528875243,0.021187229409692976,True
PREMIERENE,2026-08-27,yahoo_1h,7,True,0.0,True,1.1999877929687273,False,-0.2967862430429564,False,-0.79998779296875,False,0.0,True,0.0,True,0,1,0.0,0.030032273374466064,False
PVRINOX,2026-08-27,fyers_60m,7,True,0.0,True,0.0,True,-0.0036787801378325566,True,0.0,True,0.0,True,-1.2999999999999545,True,0,0,0.24213249698701275,0.03886171900811063,True
PVRINOX,2026-08-27,fyers_1m_agg,7,True,0.0,True,0.0,True,-0.0036787801378325566,True,0.0,True,0.0,True,-1.2999999999999545,True,0,0,0.24213249698701275,0.03886171900811063,True
PVRINOX,2026-08-27,yahoo_1h,7,True,-1.500024414062409,False,0.40000000000009095,False,-0.24524041882923459,False,-0.20000000000004547,False,0.0,True,-1.2999999999999545,True,0,1,0.0,0.05093397379590784,False
RELIANCE,2026-08-27,fyers_60m,7,True,0.0,True,0.0,True,-0.009520208362740104,True,0.0,True,0.0,True,0.0,True,0,0,0.09659769316000534,0.062295786796892565,True
RELIANCE,2026-08-27,fyers_1m_agg,7,True,0.0,True,0.0,True,-0.009520208362740104,True,0.0,True,0.0,True,0.0,True,0,0,0.09659769316000534,0.062295786796892565,True
RELIANCE,2026-08-27,yahoo_1h,7,True,-0.20004882812509095,False,-4.8828125045474735e-05,True,-0.10519836007586215,False,-0.699951171875,False,-4.8828125045474735e-05,True,-4.8828125045474735e-05,True,0,1,0.0,0.06895190979276314,False
SAMMAANCAP,2026-08-27,fyers_60m,7,True,0.0,True,0.0,True,-0.0027280040083523726,True,0.0,True,0.0,True,-0.21000000000000796,True,0,0,0.21638403349524793,0.09097384116761584,True
SAMMAANCAP,2026-08-27,fyers_1m_agg,7,True,0.0,True,0.0,True,-0.0027280040083523726,True,0.0,True,0.0,True,-0.21000000000000796,True,0,0,0.21638403349524793,0.09097384116761584,True
SAMMAANCAP,2026-08-27,yahoo_1h,7,True,-0.030000610351549994,True,0.009997558593738631,True,-0.21742098900547147,False,0.44999389648438637,False,-0.12999999999999545,False,-0.3400000000000034,True,0,1,0.0,0.11734829965454915,False
TCS,2026-08-27,fyers_60m,7,True,0.0,True,0.0,True,-0.011410012093992615,False,0.0,True,0.0,True,0.0,True,0,0,0.2374870680369221,0.02948428396578623,False
TCS,2026-08-27,fyers_1m_agg,7,True,0.0,True,0.0,True,-0.011410012093992615,False,0.0,True,0.0,True,0.0,True,0,0,0.2374870680369221,0.02948428396578623,False
TCS,2026-08-27,yahoo_1h,7,True,-0.09999999999990905,False,0.20009765624990905,False,-0.24618793491126684,False,3.699951171875,False,-9.765625009094947e-05,True,-9.765625009094947e-05,True,0,1,0.0,0.038666511429347614,False
TMCV,2026-08-27,fyers_60m,7,True,0.0,True,0.0,True,-0.0018215849677234324,True,0.0,True,0.0,True,0.8999999999999773,True,0,0,0.3277472864546002,0.0532758396033417,True
TMCV,2026-08-27,fyers_1m_agg,7,True,0.0,True,0.0,True,-0.0018215849677234324,True,0.0,True,0.0,True,0.8999999999999773,True,0,0,0.3277472864546002,0.0532758396033417,True
TMCV,2026-08-27,yahoo_1h,7,True,-0.75,False,0.19999999999998863,False,-0.32898733561406895,False,-0.75,False,0.0,True,0.8999999999999773,True,0,1,0.0,0.07924991153282902,False
TMPV,2026-08-27,fyers_60m,7,True,0.0,True,0.0,True,-0.004870784634414,True,0.0,True,0.0,True,0.0,True,0,0,0.19583345381198847,0.02669619238632479,True
TMPV,2026-08-27,fyers_1m_agg,7,True,0.0,True,0.0,True,-0.004870784634414,True,0.0,True,0.0,True,0.0,True,0,0,0.19583345381198847,0.02669619238632479,True
TMPV,2026-08-27,yahoo_1h,6,True,-0.05001220703127274,False,-6.1035156022626325e-06,True,-0.19975099868336973,False,-0.25,False,0.0,True,0.0,False,0,1,0.0,0.0,False
VEDL,2026-08-27,fyers_60m,7,True,0.0,True,0.0,True,-0.011474939319945953,False,0.0,True,0.0,True,0.0,True,0,0,0.40616139745641977,0.009805404599938138,False
VEDL,2026-08-27,fyers_1m_agg,7,True,0.0,True,0.0,True,-0.011474939319945953,False,0.0,True,0.0,True,0.0,True,0,0,0.40616139745641977,0.009805404599938138,False
VEDL,2026-08-27,yahoo_1h,7,True,-0.29998779296875,False,1.2207031261368684e-05,True,-0.4129807926221863,False,-0.25,False,0.0,True,0.0,True,0,1,0.0,0.01650989157609374,False
VIJAYA,2026-08-27,fyers_60m,7,True,0.0,True,0.0,True,-0.013466567052670901,False,0.0,True,-5.400000000000091,False,-1.800000000000182,True,0,0,0.267839224521479,0.06378386565440466,False
VIJAYA,2026-08-27,fyers_1m_agg,7,True,0.0,True,0.0,True,-0.013466567052670901,False,0.0,True,-5.400000000000091,False,-1.800000000000182,True,0,0,0.267839224521479,0.06378386565440466,False
VIJAYA,2026-08-27,yahoo_1h,7,True,0.0,True,0.900000000000091,False,-0.2779604034366829,False,2.0,False,-5.4000244140625,False,-1.800024414062591,True,0,1,0.0,0.08732991877489782,False
ZFCVINDIA,2026-08-27,fyers_60m,7,True,0.0,True,0.0,True,-0.00024281421677239203,True,0.0,True,0.0,True,2.5,True,0,0,0.0920489389477519,0.14517744922432374,True
ZFCVINDIA,2026-08-27,fyers_1m_agg,7,True,0.0,True,0.0,True,-0.00024281421677239203,True,0.0,True,0.0,True,2.5,True,0,0,0.0920489389477519,0.14517744922432374,True
ZFCVINDIA,2026-08-27,yahoo_1h,7,True,-2.100048828125182,False,2.900000000000091,False,-0.09228457826205724,False,9.765625009094947e-05,True,-2.5,False,0.0,True,0,1,0.0,0.15988163108354372,False
ACC,2026-08-28,fyers_60m,7,True,0.0,True,0.0,True,-0.0005794979717570988,True,0.0,True,0.0,True,2.599999999999909,True,0,0,0.2202606201171875,0.0556488037109375,True
ACC,2026-08-28,fyers_1m_agg,7,True,0.0,True,0.0,True,-0.0005794979717570988,True,0.0,True,0.0,True,2.599999999999909,True,0,0,0.2202606201171875,0.0556488037109375,True
ACC,2026-08-28,yahoo_1h,7,True,0.0,True,0.0,True,-0.2208649769725806,False,0.0,True,-2.5999755859375,False,2.441406240905053e-05,True,0,1,0.0,0.0713628623436613,False
APTUS,2026-08-28,fyers_60m,7,True,0.0,True,0.0,True,-0.0040728236908230435,True,0.0,True,0.0,True,0.0,True,0,0,0.1776555302392392,0.09941366585764526,True
APTUS,2026-08-28,fyers_1m_agg,7,True,0.0,True,0.0,True,-0.0040728236908230435,True,0.0,True,0.0,True,0.0,True,0,0,0.1776555302392392,0.09941366585764526,True
APTUS,2026-08-28,yahoo_1h,7,True,-0.05000610351561363,False,3.0517578011313162e-06,True,-0.18100479427769814,False,1.6500122070312386,False,-6.1035156022626325e-06,True,-6.1035156022626325e-06,True,0,1,0.0,0.12076630891027981,False
ASTERDM,2026-08-28,fyers_60m,7,True,0.0,True,0.0,True,-0.0006258788169703055,True,0.0,True,0.0,True,-0.6999999999999318,True,0,0,0.1842067745866443,0.10891680612082104,True
ASTERDM,2026-08-28,fyers_1m_agg,7,True,0.0,True,0.0,True,-0.0006258788169703055,True,0.0,True,0.0,True,-0.6999999999999318,True,0,0,0.1842067745866443,0.10891680612082104,True
ASTERDM,2026-08-28,yahoo_1h,7,True,-5.1500244140625,False,0.24998779296879547,False,-0.184721885348273,False,-2.4414062522737368e-05,True,0.7000244140624545,False,2.4414062522737368e-05,True,0,1,0.0,0.13351035684639245,False
BOSCHLTD,2026-08-28,fyers_60m,7,True,0.0,True,0.0,True,-0.0025656735850501646,True,0.0,True,0.0,True,0.0,True,0,0,0.09221791377125965,0.00963642645986102,True
BOSCHLTD,2026-08-28,fyers_1m_agg,7,True,0.0,True,0.0,True,-0.0025656735850501646,True,0.0,True,0.0,True,0.0,True,0,0,0.09221791377125965,0.00963642645986102,True
BOSCHLTD,2026-08-28,yahoo_1h,7,True,-10.0,False,40.0,False,-0.09458527992647622,False,0.0,True,0.0,True,0.0,True,0,1,0.0,0.010488918964642192,False
BRIGADE,2026-08-28,fyers_60m,7,True,0.0,True,0.0,True,-0.0015157955520623643,True,0.0,True,0.0,True,-1.25,True,0,0,0.17228389211071662,0.05316149657022603,True
BRIGADE,2026-08-28,fyers_1m_agg,7,True,0.0,True,0.0,True,-0.0015157955520623643,True,0.0,True,0.0,True,-1.25,True,0,0,0.17228389211071662,0.05316149657022603,True
BRIGADE,2026-08-28,yahoo_1h,7,True,0.0,True,2.4414062522737368e-05,True,-0.17355057062885465,False,-0.05001220703127274,False,1.25,False,0.0,True,0,1,0.0,0.06422766200053373,False
CANBK,2026-08-28,fyers_60m,7,True,0.0,True,0.0,True,-0.005890776787984433,True,0.0,True,0.0,True,0.0,True,0,0,0.42322075938469667,0.019475010132958676,True
CANBK,2026-08-28,fyers_1m_agg,7,True,0.0,True,0.0,True,-0.005890776787984433,True,0.0,True,0.0,True,0.0,True,0,0,0.42322075938469667,0.019475010132958676,True
CANBK,2026-08-28,yahoo_1h,7,True,-0.09999328613281477,False,0.04000091552734375,True,-0.4266208709087036,False,0.010003662109369316,True,6.103515630684342e-06,True,6.103515630684342e-06,True,0,1,0.0,0.03389695299324398,False
COFORGE,2026-08-28,fyers_60m,7,True,0.0,True,0.0,True,-0.0026068654405341563,True,0.0,True,0.0,True,0.0,True,0,0,0.2755289423914699,0.0037997486826192987,True
COFORGE,2026-08-28,fyers_1m_agg,7,True,0.0,True,0.0,True,-0.0026068654405341563,True,0.0,True,0.0,True,0.0,True,0,0,0.2755289423914699,0.0037997486826192987,True
COFORGE,2026-08-28,yahoo_1h,7,True,-0.699951171875,False,5.4000244140625,False,-0.2774180847687166,False,2.0,False,-2.441406240905053e-05,True,-2.441406240905053e-05,True,0,1,0.0,0.0052576573195530765,False
CUB,2026-08-28,fyers_60m,7,True,0.0,True,0.0,True,-0.004745925745748844,True,0.0,True,0.0,True,0.4099999999999966,True,0,0,0.21277151196860583,0.08973515114316688,True
CUB,2026-08-28,fyers_1m_agg,7,True,0.0,True,0.0,True,-0.004745925745748844,True,0.0,True,0.0,True,0.4099999999999966,True,0,0,0.21277151196860583,0.08973515114316688,True
CUB,2026-08-28,yahoo_1h,7,True,-0.2200030517578,False,0.09999511718748977,False,-0.21603313947917357,False,0.6799957275390511,False,-0.4099945068359432,False,5.493164053405053e-06,True,0,1,0.0,0.1138609439638962,False
DABUR,2026-08-28,fyers_60m,7,True,0.0,True,0.0,True,-0.0029513995262391048,True,0.0,True,0.0,True,0.0,True,0,0,0.19854055500988968,0.03311717326795064,True
DABUR,2026-08-28,fyers_1m_agg,7,True,0.0,True,0.0,True,-0.0029513995262391048,True,0.0,True,0.0,True,0.0,True,0,0,0.19854055500988968,0.03311717326795064,True
DABUR,2026-08-28,yahoo_1h,7,True,-0.6500122070312386,False,0.04999389648435226,True,-0.20090857827076236,False,-0.6500122070312386,False,0.0,True,0.0,True,0,1,0.0,0.041592833522749055,False
GRASIM,2026-08-28,fyers_60m,7,True,0.0,True,0.0,True,-0.0006166951352070809,True,0.0,True,0.0,True,0.0,True,0,0,0.15870535450036108,0.009226539285672006,True
GRASIM,2026-08-28,fyers_1m_agg,7,True,0.0,True,0.0,True,-0.0006166951352070809,True,0.0,True,0.0,True,0.0,True,0,0,0.15870535450036108,0.009226539285672006,True
GRASIM,2026-08-28,yahoo_1h,7,True,0.0,True,0.0,True,-0.15922861347116543,False,3.699951171875,False,0.0,True,0.0,True,0,1,0.0,0.010963612345804962,False
HDFCBANK,2026-08-28,fyers_60m,7,True,0.0,True,0.0,True,-0.03252723470973399,False,0.0,True,0.0,True,0.0,True,0,0,0.251243295827924,0.02911951387745682,False
HDFCBANK,2026-08-28,fyers_1m_agg,7,True,0.0,True,0.0,True,-0.03252723470973399,False,0.0,True,0.0,True,0.0,True,0,0,0.251243295827924,0.02911951387745682,False
HDFCBANK,2026-08-28,yahoo_1h,7,True,-1.2207031204525265e-05,True,2.0999755859375,False,-0.27559870527402164,False,-1.7500244140625227,False,-1.2207031204525265e-05,True,-1.2207031204525265e-05,True,0,1,0.0,0.0389595574939869,False
INDIANB,2026-08-28,fyers_60m,7,True,0.0,True,0.0,True,-0.0022574549658535303,True,0.0,True,0.0,True,0.0,True,0,0,0.1305900219014304,0.07661331027611602,True
INDIANB,2026-08-28,fyers_1m_agg,7,True,0.0,True,0.0,True,-0.0022574549658535303,True,0.0,True,0.0,True,0.0,True,0,0,0.1305900219014304,0.07661331027611602,True
INDIANB,2026-08-28,yahoo_1h,6,True,-0.049975585937545475,True,0.049999999999954525,True,-0.13257457155431576,False,1.7000244140624545,False,2.4414062522737368e-05,True,2.4414062522737368e-05,False,0,1,0.0,0.0,False
LATENTVIEW,2026-08-28,fyers_60m,7,True,0.0,True,0.0,True,-0.0005986592257464242,True,0.0,True,0.0,True,0.0999999999999659,True,0,0,0.3321581703807009,0.04384699267084063,True
LATENTVIEW,2026-08-28,fyers_1m_agg,7,True,0.0,True,0.0,True,-0.0005986592257464242,True,0.0,True,0.0,True,0.0999999999999659,True,0,0,0.3321581703807009,0.04384699267084063,True
LATENTVIEW,2026-08-28,yahoo_1h,7,True,6.1035156022626325e-06,True,0.05000000000001137,False,-0.3325765143946962,False,0.0,True,-0.09999389648436363,False,6.1035156022626325e-06,True,0,1,0.0,0.06558437771625183,False
NATCOPHARM,2026-08-28,fyers_60m,7,True,-7.009999999999991,False,-6.8799999999999955,False,-0.011489194538095096,False,-6.990000000000009,False,-6.980000000000018,False,-4.279999999999973,True,0,0,0.3366693243926425,0.06314656310757753,False
NATCOPHARM,2026-08-28,fyers_1m_agg,7,True,-7.009999999999991,False,-6.8799999999999955,False,-0.011489194538095096,False,-6.990000000000009,False,-6.980000000000018,False,-4.279999999999973,True,0,0,0.3366693243926425,0.06314656310757753,False
NATCOPHARM,2026-08-28,yahoo_1h,7,True,-1.0,False,2.8000244140624773,False,-0.3389101053196885,False,1.4000122070312955,False,0.0,True,2.7000000000000455,True,0,1,0.0,0.09523755796504609,False
POONAWALLA,2026-08-28,fyers_60m,7,True,0.0,True,0.0,True,-0.0023452643152149467,True,0.0,True,0.0,True,-1.1999999999999886,True,0,0,0.3294451878832984,0.048706177857608,True
POONAWALLA,2026-08-28,fyers_1m_agg,7,True,0.0,True,0.0,True,-0.0023452643152149467,True,0.0,True,0.0,True,-1.1999999999999886,True,0,0,0.3294451878832984,0.048706177857608,True
POONAWALLA,2026-08-28,yahoo_1h,7,True,0.0,True,0.0,True,-0.3310392340945031,False,-0.10000000000002274,False,1.1999877929687273,False,-1.2207031261368684e-05,True,0,1,0.0,0.07261662095388523,False
PREMIERENE,2026-08-28,fyers_60m,7,True,0.0,True,0.0,True,-0.0006123497023841769,True,0.0,True,0.0,True,0.0,True,0,0,0.3411386015822439,0.0025480336430636764,True
PREMIERENE,2026-08-28,fyers_1m_agg,7,True,0.0,True,0.0,True,-0.0006123497023841769,True,0.0,True,0.0,True,0.0,True,0,0,0.3411386015822439,0.0025480336430636764,True
PREMIERENE,2026-08-28,yahoo_1h,7,True,-0.5,False,0.20001220703125,False,-0.34156372358889797,False,1.1000000000000227,False,2.4414062522737368e-05,True,2.4414062522737368e-05,True,0,1,0.0,0.004250515847289457,False
PVRINOX,2026-08-28,fyers_60m,7,True,0.0,True,0.0,True,-0.0025610137820482417,True,0.0,True,0.0,True,-1.2000000000000455,True,0,0,0.1987694589994009,0.1410937930903316,True
PVRINOX,2026-08-28,fyers_1m_agg,7,True,0.0,True,0.0,True,-0.0025610137820482417,True,0.0,True,0.0,True,-1.2000000000000455,True,0,0,0.1987694589994009,0.1410937930903316,True
PVRINOX,2026-08-28,yahoo_1h,7,True,-0.4999511718749545,False,1.099951171875091,False,-0.2008261640756163,False,-0.09995117187509095,False,1.2000244140624545,False,2.441406240905053e-05,True,0,1,0.0,0.1759787311063504,False
RELIANCE,2026-08-28,fyers_60m,7,True,0.0,True,0.0,True,-0.0128878567450457,False,0.0,True,0.0,True,0.0,True,0,0,0.17125371966810246,0.029015598911987347,False
RELIANCE,2026-08-28,fyers_1m_agg,7,True,0.0,True,0.0,True,-0.0128878567450457,False,0.0,True,0.0,True,0.0,True,0,0,0.17125371966810246,0.029015598911987347,False
RELIANCE,2026-08-28,yahoo_1h,7,True,-0.2999999999999545,False,0.0,True,-0.18193477582300327,False,0.500024414062409,False,0.0,True,0.0,True,0,1,0.0,0.03501073453729097,False
SAMMAANCAP,2026-08-28,fyers_60m,7,True,0.0,True,0.0,True,-0.0025518399016189407,True,0.0,True,0.0,True,-0.10000000000002274,True,0,0,0.3054831914355814,0.11655109981706341,True
SAMMAANCAP,2026-08-28,fyers_1m_agg,7,True,0.0,True,0.0,True,-0.0025518399016189407,True,0.0,True,0.0,True,-0.10000000000002274,True,0,0,0.3054831914355814,0.11655109981706341,True
SAMMAANCAP,2026-08-28,yahoo_1h,7,True,-0.0900061035156341,False,0.019995117187505684,True,-0.30727033150956334,False,0.22999450683593636,False,-3.0517578011313162e-06,True,-0.10000305175782387,True,0,1,0.0,0.16781667924492924,False
TCS,2026-08-28,fyers_60m,7,True,0.0,True,0.0,True,-0.004886941983473888,True,0.0,True,0.0,True,0.0,True,0,0,0.3659608200469132,0.009191531426976516,True
TCS,2026-08-28,fyers_1m_agg,7,True,0.0,True,0.0,True,-0.004886941983473888,True,0.0,True,0.0,True,0.0,True,0,0,0.3659608200469132,0.009191531426976516,True
TCS,2026-08-28,yahoo_1h,6,True,-0.199951171875,False,8.800097656249818,False,-0.3690595794003506,False,0.10009765625,False,0.0,True,0.0,False,0,1,0.0,0.0,False
TMCV,2026-08-28,fyers_60m,7,True,0.0,True,0.0,True,-0.0020634409541976533,True,0.0,True,0.0,True,0.8000000000000114,True,0,0,0.18316582991858846,0.06591959156138308,True
TMCV,2026-08-28,fyers_1m_agg,7,True,0.0,True,0.0,True,-0.0020634409541976533,True,0.0,True,0.0,True,0.8000000000000114,True,0,0,0.18316582991858846,0.06591959156138308,True
TMCV,2026-08-28,yahoo_1h,7,True,-0.30001220703127274,False,-6.1035156022626325e-06,True,-0.18485180367713192,False,-0.899993896484375,False,6.1035156022626325e-06,True,0.8000061035156136,True,0,1,0.0,0.08073644368803749,False
TMPV,2026-08-28,fyers_60m,7,True,0.0,True,0.0,True,-0.0046706808631764045,True,0.0,True,0.0,True,0.0,True,0,0,0.15846845202956558,0.028710902665616354,True
TMPV,2026-08-28,fyers_1m_agg,7,True,0.0,True,0.0,True,-0.0046706808631764045,True,0.0,True,0.0,True,0.0,True,0,0,0.15846845202956558,0.028710902665616354,True
TMPV,2026-08-28,yahoo_1h,7,True,-6.1035156022626325e-06,True,0.09999389648436363,False,-0.16240068588291537,False,-0.899993896484375,False,-6.1035156022626325e-06,True,-6.1035156022626325e-06,True,0,1,0.0,0.034117306287966255,False
VEDL,2026-08-28,fyers_60m,7,True,0.0,True,0.0,True,-0.005200783003402027,True,0.0,True,0.0,True,0.0,True,0,0,0.33576565560538174,0.013407455143263244,True
VEDL,2026-08-28,fyers_1m_agg,7,True,0.0,True,0.0,True,-0.005200783003402027,True,0.0,True,0.0,True,0.0,True,0,0,0.33576565560538174,0.013407455143263244,True
VEDL,2026-08-28,yahoo_1h,7,True,0.0,True,1.3999877929687727,False,-0.33922878527265504,False,0.09998779296876137,False,1.2207031261368684e-05,True,1.2207031261368684e-05,True,0,1,0.0,0.02018314282847073,False
VIJAYA,2026-08-28,fyers_60m,7,True,0.0,True,0.0,True,-0.00014555687634943353,True,0.0,True,0.0,True,-1.5,True,0,0,0.11109223988030248,0.052464717538113145,True
VIJAYA,2026-08-28,fyers_1m_agg,7,True,0.0,True,0.0,True,-0.00014555687634943353,True,0.0,True,0.0,True,-1.5,True,0,0,0.11109223988030248,0.052464717538113145,True
VIJAYA,2026-08-28,yahoo_1h,7,True,2.441406240905053e-05,True,4.0,False,-0.11128631846227247,False,7.500024414062409,False,0.4000244140625,False,-1.0999755859375,True,0,1,0.0,0.05896215685025614,False
ZFCVINDIA,2026-08-28,fyers_60m,0,False,,False,,False,,False,,False,,False,,False,0,0,,,False
ZFCVINDIA,2026-08-28,fyers_1m_agg,0,False,,False,,False,,False,,False,,False,,False,0,0,,,False
ZFCVINDIA,2026-08-28,yahoo_1h,7,True,-4.300048828125,False,-4.882812481810106e-05,True,-0.11071180973132047,False,-22.0,False,26.199951171875,False,8.199951171875,True,0,1,0.0,0.1379864447767843,False
ACC,2026-08-31,fyers_60m,0,False,,False,,False,,False,,False,,False,,False,0,0,,,False
ACC,2026-08-31,fyers_1m_agg,7,True,0.0,True,0.0,True,-0.0020705139168373903,True,0.0,True,0.0,True,-2.0,True,0,0,0.059432909619970685,0.29363481888259274,True
ACC,2026-08-31,yahoo_1h,7,True,-0.0999755859375,False,0.0,True,-0.061416755515608906,False,-0.0999755859375,False,2.0,False,0.0,True,0,1,0.0,0.31213144498765183,False
APTUS,2026-08-31,fyers_60m,7,True,0.0,True,0.0,True,-0.0008687532378379877,True,0.0,True,0.0,True,-0.75,True,0,0,0.12830853366705394,0.2240195623437685,True
APTUS,2026-08-31,fyers_1m_agg,7,True,0.0,True,0.0,True,-0.0008687532378379877,True,0.0,True,0.0,True,-0.75,True,0,0,0.12830853366705394,0.2240195623437685,True
APTUS,2026-08-31,yahoo_1h,7,True,-0.10000000000002274,False,0.600006103515625,False,-0.1290892694584736,False,1.29998779296875,False,0.7500061035156307,False,6.103515630684342e-06,True,0,1,0.0,0.25697898715337614,False
ASTERDM,2026-08-31,fyers_60m,7,True,0.0,True,0.0,True,-0.0005379527987272154,True,0.0,True,0.0,True,-1.0,True,0,0,0.27028006260092047,0.07038025546564503,True
ASTERDM,2026-08-31,fyers_1m_agg,7,True,0.0,True,0.0,True,-0.0005379527987272154,True,0.0,True,0.0,True,-1.0,True,0,0,0.27028006260092047,0.07038025546564503,True
ASTERDM,2026-08-31,yahoo_1h,7,True,-0.25,False,1.8500244140625455,False,-0.27060529167761527,False,4.4500000000000455,False,1.0,False,0.0,True,0,1,0.0,0.09643851231581833,False
BOSCHLTD,2026-08-31,fyers_60m,7,True,0.0,True,0.0,True,-0.0007267321826740441,True,0.0,True,0.0,True,0.0,True,0,0,0.04464389018363333,0.41153038792747226,True
BOSCHLTD,2026-08-31,fyers_1m_agg,7,True,0.0,True,0.0,True,-0.0007267321826740441,True,0.0,True,0.0,True,0.0,True,0,0,0.04464389018363333,0.41153038792747226,True
BOSCHLTD,2026-08-31,yahoo_1h,7,True,0.0,True,0.0,True,-0.04535469485506648,False,5.0,False,0.0,True,0.0,True,0,1,0.0,0.43071679440820776,False
BRIGADE,2026-08-31,fyers_60m,7,True,0.0,True,0.0,True,-0.0014345040238562367,True,0.0,True,0.0,True,2.5499999999999545,True,0,0,0.09593640806565827,0.09057033072913644,True
BRIGADE,2026-08-31,fyers_1m_agg,7,True,0.0,True,0.0,True,-0.0014345040238562367,True,0.0,True,0.0,True,2.5499999999999545,True,0,0,0.09593640806565827,0.09057033072913644,True
BRIGADE,2026-08-31,yahoo_1h,7,True,-0.04998779296875,True,0.4000122070312955,False,-0.09723329092611001,False,0.0,True,-2.5500244140624773,False,-2.4414062522737368e-05,True,0,1,0.0,0.1002937258237966,False
CANBK,2026-08-31,fyers_60m,7,True,0.0,True,0.0,True,-0.003172371764779599,True,0.0,True,0.0,True,0.0,True,0,0,0.2552971638119252,0.1813275371663871,True
CANBK,2026-08-31,fyers_1m_agg,7,True,0.0,True,0.0,True,-0.003172371764779599,True,0.0,True,0.0,True,0.0,True,0,0,0.2552971638119252,0.1813275371663871,True
CANBK,2026-08-31,yahoo_1h,7,True,-0.13000244140624773,False,0.089996337890625,False,-0.2576375936665755,False,0.05999755859375,False,1.5258789005656581e-06,True,1.5258789005656581e-06,True,0,1,0.0,0.2434952373254147,False
COFORGE,2026-08-31,fyers_60m,7,True,0.0,True,0.0,True,-0.006824898932329728,True,0.0,True,0.0,True,0.0,True,0,0,0.3391843294144148,0.03356220711083352,True
COFORGE,2026-08-31,fyers_1m_agg,7,True,0.0,True,0.0,True,-0.006824898932329728,True,0.0,True,0.0,True,0.0,True,0,0,0.3391843294144148,0.03356220711083352,True
COFORGE,2026-08-31,yahoo_1h,7,True,-0.5000488281250455,False,0.49997558593759095,False,-0.34369525404894696,False,5.699951171875,False,4.8828125045474735e-05,True,4.8828125045474735e-05,True,0,1,0.0,0.05088773399462338,False
CUB,2026-08-31,fyers_60m,7,True,0.0,True,0.0,True,-0.0013714908444018852,True,0.0,True,0.0,True,0.3100000000000023,True,0,0,0.2765694777928424,0.05628756676433916,True
CUB,2026-08-31,fyers_1m_agg,7,True,0.0,True,0.0,True,-0.0013714908444018852,True,0.0,True,0.0,True,0.3100000000000023,True,0,0,0.2765694777928424,0.05628756676433916,True
CUB,2026-08-31,yahoo_1h,7,True,-0.040006103515622726,True,0.649993896484375,False,-0.21897324383781264,False,-0.32000732421875,False,-0.30999755859375,False,2.4414062522737368e-06,True,0,0,0.07484457530666964,0.07196209742837151,False
DABUR,2026-08-31,fyers_60m,7,True,0.0,True,0.0,True,-0.0015279179506227747,True,0.0,True,0.0,True,0.0,True,0,0,0.09372925420055593,0.3898897860761995,True
DABUR,2026-08-31,fyers_1m_agg,7,True,0.0,True,0.0,True,-0.0015279179506227747,True,0.0,True,0.0,True,0.0,True,0,0,0.09372925420055593,0.3898897860761995,True
DABUR,2026-08-31,yahoo_1h,7,True,-1.4499877929687273,False,0.0,True,-0.09508372086203652,False,-1.3999999999999773,False,0.0,True,0.0,True,0,1,0.0,0.4303441366406331,False
GRASIM,2026-08-31,fyers_60m,7,True,0.0,True,0.0,True,-0.0005396897666970201,True,0.0,True,0.0,True,0.0,True,0,0,0.093073121307265,0.2490569964871769,True
GRASIM,2026-08-31,fyers_1m_agg,7,True,0.0,True,0.0,True,-0.0005396897666970201,True,0.0,True,0.0,True,0.0,True,0,0,0.093073121307265,0.2490569964871769,True
GRASIM,2026-08-31,yahoo_1h,6,True,0.0,True,1.5,False,-0.09356356171695922,False,-5.199951171875,False,0.0,True,0.0,False,0,1,0.0,0.0,False
HDFCBANK,2026-08-31,fyers_60m,7,True,0.0,True,0.0,True,-0.008968146156252256,True,0.0,True,0.0,True,0.0,True,0,0,0.36734533760608246,0.08067303325444439,True
HDFCBANK,2026-08-31,fyers_1m_agg,7,True,0.0,True,0.0,True,-0.008968146156252256,True,0.0,True,0.0,True,0.0,True,0,0,0.36734533760608246,0.08067303325444439,True
HDFCBANK,2026-08-31,yahoo_1h,7,True,0.0,True,0.05001220703127274,False,-0.21169839958298334,False,1.9500000000000455,False,0.0,True,0.0,True,0,0,0.2046392725001717,0.1014198343775702,False
INDIANB,2026-08-31,fyers_60m,7,True,0.0,True,0.0,True,-0.007743865781872537,True,0.0,True,0.0,True,0.0,True,0,0,0.21609085717353846,0.3683122550287742,True
INDIANB,2026-08-31,fyers_1m_agg,7,True,0.0,True,0.0,True,-0.007743865781872537,True,0.0,True,0.0,True,0.0,True,0,0,0.21609085717353846,0.3683122550287742,True
INDIANB,2026-08-31,yahoo_1h,7,True,0.0,True,-1.2207031204525265e-05,True,-0.22218979887501747,False,-4.0,False,0.0,True,0.0,True,0,1,0.0,0.4698280995209203,False
LATENTVIEW,2026-08-31,fyers_60m,7,True,0.0,True,0.0,True,-0.0006441754687646176,True,0.0,True,0.0,True,0.6999999999999886,True,0,0,0.13100035483692657,0.292015634221971,True
LATENTVIEW,2026-08-31,fyers_1m_agg,7,True,0.0,True,0.0,True,-0.0006441754687646176,True,0.0,True,0.0,True,0.6999999999999886,True,0,0,0.13100035483692657,0.292015634221971,True
LATENTVIEW,2026-08-31,yahoo_1h,7,True,-0.19999389648438637,False,1.2207031261368684e-05,True,-0.13151826723035734,False,-0.19999389648438637,False,-0.70001220703125,False,-1.2207031261368684e-05,True,0,1,0.0,0.3359526280233926,False
NATCOPHARM,2026-08-31,fyers_60m,7,True,-7.029999999999973,False,-6.7999999999999545,False,-0.010387226303004763,False,-6.949999999999932,False,-6.840000000000032,False,-8.389999999999986,True,0,0,0.27830366451145555,0.21800588318788514,False
NATCOPHARM,2026-08-31,fyers_1m_agg,7,True,-7.029999999999973,False,-6.7999999999999545,False,-0.010387226303004763,False,-6.949999999999932,False,-6.840000000000032,False,-8.389999999999986,True,0,0,0.27830366451145555,0.21800588318788514,False
NATCOPHARM,2026-08-31,yahoo_1h,7,True,-1.4499877929687273,False,0.5,False,-0.2799998062536479,False,0.7499877929687955,False,0.049999999999954525,True,-1.5,True,0,1,0.0,0.3020087724019159,False
POONAWALLA,2026-08-31,fyers_60m,7,True,0.0,True,0.0,True,-0.002614299496997911,True,0.0,True,0.0,True,0.0999999999999659,True,0,0,0.21683529004065555,0.08093170635960402,True
POONAWALLA,2026-08-31,fyers_1m_agg,7,True,0.0,True,0.0,True,-0.002614299496997911,True,0.0,True,0.0,True,0.0999999999999659,True,0,0,0.21683529004065555,0.08093170635960402,True
POONAWALLA,2026-08-31,yahoo_1h,7,True,-0.19999999999998863,False,0.20001220703125,False,-0.21891831133674913,False,1.8999999999999773,False,0.05001220703127274,False,0.15001220703123863,True,0,1,0.0,0.10346634687453156,False
PREMIERENE,2026-08-31,fyers_60m,7,True,0.0,True,0.0,True,0.011412167470590798,False,0.0,True,0.0,True,0.0,True,0,0,0.1008584710897236,0.5168040517459045,False
PREMIERENE,2026-08-31,fyers_1m_agg,7,True,0.0,True,0.0,True,0.011412167470590798,False,0.0,True,0.0,True,0.0,True,0,0,0.1008584710897236,0.5168040517459045,False
PREMIERENE,2026-08-31,yahoo_1h,7,True,4.8828125045474735e-05,True,0.2999755859375455,False,-0.11712155603258559,False,-0.10001220703122726,False,4.8828125045474735e-05,True,4.8828125045474735e-05,True,0,1,0.0,0.5619497861248268,False
PVRINOX,2026-08-31,fyers_60m,7,True,0.0,True,0.0,True,-0.0069233899547513755,True,0.0,True,0.0,True,-1.7000000000000455,True,0,0,0.2179206061461307,0.12512076245888648,True
PVRINOX,2026-08-31,fyers_1m_agg,7,True,0.0,True,0.0,True,-0.0069233899547513755,True,0.0,True,0.0,True,-1.7000000000000455,True,0,0,0.2179206061461307,0.12512076245888648,True
PVRINOX,2026-08-31,yahoo_1h,7,True,-3.400000000000091,False,1.099999999999909,False,-0.2231169538162189,False,-1.0,False,1.699951171875,False,-4.8828125045474735e-05,True,0,1,0.0,0.15998487534299322,False
RELIANCE,2026-08-31,fyers_60m,7,True,0.0,True,0.0,True,0.0029655757998369825,True,0.0,True,0.0,True,0.0,True,0,0,0.06064349648530146,0.7693483690283364,True
RELIANCE,2026-08-31,fyers_1m_agg,7,True,0.0,True,0.0,True,0.0029655757998369825,True,0.0,True,0.0,True,0.0,True,0,0,0.06064349648530146,0.7693483690283364,True
RELIANCE,2026-08-31,yahoo_1h,7,True,-0.09999999999990905,False,0.0999755859375,False,-0.06564506342308253,False,-0.5000488281250455,False,0.0,True,0.0,True,0,1,0.0,0.8174773331265935,False
SAMMAANCAP,2026-08-31,fyers_60m,7,True,0.0,True,0.0,True,-0.0019419070539289495,True,0.0,True,0.2699999999999818,False,-0.46000000000000796,True,0,0,0.29142013369911157,0.11352975734220548,False
SAMMAANCAP,2026-08-31,fyers_1m_agg,7,True,0.0,True,0.0,True,-0.0019419070539289495,True,0.0,True,0.2699999999999818,False,-0.46000000000000796,True,0,0,0.29142013369911157,0.11352975734220548,False
SAMMAANCAP,2026-08-31,yahoo_1h,7,True,-0.09999999999999432,False,0.17999328613279886,False,-0.29283276686244397,False,0.23999450683592727,False,0.2700061035156125,False,-0.4599938964843773,True,0,1,0.0,0.1602298406882651,False
TCS,2026-08-31,fyers_60m,7,True,0.0,True,0.0,True,-0.008842863661735686,True,0.0,True,0.0,True,0.0,True,0,0,0.1509654011075812,0.42119959029911636,True
TCS,2026-08-31,fyers_1m_agg,7,True,0.0,True,0.0,True,-0.008842863661735686,True,0.0,True,0.0,True,0.0,True,0,0,0.1509654011075812,0.42119959029911636,True
TCS,2026-08-31,yahoo_1h,6,True,4.882812481810106e-05,True,-4.882812481810106e-05,True,-0.1584533385458142,False,-1.0,False,4.882812481810106e-05,True,4.882812481810106e-05,False,0,1,0.0,0.0,False
TMCV,2026-08-31,fyers_60m,7,True,0.0,True,0.0,True,-0.0012761476527067728,True,0.0,True,0.0,True,-0.75,True,0,0,0.11553752758371257,0.19124698655706868,True
TMCV,2026-08-31,fyers_1m_agg,7,True,0.0,True,0.0,True,-0.0012761476527067728,True,0.0,True,0.0,True,-0.75,True,0,0,0.11553752758371257,0.19124698655706868,True
TMCV,2026-08-31,yahoo_1h,7,True,-6.1035156022626325e-06,True,0.29998779296875,False,-0.11645570744741271,False,-0.6500122070312386,False,0.7500061035156023,False,6.1035156022626325e-06,True,0,1,0.0,0.2161744043819186,False
TMPV,2026-08-31,fyers_60m,7,True,0.0,True,0.0,True,-0.005109772947714226,True,0.0,True,0.0,True,0.0,True,0,0,0.105993368381353,0.4557098441882649,True
TMPV,2026-08-31,fyers_1m_agg,7,True,0.0,True,0.0,True,-0.005109772947714226,True,0.0,True,0.0,True,0.0,True,0,0,0.105993368381353,0.4557098441882649,True
TMPV,2026-08-31,yahoo_1h,7,True,-0.10001220703122726,False,6.1035156022626325e-06,True,-0.11053900809500511,False,-1.1999877929687273,False,6.1035156022626325e-06,True,6.1035156022626325e-06,True,0,1,0.0,0.5096631524859896,False
VEDL,2026-08-31,fyers_60m,7,True,0.0,True,0.0,True,-0.0062458542891627835,True,0.0,True,0.0,True,0.0,True,0,0,0.2890945373899022,0.12875979848228894,True
VEDL,2026-08-31,fyers_1m_agg,7,True,0.0,True,0.0,True,-0.0062458542891627835,True,0.0,True,0.0,True,0.0,True,0,0,0.2890945373899022,0.12875979848228894,True
VEDL,2026-08-31,yahoo_1h,7,True,-1.850006103515625,False,0.149993896484375,False,-0.2935269484555903,False,-1.850006103515625,False,1.2207031261368684e-05,True,1.2207031261368684e-05,True,0,1,0.0,0.18114865896751295,False
VIJAYA,2026-08-31,fyers_60m,7,True,0.0,True,0.0,True,-0.0009261513070013477,True,0.0,True,0.0,True,4.599999999999909,True,0,0,0.06566319830285887,0.11409649221846532,True
VIJAYA,2026-08-31,fyers_1m_agg,7,True,0.0,True,0.0,True,-0.0009261513070013477,True,0.0,True,0.0,True,4.599999999999909,True,0,0,0.06566319830285887,0.11409649221846532,True
VIJAYA,2026-08-31,yahoo_1h,7,True,0.0,True,0.30002441406259095,False,-0.06655525145601672,False,0.0,True,-4.5999755859375,False,2.441406240905053e-05,True,0,1,0.0,0.12205802383155726,False
ZFCVINDIA,2026-08-31,fyers_60m,7,True,0.0,True,0.0,True,-0.0008448562336309105,True,0.0,True,0.0,True,3.400000000000091,True,0,0,0.1388990670537501,0.1265396431691987,True
ZFCVINDIA,2026-08-31,fyers_1m_agg,7,True,0.0,True,0.0,True,-0.0008448562336309105,True,0.0,True,0.0,True,3.400000000000091,True,0,0,0.1388990670537501,0.1265396431691987,True
ZFCVINDIA,2026-08-31,yahoo_1h,7,True,-1.000048828124818,False,2.199999999999818,False,-0.13985186854037004,False,9.299951171874909,False,-7.89990234375,False,-4.499902343749909,True,0,1,0.0,0.14698949022689323,False
ACC,2026-09-01,fyers_60m,7,True,0.0,True,0.0,True,-0.005682683038205896,True,0.0,True,0.0,True,0.7999999999999545,True,0,0,0.16070827167423585,0.02827983875082921,True
ACC,2026-09-01,fyers_1m_agg,7,True,0.0,True,0.0,True,-0.005682683038205896,True,0.0,True,0.0,True,0.7999999999999545,True,0,0,0.16070827167423585,0.02827983875082921,True
ACC,2026-09-01,yahoo_1h,7,True,-0.49997558593759095,False,0.500024414062409,False,-0.16547770054289918,False,2.441406240905053e-05,True,-0.09999999999990905,False,0.7000000000000455,True,0,1,0.0,0.03369488557601109,False
APTUS,2026-09-01,fyers_60m,7,True,0.0,True,0.0,True,-0.002392903877734918,True,0.0,True,0.4900000000000091,False,0.12999999999999545,True,0,0,0.13891847215997172,0.04271093329166547,False
APTUS,2026-09-01,fyers_1m_agg,7,True,0.0,True,0.0,True,-0.002392903877734918,True,0.0,True,0.4900000000000091,False,0.12999999999999545,True,0,0,0.13891847215997172,0.04271093329166547,False
APTUS,2026-09-01,yahoo_1h,7,True,-0.12000305175780568,False,0.8200012207031193,False,-0.1409844269815637,False,0.0,True,0.4900054931640625,False,0.13000549316404886,True,0,1,0.0,0.04960022157736982,False
ASTERDM,2026-09-01,fyers_60m,7,True,0.0,True,0.0,True,-0.000830126886393569,True,0.0,True,0.0,True,0.4500000000000455,True,0,0,0.1490110385827904,0.08587518714065631,True
ASTERDM,2026-09-01,fyers_1m_agg,7,True,0.0,True,0.0,True,-0.000830126886393569,True,0.0,True,0.0,True,0.4500000000000455,True,0,0,0.1490110385827904,0.08587518714065631,True
ASTERDM,2026-09-01,yahoo_1h,7,True,-1.5000122070312045,False,1.2499755859374773,False,-0.14973814303820238,False,0.0,True,-0.45001220703125,False,-1.2207031204525265e-05,True,0,1,0.0,0.10085388405997979,False
BOSCHLTD,2026-09-01,fyers_60m,7,True,0.0,True,0.0,True,-0.0024809267100673396,True,0.0,True,0.0,True,0.0,True,0,0,0.0705550153339816,0.01851297778442666,True
BOSCHLTD,2026-09-01,fyers_1m_agg,7,True,0.0,True,0.0,True,-0.0024809267100673396,True,0.0,True,0.0,True,0.0,True,0,0,0.0705550153339816,0.01851297778442666,True
BOSCHLTD,2026-09-01,yahoo_1h,6,True,0.0,True,0.0,True,-0.0728982073905501,False,0.0,True,0.0,True,0.0,False,0,1,0.0,0.0,False
BRIGADE,2026-09-01,fyers_60m,7,True,0.0,True,0.0,True,-0.008007610916469489,True,0.0,True,0.0,True,-3.7000000000000455,True,0,0,0.2579651983735176,0.06531055691803533,True
BRIGADE,2026-09-01,fyers_1m_agg,7,True,0.0,True,0.0,True,-0.008007610916469489,True,0.0,True,0.0,True,-3.7000000000000455,True,0,0,0.2579651983735176,0.06531055691803533,True
BRIGADE,2026-09-01,yahoo_1h,7,True,-0.8500000000000227,False,0.049999999999954525,True,-0.2639422300546947,False,0.39998779296877274,False,3.6999755859375227,False,-2.4414062522737368e-05,True,0,1,0.0,0.0880292270197311,False
CANBK,2026-09-01,fyers_60m,7,True,0.0,True,0.0,True,-0.003869347433274945,True,0.0,True,0.0,True,0.0,True,0,0,0.16921995078115507,0.01596577471324968,True
CANBK,2026-09-01,fyers_1m_agg,7,True,0.0,True,0.0,True,-0.003869347433274945,True,0.0,True,0.0,True,0.0,True,0,0,0.16921995078115507,0.01596577471324968,True
CANBK,2026-09-01,yahoo_1h,6,True,-0.010002441406243179,True,0.2000006103515659,False,-0.17243544202741773,False,-2.7465820267025265e-06,True,-1.5258789005656581e-06,True,-1.5258789005656581e-06,False,0,1,0.0,0.0,False
COFORGE,2026-09-01,fyers_60m,7,True,0.0,True,0.0,True,-0.0024346096914490962,True,0.0,True,0.0,True,0.0,True,0,0,0.19083113334237062,0.008382721383131961,True
COFORGE,2026-09-01,fyers_1m_agg,7,True,0.0,True,0.0,True,-0.0024346096914490962,True,0.0,True,0.0,True,0.0,True,0,0,0.19083113334237062,0.008382721383131961,True
COFORGE,2026-09-01,yahoo_1h,7,True,-4.8828125045474735e-05,True,0.10004882812495453,False,-0.19281525033673497,False,2.2999755859375455,False,2.441406240905053e-05,True,2.441406240905053e-05,True,0,1,0.0,0.010360452383922497,False
CUB,2026-09-01,fyers_60m,7,True,0.0,True,0.0,True,-0.001022979888701706,True,0.0,True,0.0,True,-0.9900000000000091,True,0,0,0.08894914282697398,0.09229514480029237,True
CUB,2026-09-01,fyers_1m_agg,7,True,0.0,True,0.0,True,-0.001022979888701706,True,0.0,True,0.0,True,-0.9900000000000091,True,0,0,0.08894914282697398,0.09229514480029237,True
CUB,2026-09-01,yahoo_1h,7,True,5.493164053405053e-06,True,0.1899987792968716,False,-0.08988284191827052,False,0.040003051757821595,True,0.9900054931640625,False,5.493164053405053e-06,True,0,1,0.0,0.10130606310104566,False
DABUR,2026-09-01,fyers_60m,7,True,0.0,True,0.0,True,-0.0035635567881813243,True,0.0,True,0.0,True,0.0,True,0,0,0.1758309683213116,0.008126910478778214,True
DABUR,2026-09-01,fyers_1m_agg,7,True,0.0,True,0.0,True,-0.0035635567881813243,True,0.0,True,0.0,True,0.0,True,0,0,0.1758309683213116,0.008126910478778214,True
DABUR,2026-09-01,yahoo_1h,7,True,-0.05000000000001137,False,0.0,True,-0.1787700925090738,False,-0.25,False,0.0,True,0.0,True,0,1,0.0,0.009865997059409017,False
GRASIM,2026-09-01,fyers_60m,7,True,0.0,True,0.0,True,-0.0021342461603115733,True,0.0,True,0.0,True,0.0,True,0,0,0.14910462543875005,0.06817750538987695,True
GRASIM,2026-09-01,fyers_1m_agg,7,True,0.0,True,0.0,True,-0.0021342461603115733,True,0.0,True,0.0,True,0.0,True,0,0,0.14910462543875005,0.06817750538987695,True
GRASIM,2026-09-01,yahoo_1h,7,True,-0.39990234375,False,9.765625009094947e-05,True,-0.15092186728824905,False,-0.39990234375,False,0.0,True,0.0,True,0,1,0.0,0.08015475858179212,False
HDFCBANK,2026-09-01,fyers_60m,7,True,0.0,True,0.0,True,-0.014821951873841718,False,0.0,True,0.0,True,0.0,True,0,0,0.3195161405912382,0.021179789803838975,False
HDFCBANK,2026-09-01,fyers_1m_agg,7,True,0.0,True,0.0,True,-0.014821951873841718,False,0.0,True,0.0,True,0.0,True,0,0,0.3195161405912382,0.021179789803838975,False
HDFCBANK,2026-09-01,yahoo_1h,7,True,-0.049975585937545475,True,0.1500244140625,False,-0.32960352289609596,False,1.9000122070312955,False,2.4414062522737368e-05,True,2.4414062522737368e-05,True,0,1,0.0,0.031132151318353705,False
INDIANB,2026-09-01,fyers_60m,7,True,0.0,True,0.0,True,-0.011926084105811946,False,0.0,True,0.0,True,0.0,True,0,0,0.35705311142539653,0.02349164056975452,False
INDIANB,2026-09-01,fyers_1m_agg,7,True,0.0,True,0.0,True,-0.011926084105811946,False,0.0,True,0.0,True,0.0,True,0,0,0.35705311142539653,0.02349164056975452,False
INDIANB,2026-09-01,yahoo_1h,6,True,0.0,True,0.3500244140625455,False,-0.3647639955407413,False,-8.70001220703125,False,0.0,True,0.0,False,0,1,0.0,0.0,False
LATENTVIEW,2026-09-01,fyers_60m,7,True,0.0,True,0.0,True,-0.0012166690456284878,True,0.0,True,0.0,True,0.6999999999999886,True,0,0,0.3782053027003484,0.03286512775842044,True
LATENTVIEW,2026-09-01,fyers_1m_agg,7,True,0.0,True,0.0,True,-0.0012166690456284878,True,0.0,True,0.0,True,0.6999999999999886,True,0,0,0.3782053027003484,0.03286512775842044,True
LATENTVIEW,2026-09-01,yahoo_1h,7,True,-0.35001220703122726,False,1.2499877929687386,False,-0.37895728970543924,False,1.2499877929687386,False,0.0,True,0.6999999999999886,True,0,1,0.0,0.053945693136671906,False
NATCOPHARM,2026-09-01,fyers_60m,7,True,-6.9500000000000455,False,-6.819999999999936,False,-0.012417678001905314,False,-6.850000000000023,False,-6.909999999999968,False,-8.110000000000014,True,0,0,0.22923516977586902,0.06966346799087371,False
NATCOPHARM,2026-09-01,fyers_1m_agg,7,True,-6.9500000000000455,False,-6.819999999999936,False,-0.012417678001905314,False,-6.850000000000023,False,-6.909999999999968,False,-8.110000000000014,True,0,0,0.22923516977586902,0.06966346799087371,False
NATCOPHARM,2026-09-01,yahoo_1h,7,True,-0.45001220703125,False,0.25002441406252274,False,-0.23253945242927557,False,3.9000244140625,False,0.0,True,-1.2000000000000455,True,0,1,0.0,0.0903674280039722,False
POONAWALLA,2026-09-01,fyers_60m,7,True,0.0,True,0.0,True,-0.0022440484776661894,True,0.0,True,1.3999999999999773,False,1.0500000000000114,True,0,0,0.1008621532968988,0.049428160096127625,False
POONAWALLA,2026-09-01,fyers_1m_agg,7,True,0.0,True,0.0,True,-0.0022440484776661894,True,0.0,True,1.3999999999999773,False,1.0500000000000114,True,0,0,0.1008621532968988,0.049428160096127625,False
POONAWALLA,2026-09-01,yahoo_1h,7,True,-0.20001220703125,False,0.8000122070312727,False,-0.10284012925304627,False,-0.6499877929687727,False,1.3999999999999773,False,1.0500000000000114,True,0,1,0.0,0.055027207923994965,False
PREMIERENE,2026-09-01,fyers_60m,7,True,0.0,True,0.0,True,-0.009286672982788569,True,0.0,True,0.0,True,0.0,True,0,0,0.3414844551585365,0.013025590962973293,True
PREMIERENE,2026-09-01,fyers_1m_agg,7,True,0.0,True,0.0,True,-0.009286672982788569,True,0.0,True,0.0,True,0.0,True,0,0,0.3414844551585365,0.013025590962973293,True
PREMIERENE,2026-09-01,yahoo_1h,7,True,-0.20002441406245453,False,0.19998779296872726,False,-0.34764527080372654,False,-5.199975585937523,False,2.4414062522737368e-05,True,2.4414062522737368e-05,True,0,1,0.0,0.020017609202775115,False
PVRINOX,2026-09-01,fyers_60m,7,True,0.0,True,0.0,True,-0.022722041680331536,False,0.0,True,0.0,True,-1.7999999999999545,True,0,0,0.45720171036960383,0.0495697229435539,False
PVRINOX,2026-09-01,fyers_1m_agg,7,True,0.0,True,0.0,True,-0.022722041680331536,False,0.0,True,0.0,True,-1.7999999999999545,True,0,0,0.45720171036960383,0.0495697229435539,False
PVRINOX,2026-09-01,yahoo_1h,7,True,-3.199951171875,False,5.0999755859375,False,-0.44616558838436543,False,-3.199951171875,False,1.799951171874909,False,-4.8828125045474735e-05,True,0,0,0.04219817228103117,0.08744756720441685,False
RELIANCE,2026-09-01,fyers_60m,7,True,0.0,True,0.0,True,-0.009227322499304143,True,0.0,True,0.0,True,0.0,True,0,0,0.40818225465242985,0.04829070269165071,True
RELIANCE,2026-09-01,fyers_1m_agg,7,True,0.0,True,0.0,True,-0.009227322499304143,True,0.0,True,0.0,True,0.0,True,0,0,0.40818225465242985,0.04829070269165071,True
RELIANCE,2026-09-01,yahoo_1h,6,True,-0.10004882812495453,False,0.0,True,-0.41364322710439,False,0.0,True,0.0,True,0.0,False,0,1,0.0,0.0,False
SAMMAANCAP,2026-09-01,fyers_60m,7,True,0.0,True,0.0,True,-0.003314615231588483,True,0.0,True,0.0,True,0.22000000000002728,True,0,0,0.4573932449671685,0.0459183446198191,True
SAMMAANCAP,2026-09-01,fyers_1m_agg,7,True,0.0,True,0.0,True,-0.003314615231588483,True,0.0,True,0.0,True,0.22000000000002728,True,0,0,0.4573932449671685,0.0459183446198191,True
SAMMAANCAP,2026-09-01,yahoo_1h,7,True,-0.06999511718748863,False,3.662109378410605e-06,True,-0.4591287672776731,False,0.279998779296875,False,6.103515488575795e-07,True,0.22000061035157614,True,0,1,0.0,0.08473746322742452,False
TCS,2026-09-01,fyers_60m,7,True,0.0,True,0.0,True,-0.014081972073543503,False,0.0,True,0.0,True,0.0,True,0,0,0.31031290880430495,0.0316442464214592,False
TCS,2026-09-01,fyers_1m_agg,7,True,0.0,True,0.0,True,-0.014081972073543503,False,0.0,True,0.0,True,0.0,True,0,0,0.31031290880430495,0.0316442464214592,False
TCS,2026-09-01,yahoo_1h,7,True,-0.800048828125,False,0.699951171875,False,-0.3200254365702601,False,-6.199951171875,False,0.0,True,0.0,True,0,1,0.0,0.04581506264432357,False
TMCV,2026-09-01,fyers_60m,7,True,0.0,True,0.0,True,-0.00100546157736894,True,0.0,True,0.0,True,-0.30000000000001137,True,0,0,0.1656368382956366,0.07793589731787755,True
TMCV,2026-09-01,fyers_1m_agg,7,True,0.0,True,0.0,True,-0.00100546157736894,True,0.0,True,0.0,True,-0.30000000000001137,True,0,0,0.1656368382956366,0.07793589731787755,True
TMCV,2026-09-01,yahoo_1h,7,True,-0.19999389648438637,False,0.35000000000002274,False,-0.166352573458244,False,0.0,True,-0.5500000000000114,False,-0.8500000000000227,True,0,1,0.0,0.09345717006013746,False
TMPV,2026-09-01,fyers_60m,7,True,0.0,True,0.0,True,-0.004678749199559753,True,0.0,True,0.0,True,0.0,True,0,0,0.20176794441582938,0.03080865998020303,True
TMPV,2026-09-01,fyers_1m_agg,7,True,0.0,True,0.0,True,-0.004678749199559753,True,0.0,True,0.0,True,0.0,True,0,0,0.20176794441582938,0.03080865998020303,True
TMPV,2026-09-01,yahoo_1h,7,True,-0.09998779296876137,False,0.34998779296876137,False,-0.2055043477367147,False,-1.1999999999999886,False,0.0,True,0.0,True,0,1,0.0,0.03859606051248997,False
VEDL,2026-09-01,fyers_60m,7,True,0.0,True,0.0,True,-0.011171203592371176,False,0.0,True,0.0,True,0.0,True,0,0,0.33677852174524936,0.011366432540267694,False
VEDL,2026-09-01,fyers_1m_agg,7,True,0.0,True,0.0,True,-0.011171203592371176,False,0.0,True,0.0,True,0.0,True,0,0,0.33677852174524936,0.011366432540267694,False
VEDL,2026-09-01,yahoo_1h,7,True,-0.15001220703123863,False,0.20001220703125,False,-0.34418765163773557,False,0.0,True,0.0,True,0.0,True,0,1,0.0,0.01713596658497779,False
VIJAYA,2026-09-01,fyers_60m,7,True,0.0,True,0.0,True,-0.009319414366890629,True,0.0,True,0.0,True,0.0,True,0,0,0.23025400057918485,0.05409773277158631,True
VIJAYA,2026-09-01,fyers_1m_agg,7,True,0.0,True,0.0,True,-0.009319414366890629,True,0.0,True,0.0,True,0.0,True,0,0,0.23025400057918485,0.05409773277158631,True
VIJAYA,2026-09-01,yahoo_1h,7,True,-3.5,False,0.300048828125,False,-0.23460491976234105,False,-0.40000000000009095,False,0.0,True,0.0,True,0,1,0.0,0.07367237376668602,False
ZFCVINDIA,2026-09-01,fyers_60m,7,True,0.0,True,0.0,True,-4.044216770018873e-05,True,0.0,True,0.0,True,0.6999999999998181,True,0,0,0.0675815953732289,0.03630505412729013,True
ZFCVINDIA,2026-09-01,fyers_1m_agg,7,True,0.0,True,0.0,True,-4.044216770018873e-05,True,0.0,True,0.0,True,0.6999999999998181,True,0,0,0.0675815953732289,0.03630505412729013,True
ZFCVINDIA,2026-09-01,yahoo_1h,7,True,-0.6999023437501819,False,9.765625009094947e-05,True,-0.06763278511728228,False,-10.0,False,-0.699951171875,False,4.882812481810106e-05,True,0,1,0.0,0.03892254529155763,False
ACC,2026-09-02,fyers_60m,7,True,0.0,True,0.0,True,-0.0023697491617097706,True,0.0,True,0.0,True,0.40000000000009095,True,0,0,0.23717501129502608,0.04304431757506058,True
ACC,2026-09-02,fyers_1m_agg,7,True,0.0,True,0.0,True,-0.0023697491617097706,True,0.0,True,0.0,True,0.40000000000009095,True,0,0,0.23717501129502608,0.04304431757506058,True
ACC,2026-09-02,yahoo_1h,7,True,-0.20000000000004547,False,0.500024414062409,False,-0.23891442268949456,False,-2.4000244140625,False,0.0,True,0.40000000000009095,True,0,1,0.0,0.05430481403382834,False
APTUS,2026-09-02,fyers_60m,7,True,0.0,True,0.0,True,-0.002151901989866342,True,0.0,True,0.0,True,0.6200000000000045,True,0,0,0.2077734341438268,0.09477403557006615,True
APTUS,2026-09-02,fyers_1m_agg,7,True,0.0,True,0.0,True,-0.002151901989866342,True,0.0,True,0.0,True,0.6200000000000045,True,0,0,0.2077734341438268,0.09477403557006615,True
APTUS,2026-09-02,yahoo_1h,7,True,-1.3899987792968886,False,-3.0517578011313162e-06,True,-0.20951895131214582,False,0.100006103515625,False,-0.6200012207031307,False,-1.2207031261368684e-06,True,0,1,0.0,0.11960087850112525,False
ASTERDM,2026-09-02,fyers_60m,7,True,0.0,True,0.0,True,-0.005294871744610451,True,0.0,True,0.0,True,0.10000000000002274,True,0,0,0.21409675934392322,0.11424431986580821,True
ASTERDM,2026-09-02,fyers_1m_agg,7,True,0.0,True,0.0,True,-0.005294871744610451,True,0.0,True,0.0,True,0.10000000000002274,True,0,0,0.21409675934392322,0.11424431986580821,True
ASTERDM,2026-09-02,yahoo_1h,7,True,-0.5999755859375,False,0.049975585937545475,True,-0.2182525276681159,False,3.8499877929687045,False,0.0,True,0.10000000000002274,True,0,1,0.0,0.14528564364727606,False
BOSCHLTD,2026-09-02,fyers_60m,7,True,0.0,True,0.0,True,-0.002695152659741895,True,0.0,True,0.0,True,0.0,True,0,0,0.23112733011145084,0.008521550448762205,True
BOSCHLTD,2026-09-02,fyers_1m_agg,7,True,0.0,True,0.0,True,-0.002695152659741895,True,0.0,True,0.0,True,0.0,True,0,0,0.23112733011145084,0.008521550448762205,True
BOSCHLTD,2026-09-02,yahoo_1h,6,True,-240.0,False,10.0,False,-0.2332192319798552,False,70.0,False,0.0,True,0.0,False,0,1,0.0,0.0,False
BRIGADE,2026-09-02,fyers_60m,7,True,0.0,True,0.0,True,-0.0010246377035742456,True,0.0,True,0.0,True,2.0499999999999545,True,0,0,0.3415001374035756,0.21647836571026036,True
BRIGADE,2026-09-02,fyers_1m_agg,7,True,0.0,True,0.0,True,-0.0010246377035742456,True,0.0,True,0.0,True,2.0499999999999545,True,0,0,0.3415001374035756,0.21647836571026036,True
BRIGADE,2026-09-02,yahoo_1h,7,True,0.0,True,0.05002441406247726,False,-0.3421941939774502,False,1.0999877929687045,False,-2.0499999999999545,False,0.0,True,0,1,0.0,0.32874264520035035,False
CANBK,2026-09-02,fyers_60m,7,True,0.0,True,0.0,True,-0.004861721438907511,True,0.0,True,0.0,True,0.0,True,0,0,0.26544746405593694,0.01891595336483942,True
CANBK,2026-09-02,fyers_1m_agg,7,True,0.0,True,0.0,True,-0.004861721438907511,True,0.0,True,0.0,True,0.0,True,0,0,0.26544746405593694,0.01891595336483942,True
CANBK,2026-09-02,yahoo_1h,7,True,-0.009996643066401134,True,0.1300021362304733,False,-0.2690040677211368,False,-0.15999755859374432,False,3.051757815342171e-06,True,3.051757815342171e-06,True,0,1,0.0,0.025882766977970074,False
COFORGE,2026-09-02,fyers_60m,7,True,0.0,True,0.0,True,-0.005101317670234105,True,0.0,True,0.0,True,0.0,True,0,0,0.2974291395573735,0.01406343001124012,True
COFORGE,2026-09-02,fyers_1m_agg,7,True,0.0,True,0.0,True,-0.005101317670234105,True,0.0,True,0.0,True,0.0,True,0,0,0.2974291395573735,0.01406343001124012,True
COFORGE,2026-09-02,yahoo_1h,7,True,0.0,True,0.5,False,-0.30100116512317876,False,0.9000244140625,False,-4.8828125045474735e-05,True,-4.8828125045474735e-05,True,0,1,0.0,0.0201327462141553,False
CUB,2026-09-02,fyers_60m,7,True,0.0,True,0.0,True,-0.004613436161419983,True,0.0,True,0.0,True,-0.5500000000000114,True,0,0,0.19590858636679565,0.06746015458716693,True
CUB,2026-09-02,fyers_1m_agg,7,True,0.0,True,0.0,True,-0.004613436161419983,True,0.0,True,0.0,True,-0.5500000000000114,True,0,0,0.19590858636679565,0.06746015458716693,True
CUB,2026-09-02,yahoo_1h,7,True,-0.11000671386719318,False,0.060006713867181816,False,-0.1996438010655439,False,-0.7500061035156307,False,-0.039995727539064774,True,-0.5899957275390761,True,0,1,0.0,0.08398855904940711,False
DABUR,2026-09-02,fyers_60m,7,True,0.0,True,0.0,True,-0.0025326373534909656,True,0.0,True,0.0,True,0.0,True,0,0,0.19397110971132298,0.05137236399956835,True
DABUR,2026-09-02,fyers_1m_agg,7,True,0.0,True,0.0,True,-0.0025326373534909656,True,0.0,True,0.0,True,0.0,True,0,0,0.19397110971132298,0.05137236399956835,True
DABUR,2026-09-02,yahoo_1h,7,True,-1.0500061035156136,False,0.04999389648435226,True,-0.196018746648026,False,-1.0500061035156136,False,0.0,True,0.0,True,0,1,0.0,0.06373174397705947,False
GRASIM,2026-09-02,fyers_60m,7,True,0.0,True,0.0,True,-0.00029006486402864185,True,0.0,True,0.0,True,0.0,True,0,0,0.25750035232381735,0.03970712449419656,True
GRASIM,2026-09-02,fyers_1m_agg,7,True,0.0,True,0.0,True,-0.00029006486402864185,True,0.0,True,0.0,True,0.0,True,0,0,0.25750035232381735,0.03970712449419656,True
GRASIM,2026-09-02,yahoo_1h,6,True,-3.400097656250182,False,0.0,True,-0.2575674700082139,False,-8.300048828125,False,-9.765625009094947e-05,True,-9.765625009094947e-05,False,0,1,0.0,0.0,False
HDFCBANK,2026-09-02,fyers_60m,7,True,0.0,True,0.0,True,-0.06705852054722747,False,0.0,True,0.0,True,0.0,True,0,0,0.3314633985237451,0.03497378765910906,False
HDFCBANK,2026-09-02,fyers_1m_agg,7,True,0.0,True,0.0,True,-0.06705852054722747,False,0.0,True,0.0,True,0.0,True,0,0,0.3314633985237451,0.03497378765910906,False
HDFCBANK,2026-09-02,yahoo_1h,7,True,-0.6499999999999773,False,0.04998779296875,True,-0.3762947716472851,False,1.7000000000000455,False,-1.2207031204525265e-05,True,-1.2207031204525265e-05,True,0,1,0.0,0.052359705336937644,False
INDIANB,2026-09-02,fyers_60m,7,True,0.0,True,0.0,True,-0.0026151628275349614,True,0.0,True,0.0,True,0.0,True,0,0,0.16750702904296833,0.03192261751411106,True
INDIANB,2026-09-02,fyers_1m_agg,7,True,0.0,True,0.0,True,-0.0026151628275349614,True,0.0,True,0.0,True,0.0,True,0,0,0.16750702904296833,0.03192261751411106,True
INDIANB,2026-09-02,yahoo_1h,7,True,2.4414062522737368e-05,True,0.0,True,-0.16968524607669958,False,-0.95001220703125,False,-1.2207031204525265e-05,True,-1.2207031204525265e-05,True,0,1,0.0,0.03834452195278139,False
LATENTVIEW,2026-09-02,fyers_60m,7,True,0.0,True,0.0,True,-0.004956389724049653,True,0.0,True,0.0,True,0.75,True,0,0,0.4712847590983202,0.10977517837643785,True
LATENTVIEW,2026-09-02,fyers_1m_agg,7,True,0.0,True,0.0,True,-0.004956389724049653,True,0.0,True,0.0,True,0.75,True,0,0,0.4712847590983202,0.10977517837643785,True
LATENTVIEW,2026-09-02,yahoo_1h,7,True,-1.2207031261368684e-05,True,0.19999389648438637,False,-0.47391420831720893,False,0.04998779296875,True,-0.75,False,0.0,True,0,1,0.0,0.20760151192793444,False
NATCOPHARM,2026-09-02,fyers_60m,7,True,-6.980000000000018,False,-6.789999999999964,False,-0.009828784145348407,True,-6.909999999999968,False,-6.860000000000014,False,-8.259999999999991,True,0,0,0.2187556072011415,0.04874526859027487,False
NATCOPHARM,2026-09-02,fyers_1m_agg,7,True,-6.980000000000018,False,-6.789999999999964,False,-0.009828784145348407,True,-6.909999999999968,False,-6.860000000000014,False,-8.259999999999991,True,0,0,0.2187556072011415,0.04874526859027487,False
NATCOPHARM,2026-09-02,yahoo_1h,7,True,-0.05001220703127274,False,0.1500244140625,False,-0.22007423936378345,False,0.0,True,1.3999999999999773,False,0.0,True,0,1,0.0,0.06238728660727603,False
POONAWALLA,2026-09-02,fyers_60m,7,True,0.0,True,0.0,True,-0.001560599405325044,True,0.0,True,0.0,True,0.35000000000002274,True,0,0,0.2672711544277988,0.05820891418515769,True
POONAWALLA,2026-09-02,fyers_1m_agg,7,True,0.0,True,0.0,True,-0.001560599405325044,True,0.0,True,0.0,True,0.35000000000002274,True,0,0,0.2672711544277988,0.05820891418515769,True
POONAWALLA,2026-09-02,yahoo_1h,7,True,-0.05000610351561363,False,0.19998779296872726,False,-0.2684885626436005,False,-1.0,False,0.149993896484375,False,0.49999389648439774,True,0,1,0.0,0.07952147391576717,False
PREMIERENE,2026-09-02,fyers_60m,7,True,0.0,True,0.0,True,-0.000891808413451081,True,0.0,True,0.0,True,0.0,True,0,0,0.11762543027646548,0.050876034417279274,True
PREMIERENE,2026-09-02,fyers_1m_agg,7,True,0.0,True,0.0,True,-0.000891808413451081,True,0.0,True,0.0,True,0.0,True,0,0,0.11762543027646548,0.050876034417279274,True
PREMIERENE,2026-09-02,yahoo_1h,7,True,-0.6000122070312273,False,0.20001220703125,False,-0.11826732984343807,False,-0.6000122070312273,False,0.0,True,0.0,True,0,1,0.0,0.0575430815912025,False
PVRINOX,2026-09-02,fyers_60m,7,True,0.0,True,0.0,True,-0.008421876353000414,True,0.0,True,0.0,True,2.0,True,0,0,0.22289209233426374,0.06439593636090186,True
PVRINOX,2026-09-02,fyers_1m_agg,7,True,0.0,True,0.0,True,-0.008421876353000414,True,0.0,True,0.0,True,2.0,True,0,0,0.22289209233426374,0.06439593636090186,True
PVRINOX,2026-09-02,yahoo_1h,7,True,-1.8999511718750455,False,0.300048828125,False,-0.2294303848213799,False,-1.8999511718750455,False,0.0,True,2.0,True,0,1,0.0,0.08294037100083657,False
RELIANCE,2026-09-02,fyers_60m,7,True,0.0,True,0.0,True,-0.008575149166448175,True,0.0,True,0.0,True,0.0,True,0,0,0.18021490655984732,0.03238095380431838,True
RELIANCE,2026-09-02,fyers_1m_agg,7,True,0.0,True,0.0,True,-0.008575149166448175,True,0.0,True,0.0,True,0.0,True,0,0,0.18021490655984732,0.03238095380431838,True
RELIANCE,2026-09-02,yahoo_1h,7,True,-0.20004882812509095,False,0.49997558593759095,False,-0.18724483419237195,False,1.0,False,-2.441406240905053e-05,True,-2.441406240905053e-05,True,0,1,0.0,0.03954782123597595,False
SAMMAANCAP,2026-09-02,fyers_60m,7,True,0.0,True,0.0,True,-0.001153948856287787,True,0.0,True,0.0,True,0.3100000000000023,True,0,0,0.12618537142240008,0.17234569398869284,True
SAMMAANCAP,2026-09-02,fyers_1m_agg,7,True,0.0,True,0.0,True,-0.001153948856287787,True,0.0,True,0.0,True,0.3100000000000023,True,0,0,0.12618537142240008,0.17234569398869284,True
SAMMAANCAP,2026-09-02,yahoo_1h,7,True,-6.103515630684342e-06,True,0.19000244140625,False,-0.12719513320740428,False,-0.4000000000000057,False,-0.31000244140625455,False,-2.4414062522737368e-06,True,0,1,0.0,0.19723239183012686,False
TCS,2026-09-02,fyers_60m,7,True,0.0,True,0.0,True,-0.008761135489270648,True,0.0,True,0.0,True,0.0,True,0,0,0.34268979808532135,0.03902520816962474,True
TCS,2026-09-02,fyers_1m_agg,7,True,0.0,True,0.0,True,-0.008761135489270648,True,0.0,True,0.0,True,0.0,True,0,0,0.34268979808532135,0.03902520816962474,True
TCS,2026-09-02,yahoo_1h,6,True,0.0,True,0.5,False,-0.34845055576281925,False,-4.799902343750091,False,0.0,True,0.0,False,0,1,0.0,0.0,False
TMCV,2026-09-02,fyers_60m,7,True,0.0,True,0.0,True,-0.003642585448223138,True,0.0,True,0.0,True,-1.4499999999999886,True,0,0,0.19973866971211796,0.07790133931118298,True
TMCV,2026-09-02,fyers_1m_agg,7,True,0.0,True,0.0,True,-0.003642585448223138,True,0.0,True,0.0,True,-1.4499999999999886,True,0,0,0.19973866971211796,0.07790133931118298,True
TMCV,2026-09-02,yahoo_1h,7,True,-1.0000061035156023,False,0.19998779296872726,False,-0.20264291259428915,False,0.149993896484375,False,0.0,True,-1.4499999999999886,True,0,1,0.0,0.097343232422172,False
TMPV,2026-09-02,fyers_60m,7,True,0.0,True,0.0,True,-0.00805104313352358,True,0.0,True,0.0,True,0.0,True,0,0,0.22030007352831113,0.06994700004339426,True
TMPV,2026-09-02,fyers_1m_agg,7,True,0.0,True,0.0,True,-0.00805104313352358,True,0.0,True,0.0,True,0.0,True,0,0,0.22030007352831113,0.06994700004339426,True
TMPV,2026-09-02,yahoo_1h,7,True,-0.15001220703123863,False,0.35000000000002274,False,-0.22657882110711142,False,-0.09999389648436363,False,0.0,True,0.0,True,0,1,0.0,0.08982685619674702,False
VEDL,2026-09-02,fyers_60m,7,True,0.0,True,0.0,True,-0.008691302378832613,True,0.0,True,0.0,True,0.0,True,0,0,0.22852184563498495,0.04200230961203681,True
VEDL,2026-09-02,fyers_1m_agg,7,True,0.0,True,0.0,True,-0.008691302378832613,True,0.0,True,0.0,True,0.0,True,0,0,0.22852184563498495,0.04200230961203681,True
VEDL,2026-09-02,yahoo_1h,7,True,-0.29998779296875,False,0.100006103515625,False,-0.23444354492216743,False,-0.29998779296875,False,1.2207031261368684e-05,True,1.2207031261368684e-05,True,0,1,0.0,0.05447558583384223,False
VIJAYA,2026-09-02,fyers_60m,7,True,0.0,True,0.0,True,-0.0005326449921127568,True,0.0,True,0.0,True,-0.8999999999998636,True,0,0,0.23944903355402053,0.05880664931231681,True
VIJAYA,2026-09-02,fyers_1m_agg,7,True,0.0,True,0.0,True,-0.0005326449921127568,True,0.0,True,0.0,True,-0.8999999999998636,True,0,0,0.23944903355402053,0.05880664931231681,True
VIJAYA,2026-09-02,yahoo_1h,7,True,-0.5999755859375,False,0.0,True,-0.23984730843559435,False,-0.0999755859375,False,-4.8828125045474735e-05,True,-0.900048828124909,True,0,1,0.0,0.07737432175069173,False
ZFCVINDIA,2026-09-02,fyers_60m,7,True,0.0,True,0.0,True,-0.0001267967678351181,True,0.0,True,0.0,True,2.800000000000182,True,0,0,0.0703696018076595,0.0989370777708607,True
ZFCVINDIA,2026-09-02,fyers_1m_agg,7,True,0.0,True,0.0,True,-0.0001267967678351181,True,0.0,True,0.0,True,2.800000000000182,True,0,0,0.0703696018076595,0.0989370777708607,True
ZFCVINDIA,2026-09-02,yahoo_1h,7,True,-1.0,False,0.10009765625,False,-0.07049900291632566,False,-6.10009765625,False,-2.800048828125,False,-4.882812481810106e-05,True,0,1,0.0,0.10641516921512457,False
ACC,2026-09-03,fyers_60m,7,True,0.0,True,0.0,True,-0.0027175657458327093,True,0.0,True,0.0,True,5.0,True,0,0,0.14856456250268205,0.10311976998669699,True
ACC,2026-09-03,fyers_1m_agg,7,True,0.0,True,0.0,True,-0.0027175657458327093,True,0.0,True,0.0,True,5.0,True,0,0,0.14856456250268205,0.10311976998669699,True
ACC,2026-09-03,yahoo_1h,7,True,-0.199951171875,False,2.0,False,-0.15088909336015235,False,4.0999755859375,False,-5.0,False,0.0,True,0,1,0.0,0.12084976626387611,False
APTUS,2026-09-03,fyers_60m,7,True,0.0,True,0.0,True,-0.0002710675838373313,True,0.0,True,0.0,True,-0.3299999999999841,True,0,0,0.05129355423701956,0.023527298977058648,True
APTUS,2026-09-03,fyers_1m_agg,7,True,0.0,True,0.0,True,-0.0002710675838373313,True,0.0,True,0.0,True,-0.3299999999999841,True,0,0,0.05129355423701956,0.023527298977058648,True
APTUS,2026-09-03,yahoo_1h,7,True,-0.07000488281249773,False,0.07999267578125568,False,-0.0515429730129338,False,3.0517578011313162e-06,True,1.0986328106810106e-05,True,-0.3299890136718773,True,0,1,0.0,0.02482289772942381,False
ASTERDM,2026-09-03,fyers_60m,7,True,0.0,True,0.0,True,-0.0020156403816850937,True,0.0,True,0.0,True,-1.7000000000000455,True,0,0,0.23828850620139946,0.07601654574659328,True
ASTERDM,2026-09-03,fyers_1m_agg,7,True,0.0,True,0.0,True,-0.0020156403816850937,True,0.0,True,0.0,True,-1.7000000000000455,True,0,0,0.23828850620139946,0.07601654574659328,True
ASTERDM,2026-09-03,yahoo_1h,7,True,0.0,True,0.10002441406254547,False,-0.23982546711588631,False,-4.3499755859375,False,1.7000000000000455,False,0.0,True,0,1,0.0,0.09973911898806888,False
BOSCHLTD,2026-09-03,fyers_60m,7,True,0.0,True,0.0,True,-0.003146958658447213,True,0.0,True,0.0,True,0.0,True,0,0,0.21254973188029752,0.028930980799169694,True
BOSCHLTD,2026-09-03,fyers_1m_agg,7,True,0.0,True,0.0,True,-0.003146958658447213,True,0.0,True,0.0,True,0.0,True,0,0,0.21254973188029752,0.028930980799169694,True
BOSCHLTD,2026-09-03,yahoo_1h,6,True,-100.0,False,20.0,False,-0.2150278053196534,False,-35.0,False,0.0,True,0.0,False,0,1,0.0,0.0,False
BRIGADE,2026-09-03,fyers_60m,7,True,0.0,True,0.0,True,-0.00041272644305859045,True,0.0,True,0.0,True,12.700000000000045,True,0,0,0.030552140522254214,0.16487518916707106,True
BRIGADE,2026-09-03,fyers_1m_agg,7,True,0.0,True,0.0,True,-0.00041272644305859045,True,0.0,True,0.0,True,12.700000000000045,True,0,0,0.030552140522254214,0.16487518916707106,True
BRIGADE,2026-09-03,yahoo_1h,7,True,-2.70001220703125,False,1.2207031204525265e-05,True,-0.03095281377411899,False,4.0499999999999545,False,-12.70001220703125,False,-1.2207031204525265e-05,True,0,1,0.0,0.17007113550737982,False
CANBK,2026-09-03,fyers_60m,7,True,0.0,True,0.0,True,-0.005766608133820159,True,0.0,True,0.0,True,0.0,True,0,0,0.2840786155032403,0.02454622751012612,True
CANBK,2026-09-03,fyers_1m_agg,7,True,0.0,True,0.0,True,-0.005766608133820159,True,0.0,True,0.0,True,0.0,True,0,0,0.2840786155032403,0.02454622751012612,True
CANBK,2026-09-03,yahoo_1h,7,True,-0.050000610351560226,False,0.010001220703131253,True,-0.28820855058600214,False,0.020003051757811363,True,3.051757815342171e-06,True,3.051757815342171e-06,True,0,1,0.0,0.03428575154150334,False
COFORGE,2026-09-03,fyers_60m,7,True,0.0,True,0.0,True,-0.0012378988799912347,True,0.0,True,0.0,True,0.0,True,0,0,0.24321476265118447,0.02073123392692513,True
COFORGE,2026-09-03,fyers_1m_agg,7,True,0.0,True,0.0,True,-0.0012378988799912347,True,0.0,True,0.0,True,0.0,True,0,0,0.24321476265118447,0.02073123392692513,True
COFORGE,2026-09-03,yahoo_1h,7,True,-3.199951171875,False,0.2999755859375455,False,-0.24417371039908806,False,-27.199951171875,False,4.8828125045474735e-05,True,4.8828125045474735e-05,True,0,1,0.0,0.027394615721290955,False
CUB,2026-09-03,fyers_60m,7,True,0.0,True,0.0,True,-0.0009297820484577647,True,0.0,True,0.0,True,-0.5900000000000034,True,0,0,0.2102055509141799,0.046228568248580494,True
CUB,2026-09-03,fyers_1m_agg,7,True,0.0,True,0.0,True,-0.0009297820484577647,True,0.0,True,0.0,True,-0.5900000000000034,True,0,0,0.2102055509141799,0.046228568248580494,True
CUB,2026-09-03,yahoo_1h,7,True,4.8828125045474735e-06,True,1.4800048828124943,False,-0.2109905902839699,False,1.4800048828124943,False,-0.5200000000000102,False,-1.1100000000000136,True,0,1,0.0,0.05848652975048495,False
DABUR,2026-09-03,fyers_60m,7,True,0.0,True,0.0,True,-0.0013830735463421777,True,0.0,True,0.0,True,0.0,True,0,0,0.1541043170673196,0.03888118910928496,True
DABUR,2026-09-03,fyers_1m_agg,7,True,0.0,True,0.0,True,-0.0013830735463421777,True,0.0,True,0.0,True,0.0,True,0,0,0.1541043170673196,0.03888118910928496,True
DABUR,2026-09-03,yahoo_1h,7,True,-0.05000000000001137,False,0.05000000000001137,False,-0.15527473795799762,False,-0.39999999999997726,False,1.2207031261368684e-05,True,1.2207031261368684e-05,True,0,1,0.0,0.046034585501002936,False
GRASIM,2026-09-03,fyers_60m,7,True,0.0,True,0.0,True,-0.000559518390110242,True,0.0,True,0.0,True,0.0,True,0,0,0.23063764086173372,0.015512921372882068,True
GRASIM,2026-09-03,fyers_1m_agg,7,True,0.0,True,0.0,True,-0.000559518390110242,True,0.0,True,0.0,True,0.0,True,0,0,0.23063764086173372,0.015512921372882068,True
GRASIM,2026-09-03,yahoo_1h,7,True,-3.199999999999818,False,6.900000000000091,False,-0.23107114235221013,False,18.79990234375009,False,0.0,True,0.0,True,0,1,0.0,0.020123471380414534,False
HDFCBANK,2026-09-03,fyers_60m,7,True,0.0,True,0.0,True,-0.01268350269624673,False,0.0,True,0.0,True,0.0,True,0,0,0.30747790936980596,0.039817258563333284,False
HDFCBANK,2026-09-03,fyers_1m_agg,7,True,0.0,True,0.0,True,-0.01268350269624673,False,0.0,True,0.0,True,0.0,True,0,0,0.30747790936980596,0.039817258563333284,False
HDFCBANK,2026-09-03,yahoo_1h,7,True,-2.4414062522737368e-05,True,0.04998779296875,True,-0.31625607777652665,False,1.0,False,2.4414062522737368e-05,True,2.4414062522737368e-05,True,0,1,0.0,0.05749502830918485,False
INDIANB,2026-09-03,fyers_60m,7,True,0.0,True,0.0,True,-0.0011146932172882824,True,0.0,True,0.0,True,0.0,True,0,0,0.2150713669460216,0.011300788112788913,True
INDIANB,2026-09-03,fyers_1m_agg,7,True,0.0,True,0.0,True,-0.0011146932172882824,True,0.0,True,0.0,True,0.0,True,0,0,0.2150713669460216,0.011300788112788913,True
INDIANB,2026-09-03,yahoo_1h,7,True,1.2207031204525265e-05,True,0.5999877929687045,False,-0.21596170057642797,False,0.54998779296875,False,0.0,True,0.0,True,0,1,0.0,0.014351731107186473,False
LATENTVIEW,2026-09-03,fyers_60m,7,True,0.0,True,0.0,True,-0.001787794963932793,True,0.0,True,0.0,True,-0.19999999999998863,True,0,0,0.23159772962184125,0.07294079908757173,True
LATENTVIEW,2026-09-03,fyers_1m_agg,7,True,0.0,True,0.0,True,-0.001787794963932793,True,0.0,True,0.0,True,-0.19999999999998863,True,0,0,0.23159772962184125,0.07294079908757173,True
LATENTVIEW,2026-09-03,yahoo_1h,7,True,-0.44999999999998863,False,0.0,True,-0.2329670280799438,False,-1.2499877929687386,False,0.19999999999998863,False,0.0,True,0,1,0.0,0.09491023258645531,False
NATCOPHARM,2026-09-03,fyers_60m,7,True,-6.920000000000073,False,-6.809999999999945,False,-0.00929519824556574,True,-6.8700000000000045,False,-6.829999999999927,False,-6.829999999999927,True,0,0,0.267616330764671,0.06395413455838767,False
NATCOPHARM,2026-09-03,fyers_1m_agg,7,True,-6.920000000000073,False,-6.809999999999945,False,-0.00929519824556574,True,-6.8700000000000045,False,-6.829999999999927,False,-6.829999999999927,True,0,0,0.267616330764671,0.06395413455838767,False
NATCOPHARM,2026-09-03,yahoo_1h,7,True,-0.15001220703129547,False,0.4500000000000455,False,-0.26848716748791074,False,3.0499755859375455,False,-1.2207031204525265e-05,True,-1.2207031204525265e-05,True,0,1,0.0,0.08731074622746829,False
POONAWALLA,2026-09-03,fyers_60m,7,True,0.0,True,0.0,True,-0.00188481366668913,True,0.0,True,0.0,True,1.9499999999999886,True,0,0,0.156806687582946,0.0964568216679713,True
POONAWALLA,2026-09-03,fyers_1m_agg,7,True,0.0,True,0.0,True,-0.00188481366668913,True,0.0,True,0.0,True,1.9499999999999886,True,0,0,0.156806687582946,0.0964568216679713,True
POONAWALLA,2026-09-03,yahoo_1h,7,True,-0.10000000000002274,False,6.1035156022626325e-06,True,-0.15839594986185052,False,-1.899993896484375,False,-1.2207031261368684e-05,True,1.9499877929687273,True,0,1,0.0,0.11492515651821417,False
PREMIERENE,2026-09-03,fyers_60m,7,True,0.0,True,0.0,True,-0.0017843444925379449,True,0.0,True,0.0,True,0.0,True,0,0,0.35431505195827123,0.015894310666049936,True
PREMIERENE,2026-09-03,fyers_1m_agg,7,True,0.0,True,0.0,True,-0.0017843444925379449,True,0.0,True,0.0,True,0.0,True,0,0,0.35431505195827123,0.015894310666049936,True
PREMIERENE,2026-09-03,yahoo_1h,6,True,-0.20000000000004547,False,0.39999999999997726,False,-0.3554690158696288,False,-1.2999999999999545,False,0.0,True,0.0,False,0,1,0.0,0.0,False
PVRINOX,2026-09-03,fyers_60m,7,True,0.0,True,0.0,True,-0.0019085939240075403,True,0.0,True,0.0,True,-3.5,True,0,0,0.20618667053711548,0.17803822672968242,True
PVRINOX,2026-09-03,fyers_1m_agg,7,True,0.0,True,0.0,True,-0.0019085939240075403,True,0.0,True,0.0,True,-3.5,True,0,0,0.20618667053711548,0.17803822672968242,True
PVRINOX,2026-09-03,yahoo_1h,7,True,-0.300048828125,False,0.900000000000091,False,-0.20770173783452456,False,4.0,False,3.5,False,0.0,True,0,1,0.0,0.2242639496455165,False
RELIANCE,2026-09-03,fyers_60m,7,True,0.0,True,0.0,True,-0.008934054514890467,True,0.0,True,0.0,True,0.0,True,0,0,0.17728827822882565,0.07162226317184664,True
RELIANCE,2026-09-03,fyers_1m_agg,7,True,0.0,True,0.0,True,-0.008934054514890467,True,0.0,True,0.0,True,0.0,True,0,0,0.17728827822882565,0.07162226317184664,True
RELIANCE,2026-09-03,yahoo_1h,7,True,-0.10004882812495453,False,0.0,True,-0.1846385324664397,False,-2.441406240905053e-05,True,0.0,True,0.0,True,0,1,0.0,0.08708144667652137,False
SAMMAANCAP,2026-09-03,fyers_60m,7,True,0.0,True,0.0,True,-0.004523270140360342,True,0.0,True,0.0,True,-0.21999999999999886,True,0,0,0.4337024661718787,0.028450255344943227,True
SAMMAANCAP,2026-09-03,fyers_1m_agg,7,True,0.0,True,0.0,True,-0.004523270140360342,True,0.0,True,0.0,True,-0.21999999999999886,True,0,0,0.4337024661718787,0.028450255344943227,True
SAMMAANCAP,2026-09-03,yahoo_1h,7,True,-0.08000610351561477,False,0.11999816894530113,False,-0.436265750113383,False,-0.4299987792968807,False,0.21999694824219773,False,-3.0517578011313162e-06,True,0,1,0.0,0.050949115291403245,False
TCS,2026-09-03,fyers_60m,7,True,0.0,True,0.0,True,-0.004472771882294142,True,0.0,True,0.0,True,0.0,True,0,0,0.2252998429141547,0.03778710622399593,True
TCS,2026-09-03,fyers_1m_agg,7,True,0.0,True,0.0,True,-0.004472771882294142,True,0.0,True,0.0,True,0.0,True,0,0,0.2252998429141547,0.03778710622399593,True
TCS,2026-09-03,yahoo_1h,7,True,-0.29995117187490905,False,9.765625009094947e-05,True,-0.22876542831572086,False,-0.29995117187490905,False,9.765625009094947e-05,True,9.765625009094947e-05,True,0,1,0.0,0.04877440604145002,False
TMCV,2026-09-03,fyers_60m,7,True,0.0,True,0.0,True,-0.001566752863124804,True,0.0,True,0.0,True,0.19999999999998863,True,0,0,0.15741352817719687,0.09620828747196696,True
TMCV,2026-09-03,fyers_1m_agg,7,True,0.0,True,0.0,True,-0.001566752863124804,True,0.0,True,0.0,True,0.19999999999998863,True,0,0,0.15741352817719687,0.09620828747196696,True
TMCV,2026-09-03,yahoo_1h,7,True,0.0,True,0.05001220703127274,False,-0.15873431800627208,False,0.29998779296875,False,-0.19999389648438637,False,6.1035156022626325e-06,True,0,1,0.0,0.11418202585190768,False
TMPV,2026-09-03,fyers_60m,7,True,0.0,True,0.0,True,-0.0026986072753651474,True,0.0,True,0.0,True,0.0,True,0,0,0.14420677540739174,0.04055235985951889,True
TMPV,2026-09-03,fyers_1m_agg,7,True,0.0,True,0.0,True,-0.0026986072753651474,True,0.0,True,0.0,True,0.0,True,0,0,0.14420677540739174,0.04055235985951889,True
TMPV,2026-09-03,yahoo_1h,7,True,-0.649993896484375,False,0.10001220703122726,False,-0.14651641769844465,False,-0.79998779296875,False,0.0,True,0.0,True,0,1,0.0,0.04738548384041479,False
VEDL,2026-09-03,fyers_60m,7,True,0.0,True,0.0,True,-0.007479572574709953,True,0.0,True,0.0,True,0.0,True,0,0,0.24354095727240146,0.04440023689073288,True
VEDL,2026-09-03,fyers_1m_agg,7,True,0.0,True,0.0,True,-0.007479572574709953,True,0.0,True,0.0,True,0.0,True,0,0,0.24354095727240146,0.04440023689073288,True
VEDL,2026-09-03,yahoo_1h,7,True,-0.04998779296875,True,0.149993896484375,False,-0.24920786124554484,False,0.5,False,0.0,True,0.0,True,0,1,0.0,0.05869552945730391,False
VIJAYA,2026-09-03,fyers_60m,7,True,0.0,True,0.0,True,-0.0023239165152266093,True,0.0,True,10.5,False,1.0,True,0,0,0.17058200123642145,0.044842356266007244,False
VIJAYA,2026-09-03,fyers_1m_agg,7,True,0.0,True,0.0,True,-0.0023239165152266093,True,0.0,True,10.5,False,1.0,True,0,0,0.17058200123642145,0.044842356266007244,False
VIJAYA,2026-09-03,yahoo_1h,7,True,4.8828125045474735e-05,True,4.8828125045474735e-05,True,-0.17246544413238615,False,11.700000000000045,False,10.5,False,1.0,True,0,1,0.0,0.05395549403747871,False
ZFCVINDIA,2026-09-03,fyers_60m,7,True,0.0,True,0.0,True,-0.0011893870082342176,True,0.0,True,0.0,True,-0.8000000000001819,True,0,0,0.16637659918781106,0.04833440200299227,True
ZFCVINDIA,2026-09-03,fyers_1m_agg,7,True,0.0,True,0.0,True,-0.0011893870082342176,True,0.0,True,0.0,True,-0.8000000000001819,True,0,0,0.16637659918781106,0.04833440200299227,True
ZFCVINDIA,2026-09-03,yahoo_1h,7,True,-4.882812481810106e-05,True,0.10009765625,False,-0.16745959133882282,False,-0.3000976562498181,False,0.800048828125,False,4.882812481810106e-05,True,0,1,0.0,0.05795084069013517,False
ACC,2026-09-04,fyers_60m,7,True,0.0,True,0.0,True,-0.002819233878122351,True,0.0,True,0.0,True,3.2000000000000455,True,0,0,0.3560003954132068,0.12133254250691973,True
ACC,2026-09-04,fyers_1m_agg,7,True,0.0,True,0.0,True,-0.002819233878122351,True,0.0,True,0.0,True,3.2000000000000455,True,0,0,0.3560003954132068,0.12133254250691973,True
ACC,2026-09-04,yahoo_1h,7,True,4.8828125045474735e-05,True,0.0,True,-0.35785541076040456,False,-0.0999755859375,False,-3.199951171875,False,4.8828125045474735e-05,True,0,1,0.0,0.1884009026295995,False
APTUS,2026-09-04,fyers_60m,0,False,,False,,False,,False,,False,,False,,False,0,0,,,False
APTUS,2026-09-04,fyers_1m_agg,0,False,,False,,False,,False,,False,,False,,False,0,0,,,False
APTUS,2026-09-04,yahoo_1h,7,True,-0.25998779296872954,False,0.30000000000001137,False,-0.23544340825271037,False,-0.5700097656250023,False,0.20000610351564774,False,6.1035156022626325e-06,True,0,1,0.0,0.1626442903415143,False
ASTERDM,2026-09-04,fyers_60m,0,False,,False,,False,,False,,False,,False,,False,0,0,,,False
ASTERDM,2026-09-04,fyers_1m_agg,7,True,0.0,True,0.0,True,-0.002105626808308503,True,0.0,True,0.0,True,-0.39999999999997726,True,0,0,0.24050641675869733,0.0480521233984068,True
ASTERDM,2026-09-04,yahoo_1h,7,True,-0.3499877929687045,False,-2.4414062522737368e-05,True,-0.2420615796519411,False,-2.8500000000000227,False,-2.4414062522737368e-05,True,-0.4000244140625,True,0,1,0.0,0.06359997219623532,False
BOSCHLTD,2026-09-04,fyers_60m,7,True,0.0,True,0.0,True,-0.001773783480163188,True,0.0,True,0.0,True,0.0,True,0,0,0.26950186578214774,0.014333945388852692,True
BOSCHLTD,2026-09-04,fyers_1m_agg,7,True,0.0,True,0.0,True,-0.001773783480163188,True,0.0,True,0.0,True,0.0,True,0,0,0.26950186578214774,0.014333945388852692,True
BOSCHLTD,2026-09-04,yahoo_1h,7,True,-210.0,False,0.0,True,-0.27079761130491337,False,-295.0,False,0.0,True,0.0,True,0,1,0.0,0.019378902132490067,False
BRIGADE,2026-09-04,fyers_60m,7,True,0.0,True,0.0,True,-0.006498837671950833,True,0.0,True,0.0,True,-3.1000000000000227,True,0,0,0.5585882965201406,0.05583448573085381,True
BRIGADE,2026-09-04,fyers_1m_agg,7,True,0.0,True,0.0,True,-0.006498837671950833,True,0.0,True,0.0,True,-3.1000000000000227,True,0,0,0.5585882965201406,0.05583448573085381,True
BRIGADE,2026-09-04,yahoo_1h,7,True,-1.0999755859375,False,0.9000122070312955,False,-0.5614569595275556,False,0.0999755859375,False,0.0,True,-3.1000000000000227,True,0,1,0.0,0.12648266397094887,False
CANBK,2026-09-04,fyers_60m,7,True,0.0,True,0.0,True,-0.0025954025192478697,True,0.0,True,0.0,True,0.0,True,0,0,0.16666004655985805,0.06044052915821227,True
CANBK,2026-09-04,fyers_1m_agg,7,True,0.0,True,0.0,True,-0.0025954025192478697,True,0.0,True,0.0,True,0.0,True,0,0,0.16666004655985805,0.06044052915821227,True
CANBK,2026-09-04,yahoo_1h,7,True,-0.009999084472653408,True,0.0,True,-0.1688217460648489,False,-0.10000305175780966,False,0.0,True,0.0,True,0,1,0.0,0.07254757885547156,False
COFORGE,2026-09-04,fyers_60m,7,True,0.0,True,0.0,True,-0.004732416329904648,True,0.0,True,0.0,True,0.0,True,0,0,0.2916912240741782,0.011702322511148307,True
COFORGE,2026-09-04,fyers_1m_agg,7,True,0.0,True,0.0,True,-0.004732416329904648,True,0.0,True,0.0,True,0.0,True,0,0,0.2916912240741782,0.011702322511148307,True
COFORGE,2026-09-04,yahoo_1h,6,True,2.441406240905053e-05,True,1.299951171874909,False,-0.2949755527920715,False,0.199951171875,False,4.8828125045474735e-05,True,4.8828125045474735e-05,False,0,1,0.0,0.0,False
CUB,2026-09-04,fyers_60m,7,True,0.0,True,0.0,True,-0.001603468344376015,True,0.0,True,0.0,True,-0.7699999999999818,True,0,0,0.11021096756197005,0.037421617965678125,True
CUB,2026-09-04,fyers_1m_agg,7,True,0.0,True,0.0,True,-0.001603468344376015,True,0.0,True,0.0,True,-0.7699999999999818,True,0,0,0.11021096756197005,0.037421617965678125,True
CUB,2026-09-04,yahoo_1h,7,True,-6.103515630684342e-06,True,0.3600030517578148,False,-0.11184716272323328,False,0.0500030517578125,False,0.7699945068359284,False,-5.493164053405053e-06,True,0,1,0.0,0.04206621936237661,False
DABUR,2026-09-04,fyers_60m,7,True,0.0,True,0.0,True,-0.0011127685787994672,True,0.0,True,0.0,True,0.0,True,0,0,0.19122827345784268,0.01069541992051369,True
DABUR,2026-09-04,fyers_1m_agg,7,True,0.0,True,0.0,True,-0.0011127685787994672,True,0.0,True,0.0,True,0.0,True,0,0,0.19122827345784268,0.01069541992051369,True
DABUR,2026-09-04,yahoo_1h,7,True,-0.04998779296875,True,0.14999999999997726,False,-0.19212883674556905,False,-1.6999999999999886,False,-6.1035156022626325e-06,True,-6.1035156022626325e-06,True,0,1,0.0,0.01316537774009015,False
GRASIM,2026-09-04,fyers_60m,7,True,0.0,True,0.0,True,-0.0019614564290067033,True,0.0,True,0.0,True,0.0,True,0,0,0.19428297564517993,0.02788138094826551,True
GRASIM,2026-09-04,fyers_1m_agg,7,True,0.0,True,0.0,True,-0.0019614564290067033,True,0.0,True,0.0,True,0.0,True,0,0,0.19428297564517993,0.02788138094826551,True
GRASIM,2026-09-04,yahoo_1h,6,True,9.765625009094947e-05,True,3.500097656250091,False,-0.19581406602860524,False,-5.700048828125091,False,0.0,True,0.0,False,0,1,0.0,0.0,False
HDFCBANK,2026-09-04,fyers_60m,7,True,0.0,True,0.0,True,-0.009314589760480795,True,0.0,True,0.0,True,0.0,True,0,0,0.17661464018091177,0.06244620490356282,True
HDFCBANK,2026-09-04,fyers_1m_agg,7,True,0.0,True,0.0,True,-0.009314589760480795,True,0.0,True,0.0,True,0.0,True,0,0,0.17661464018091177,0.06244620490356282,True
HDFCBANK,2026-09-04,yahoo_1h,7,True,0.0,True,0.30002441406247726,False,-0.18428420604493753,False,1.6499999999999773,False,-2.4414062522737368e-05,True,-2.4414062522737368e-05,True,0,1,0.0,0.07584072241669776,False
INDIANB,2026-09-04,fyers_60m,7,True,0.0,True,0.0,True,-0.0032430137271902103,True,0.0,True,0.0,True,0.0,True,0,0,0.17328454473683874,0.026051478006231643,True
INDIANB,2026-09-04,fyers_1m_agg,7,True,0.0,True,0.0,True,-0.0032430137271902103,True,0.0,True,0.0,True,0.0,True,0,0,0.17328454473683874,0.026051478006231643,True
INDIANB,2026-09-04,yahoo_1h,6,True,2.4414062522737368e-05,True,0.10001220703122726,False,-0.17600118991017194,False,1.9500000000000455,False,1.2207031204525265e-05,True,1.2207031204525265e-05,False,0,1,0.0,0.0,False
LATENTVIEW,2026-09-04,fyers_60m,7,True,0.0,True,0.0,True,-0.004338653823189906,True,0.0,True,0.0,True,-0.35000000000002274,True,0,0,0.2821077339546997,0.05574878068281762,True
LATENTVIEW,2026-09-04,fyers_1m_agg,7,True,0.0,True,0.0,True,-0.004338653823189906,True,0.0,True,0.0,True,-0.35000000000002274,True,0,0,0.2821077339546997,0.05574878068281762,True
LATENTVIEW,2026-09-04,yahoo_1h,7,True,-0.09998779296876137,False,6.1035156022626325e-06,True,-0.2852337925975629,False,0.04998779296875,True,0.35000000000002274,False,0.0,True,0,1,0.0,0.07725965497078349,False
NATCOPHARM,2026-09-04,fyers_60m,7,True,-6.8599999999999,False,-6.730000000000018,False,-0.009935559197970227,True,-6.830000000000041,False,-6.740000000000009,False,-7.689999999999941,True,0,0,0.2669879463425144,0.07542437265418589,False
NATCOPHARM,2026-09-04,fyers_1m_agg,7,True,-6.8599999999999,False,-6.730000000000018,False,-0.009935559197970227,True,-6.830000000000041,False,-6.740000000000009,False,-7.689999999999941,True,0,0,0.2669879463425144,0.07542437265418589,False
NATCOPHARM,2026-09-04,yahoo_1h,7,True,-1.2207031204525265e-05,True,0.29998779296875,False,-0.2682129465388329,False,0.70001220703125,False,-0.4000122070312955,False,-1.3500122070312273,True,0,1,0.0,0.10296211293707581,False
POONAWALLA,2026-09-04,fyers_60m,7,True,0.0,True,0.0,True,-0.001448484839986595,True,0.0,True,0.0,True,-0.39999999999997726,True,0,0,0.24890960307586016,0.027750707037799492,True
POONAWALLA,2026-09-04,fyers_1m_agg,7,True,0.0,True,0.0,True,-0.001448484839986595,True,0.0,True,0.0,True,-0.39999999999997726,True,0,0,0.24890960307586016,0.027750707037799492,True
POONAWALLA,2026-09-04,yahoo_1h,7,True,6.1035156022626325e-06,True,0.850006103515625,False,-0.24999614391741534,False,0.05000610351561363,False,-1.2207031261368684e-05,True,-0.40001220703123863,True,0,1,0.0,0.036949027056940725,False
PREMIERENE,2026-09-04,fyers_60m,7,True,0.0,True,0.0,True,-0.0013532187684562411,True,0.0,True,0.0,True,0.0,True,0,0,0.1041390345059896,0.010309307947152955,True
PREMIERENE,2026-09-04,fyers_1m_agg,7,True,0.0,True,0.0,True,-0.0013532187684562411,True,0.0,True,0.0,True,0.0,True,0,0,0.1041390345059896,0.010309307947152955,True
PREMIERENE,2026-09-04,yahoo_1h,7,True,-0.20002441406245453,False,0.0,True,-0.10535133037842342,False,0.5,False,0.0,True,0.0,True,0,1,0.0,0.011444685976147112,False
PVRINOX,2026-09-04,fyers_60m,7,True,0.0,True,0.0,True,-0.02345648377476157,False,0.0,True,0.0,True,2.7999999999999545,True,0,0,0.34172511830163443,0.07468225163848363,False
PVRINOX,2026-09-04,fyers_1m_agg,7,True,0.0,True,0.0,True,-0.02345648377476157,False,0.0,True,0.0,True,2.7999999999999545,True,0,0,0.34172511830163443,0.07468225163848363,False
PVRINOX,2026-09-04,yahoo_1h,7,True,4.8828125045474735e-05,True,1.9000244140625,False,-0.35435677265002086,False,0.9000244140625,False,-2.800048828125,False,-4.8828125045474735e-05,True,0,1,0.0,0.11295059499205952,False
RELIANCE,2026-09-04,fyers_60m,7,True,0.0,True,0.0,True,-0.0043819860347983595,True,0.0,True,0.0,True,0.0,True,0,0,0.2789395757655635,0.0482333327938106,True
RELIANCE,2026-09-04,fyers_1m_agg,7,True,0.0,True,0.0,True,-0.0043819860347983595,True,0.0,True,0.0,True,0.0,True,0,0,0.2789395757655635,0.0482333327938106,True
RELIANCE,2026-09-04,yahoo_1h,7,True,0.0,True,-2.441406240905053e-05,True,-0.28205973295239073,False,-2.441406240905053e-05,True,0.0,True,0.0,True,0,1,0.0,0.0668882175807833,False
SAMMAANCAP,2026-09-04,fyers_60m,7,True,0.0,True,0.0,True,-0.0029398667426916046,True,0.0,True,0.0,True,-0.4899999999999807,True,0,0,0.08389978383539345,0.04140097368913737,True
SAMMAANCAP,2026-09-04,fyers_1m_agg,7,True,0.0,True,0.0,True,-0.0029398667426916046,True,0.0,True,0.0,True,-0.4899999999999807,True,0,0,0.08389978383539345,0.04140097368913737,True
SAMMAANCAP,2026-09-04,yahoo_1h,7,True,-0.0200042724609375,True,0.3200018310546966,False,-0.08748714841443755,False,0.0,True,0.24999389648436932,False,-0.24000610351561136,True,0,1,0.0,0.0442741955196431,False
TCS,2026-09-04,fyers_60m,7,True,0.0,True,0.0,True,-0.0061439242029667105,True,0.0,True,0.0,True,0.0,True,0,0,0.288409918201091,0.02786428608704421,True
TCS,2026-09-04,fyers_1m_agg,7,True,0.0,True,0.0,True,-0.0061439242029667105,True,0.0,True,0.0,True,0.0,True,0,0,0.288409918201091,0.02786428608704421,True
TCS,2026-09-04,yahoo_1h,7,True,-9.765625009094947e-05,True,0.09999999999990905,False,-0.29279669245905937,False,2.300048828125,False,0.0,True,0.0,True,0,1,0.0,0.03915639231826686,False
TMCV,2026-09-04,fyers_60m,7,True,0.0,True,0.0,True,-0.0018963169531344072,True,0.0,True,0.0,True,-0.6999999999999886,True,0,0,0.2907509375670278,0.04823450878738978,True
TMCV,2026-09-04,fyers_1m_agg,7,True,0.0,True,0.0,True,-0.0018963169531344072,True,0.0,True,0.0,True,-0.6999999999999886,True,0,0,0.2907509375670278,0.04823450878738978,True
TMCV,2026-09-04,yahoo_1h,7,True,1.2207031261368684e-05,True,1.2207031261368684e-05,True,-0.2921557839668587,False,6.1035156022626325e-06,True,0.0,True,-0.6999999999999886,True,0,1,0.0,0.06776387492043069,False
TMPV,2026-09-04,fyers_60m,7,True,0.0,True,0.0,True,-0.009837727739494595,True,0.0,True,0.0,True,0.0,True,0,0,0.3146288471897939,0.025823760559474936,True
TMPV,2026-09-04,fyers_1m_agg,7,True,0.0,True,0.0,True,-0.009837727739494595,True,0.0,True,0.0,True,0.0,True,0,0,0.3146288471897939,0.025823760559474936,True
TMPV,2026-09-04,yahoo_1h,7,True,0.0,True,0.24999389648439774,False,-0.3213628635565439,False,0.0,True,0.0,True,0.0,True,0,1,0.0,0.0376776670403641,False
VEDL,2026-09-04,fyers_60m,7,True,0.0,True,0.0,True,-0.006425458606136375,True,0.0,True,0.0,True,0.0,True,0,0,0.19207459317075726,0.014969388087570862,True
VEDL,2026-09-04,fyers_1m_agg,7,True,0.0,True,0.0,True,-0.006425458606136375,True,0.0,True,0.0,True,0.0,True,0,0,0.19207459317075726,0.014969388087570862,True
VEDL,2026-09-04,yahoo_1h,7,True,0.0,True,6.1035156022626325e-06,True,-0.1972652169530918,False,0.0,True,6.1035156022626325e-06,True,6.1035156022626325e-06,True,0,1,0.0,0.0185325308778506,False
VIJAYA,2026-09-04,fyers_60m,7,True,0.0,True,0.0,True,-0.0006795563154894998,True,0.0,True,0.0,True,-3.2000000000000455,True,0,0,0.27435453089696626,0.04571478711036041,True
VIJAYA,2026-09-04,fyers_1m_agg,7,True,0.0,True,0.0,True,-0.0006795563154894998,True,0.0,True,0.0,True,-3.2000000000000455,True,0,0,0.27435453089696626,0.04571478711036041,True
VIJAYA,2026-09-04,yahoo_1h,7,True,-10.699975585937409,False,0.0,True,-0.27486956902976895,False,-0.0999755859375,False,3.199951171875,False,-4.8828125045474735e-05,True,0,1,0.0,0.06297046464524321,False
ZFCVINDIA,2026-09-04,fyers_60m,7,True,0.0,True,0.0,True,-0.0006582195162086556,True,0.0,True,0.0,True,-1.800000000000182,True,0,0,0.07877490531862341,0.07679894615511279,True
ZFCVINDIA,2026-09-04,fyers_1m_agg,7,True,0.0,True,0.0,True,-0.0006582195162086556,True,0.0,True,0.0,True,-1.800000000000182,True,0,0,0.07877490531862341,0.07679894615511279,True
ZFCVINDIA,2026-09-04,yahoo_1h,7,True,-0.199951171875,False,2.199951171875,False,-0.0794141846305743,False,-7.199951171875,False,1.799902343750091,False,-9.765625009094947e-05,True,0,1,0.0,0.08333333333333333,False
ACC,2026-09-07,fyers_60m,7,True,0.0,True,0.0,True,-0.008504795021151248,True,0.0,True,0.0,True,2.2999999999999545,True,0,0,0.2839144905845824,0.05208077378426073,True
ACC,2026-09-07,fyers_1m_agg,7,True,0.0,True,0.0,True,-0.008504795021151248,True,0.0,True,0.0,True,2.2999999999999545,True,0,0,0.2839144905845824,0.05208077378426073,True
ACC,2026-09-07,yahoo_1h,7,True,-1.5,False,0.0,True,-0.29001572501162765,False,0.0,True,-2.300048828125,False,-4.8828125045474735e-05,True,0,1,0.0,0.0727621543212765,False
APTUS,2026-09-07,fyers_60m,7,True,0.0,True,0.0,True,-0.0010203033519361796,True,0.0,True,0.0,True,-1.3699999999999761,True,0,0,0.09696201143358513,0.036820531099625735,True
APTUS,2026-09-07,fyers_1m_agg,7,True,0.0,True,0.0,True,-0.0010203033519361796,True,0.0,True,0.0,True,-1.3699999999999761,True,0,0,0.09696201143358513,0.036820531099625735,True
APTUS,2026-09-07,yahoo_1h,7,True,-0.18999633789064774,False,0.5000061035156307,False,-0.09788817749169719,False,0.660003662109375,False,1.3700146484374898,False,1.464843751364242e-05,True,0,1,0.0,0.04077352419426461,False
ASTERDM,2026-09-07,fyers_60m,7,True,0.0,True,0.0,True,-0.003635258262131044,True,0.0,True,-2.8999999999999773,False,-2.6499999999999773,True,0,0,0.27748458058508396,0.06505410740427896,False
ASTERDM,2026-09-07,fyers_1m_agg,7,True,0.0,True,0.0,True,-0.003635258262131044,True,0.0,True,-2.8999999999999773,False,-2.6499999999999773,True,0,0,0.27748458058508396,0.06505410740427896,False
ASTERDM,2026-09-07,yahoo_1h,7,True,-1.2207031204525265e-05,True,0.20001220703125,False,-0.2800668751410718,False,3.4000244140625,False,-2.8999999999999773,False,-2.6499999999999773,True,0,1,0.0,0.09018250452165036,False
BOSCHLTD,2026-09-07,fyers_60m,7,True,0.0,True,0.0,True,-0.026163055146189256,False,0.0,True,425.0,False,425.0,True,0,1,0.13162073797290985,0.0,False
BOSCHLTD,2026-09-07,fyers_1m_agg,7,True,0.0,True,0.0,True,-0.026163055146189256,False,0.0,True,425.0,False,425.0,True,0,1,0.13162073797290985,0.0,False
BOSCHLTD,2026-09-07,yahoo_1h,6,True,-30.0,False,5.0,False,-0.13016028964940052,False,-130.0,False,0.0,True,0.0,False,0,1,0.0,0.0,False
BRIGADE,2026-09-07,fyers_60m,7,True,0.0,True,0.0,True,-0.00736822457472843,True,0.0,True,0.0,True,-3.0499999999999545,True,0,0,0.39674366614394774,0.03936874434865778,True
BRIGADE,2026-09-07,fyers_1m_agg,7,True,0.0,True,0.0,True,-0.00736822457472843,True,0.0,True,0.0,True,-3.0499999999999545,True,0,0,0.39674366614394774,0.03936874434865778,True
BRIGADE,2026-09-07,yahoo_1h,7,True,-1.6000000000000227,False,0.25002441406252274,False,-0.4011978117698026,False,0.5999755859375,False,3.04998779296875,False,-1.2207031204525265e-05,True,0,1,0.0,0.0652229127782802,False
CANBK,2026-09-07,fyers_60m,7,True,0.0,True,0.09000000000000341,False,-0.0493186949685208,False,0.0,True,0.28000000000000114,False,0.28000000000000114,True,0,0,0.2666887779175025,1.03783044931176e-05,False
CANBK,2026-09-07,fyers_1m_agg,7,True,0.0,True,0.09000000000000341,False,-0.0493186949685208,False,0.0,True,0.28000000000000114,False,0.28000000000000114,True,0,0,0.2666887779175025,1.03783044931176e-05,False
CANBK,2026-09-07,yahoo_1h,7,True,-0.09999999999999432,False,0.0,True,-0.2570902459137277,False,0.25999755859375284,False,0.0,True,0.0,True,0,1,0.0,0.061604469964768045,False
COFORGE,2026-09-07,fyers_60m,7,True,0.0,True,0.0,True,-0.017016038521414867,False,0.0,True,-2.2000000000000455,False,-2.2000000000000455,True,0,0,0.2199927537038766,2.055686843518548e-05,False
COFORGE,2026-09-07,fyers_1m_agg,7,True,0.0,True,0.0,True,-0.017016038521414867,False,0.0,True,-2.2000000000000455,False,-2.2000000000000455,True,0,0,0.2199927537038766,2.055686843518548e-05,False
COFORGE,2026-09-07,yahoo_1h,7,True,-0.599999999999909,False,0.699975585937409,False,-0.22339254847381879,False,-1.800048828125,False,0.0,True,0.0,True,0,1,0.0,0.012731209188413873,False
CUB,2026-09-07,fyers_60m,7,True,0.0,True,0.0,True,-0.000766911918549126,True,0.0,True,0.0,True,-0.8799999999999955,True,0,0,0.04291210759047533,0.0248727303006806,True
CUB,2026-09-07,fyers_1m_agg,7,True,0.0,True,0.0,True,-0.000766911918549126,True,0.0,True,0.0,True,-0.8799999999999955,True,0,0,0.04291210759047533,0.0248727303006806,True
CUB,2026-09-07,yahoo_1h,7,True,-0.2699981689453068,False,-3.0517578011313162e-06,True,-0.04364702070434429,False,0.0099945068359375,True,0.8799957275390682,False,-4.272460927268185e-06,True,0,1,0.0,0.025987475486958553,False
DABUR,2026-09-07,fyers_60m,7,True,0.0,True,0.0,True,-0.023674714746997286,False,0.0,True,0.0,True,0.0,True,0,0,0.0954302054642579,8.096156430696091e-07,False
DABUR,2026-09-07,fyers_1m_agg,7,True,0.0,True,0.0,True,-0.023674714746997286,False,0.0,True,0.0,True,0.0,True,0,0,0.0954302054642579,8.096156430696091e-07,False
DABUR,2026-09-07,yahoo_1h,7,True,-0.40000610351563637,False,0.05000610351561363,False,-0.09630386410614139,False,-1.0499938964843523,False,0.0,True,0.0,True,0,1,0.0,0.022717720784363807,False
GRASIM,2026-09-07,fyers_60m,7,True,0.0,True,0.0,True,-0.0414899372338459,False,0.0,True,2.599999999999909,False,2.599999999999909,True,0,1,0.06357481494980842,0.0,False
GRASIM,2026-09-07,fyers_1m_agg,7,True,0.0,True,0.0,True,-0.0414899372338459,False,0.0,True,2.599999999999909,False,2.599999999999909,True,0,1,0.06357481494980842,0.0,False
GRASIM,2026-09-07,yahoo_1h,6,True,-0.0999023437498181,False,0.0,True,-0.06192243181960794,False,-5.5,False,-9.765625009094947e-05,True,-9.765625009094947e-05,False,0,1,0.0,0.0,False
HDFCBANK,2026-09-07,fyers_60m,7,True,0.0,True,0.0,True,-0.020940626695861133,False,0.0,True,0.0,True,0.0,True,0,0,0.2089237819514353,0.02284298331492014,False
HDFCBANK,2026-09-07,fyers_1m_agg,7,True,0.0,True,0.0,True,-0.020940626695861133,False,0.0,True,0.0,True,0.0,True,0,0,0.2089237819514353,0.02284298331492014,False
HDFCBANK,2026-09-07,yahoo_1h,7,True,0.0,True,0.3500244140625455,False,-0.22549450387056572,False,0.49997558593747726,False,0.0,True,0.0,True,0,1,0.0,0.02887549093528691,False
INDIANB,2026-09-07,fyers_60m,7,True,0.0,True,0.0,True,-0.011033401604080728,False,0.0,True,-4.0,False,-4.0,True,0,0,0.13088263249847368,0.00020116292285703654,False
INDIANB,2026-09-07,fyers_1m_agg,7,True,0.0,True,0.0,True,-0.011033401604080728,False,0.0,True,-4.0,False,-4.0,True,0,0,0.13088263249847368,0.00020116292285703654,False
INDIANB,2026-09-07,yahoo_1h,7,True,-1.2500122070312045,False,2.4414062522737368e-05,True,-0.13037557531947824,False,0.7000244140624545,False,2.4414062522737368e-05,True,2.4414062522737368e-05,True,0,1,0.0,0.011627202047943192,False
LATENTVIEW,2026-09-07,fyers_60m,7,True,0.0,True,0.0,True,-0.0016779712637843614,True,0.0,True,0.0,True,0.35000000000002274,True,0,0,0.190936772688288,0.052164019164093994,True
LATENTVIEW,2026-09-07,fyers_1m_agg,7,True,0.0,True,0.0,True,-0.0016779712637843614,True,0.0,True,0.0,True,0.35000000000002274,True,0,0,0.190936772688288,0.052164019164093994,True
LATENTVIEW,2026-09-07,yahoo_1h,7,True,-1.0500000000000114,False,0.100006103515625,False,-0.1919917097492812,False,1.25,False,-1.2207031261368684e-05,True,0.34998779296876137,True,0,1,0.0,0.06483685293531961,False
NATCOPHARM,2026-09-07,fyers_60m,7,True,-6.850000000000023,False,-6.740000000000009,False,-0.016246020654421846,False,-6.75,False,-6.849999999999909,False,-4.349999999999909,True,0,0,0.18523767584840847,0.06941140344661194,False
NATCOPHARM,2026-09-07,fyers_1m_agg,7,True,-6.850000000000023,False,-6.740000000000009,False,-0.016246020654421846,False,-6.75,False,-6.849999999999909,False,-4.349999999999909,True,0,0,0.18523767584840847,0.06941140344661194,False
NATCOPHARM,2026-09-07,yahoo_1h,7,True,-0.5,False,0.0,True,-0.19185176087079203,False,1.25,False,-1.2207031204525265e-05,True,2.4999877929687955,True,0,1,0.0,0.0851430895177224,False
POONAWALLA,2026-09-07,fyers_60m,7,True,0.0,True,0.25,False,-0.00224251940641794,True,0.0,True,-0.44999999999998863,False,-2.599999999999966,True,0,0,0.19617161247994042,0.08160370248871787,False
POONAWALLA,2026-09-07,fyers_1m_agg,7,True,0.0,True,0.25,False,-0.00224251940641794,True,0.0,True,-0.44999999999998863,False,-2.599999999999966,True,0,0,0.19617161247994042,0.08160370248871787,False
POONAWALLA,2026-09-07,yahoo_1h,7,True,-2.5000122070312614,False,0.6999999999999886,False,-0.19572727071676582,False,-2.850006103515625,False,0.0,True,-2.1499999999999773,True,0,1,0.0,0.10943497915681336,False
PREMIERENE,2026-09-07,fyers_60m,8,True,0.0,True,0.0,True,-0.01016314768674761,False,0.0,True,0.0,True,0.0,False,0,1,0.1363292440571024,0.0,False
PREMIERENE,2026-09-07,fyers_1m_agg,7,True,0.0,True,0.0,True,-0.010934170478843796,False,0.0,True,0.0,True,0.0,True,0,1,0.1364355190402834,0.0,False
PREMIERENE,2026-09-07,yahoo_1h,6,True,-0.6000000000000227,False,0.20001220703125,False,-0.13587482564580058,False,1.2207031204525265e-05,True,0.0,True,0.0,False,0,1,0.0,0.0,False
PVRINOX,2026-09-07,fyers_60m,7,True,0.0,True,0.0,True,-0.0056944690315132804,True,0.0,True,0.0,True,-4.5,True,0,0,0.39164700538918046,0.024221690816576973,True
PVRINOX,2026-09-07,fyers_1m_agg,7,True,0.0,True,0.0,True,-0.0056944690315132804,True,0.0,True,0.0,True,-4.5,True,0,0,0.39164700538918046,0.024221690816576973,True
PVRINOX,2026-09-07,yahoo_1h,7,True,-0.29995117187490905,False,1.7999999999999545,False,-0.06681892641914483,False,-0.29995117187490905,False,0.0,True,-4.5,True,0,0,0.35192842065888263,0.02567798648034841,False
RELIANCE,2026-09-07,fyers_60m,7,True,0.0,True,0.0,True,-0.005855920000955877,True,0.0,True,0.0,True,0.0,True,0,0,0.12117069412741743,0.029614815880237184,True
RELIANCE,2026-09-07,fyers_1m_agg,7,True,0.0,True,0.0,True,-0.005855920000955877,True,0.0,True,0.0,True,0.0,True,0,0,0.12117069412741743,0.029614815880237184,True
RELIANCE,2026-09-07,yahoo_1h,7,True,-0.10002441406254547,False,1.299951171874909,False,-0.1263172441134743,False,0.40000000000009095,False,0.0,True,0.0,True,0,1,0.0,0.0336979249630945,False
SAMMAANCAP,2026-09-07,fyers_60m,7,True,0.0,True,0.0,True,-0.004571473902641676,True,0.0,True,0.0,True,-0.14999999999997726,True,0,0,0.331812017930298,0.09146117164355333,True
SAMMAANCAP,2026-09-07,fyers_1m_agg,7,True,0.0,True,0.0,True,-0.004571473902641676,True,0.0,True,0.0,True,-0.14999999999997726,True,0,0,0.331812017930298,0.09146117164355333,True
SAMMAANCAP,2026-09-07,yahoo_1h,7,True,-0.06999511718748863,False,6.103515630684342e-06,True,-0.33486912699837584,False,-0.06999511718748863,False,0.14999816894530227,False,-1.8310546749944479e-06,True,0,1,0.0,0.1368714435024968,False
TCS,2026-09-07,fyers_60m,7,True,0.0,True,0.0,True,-0.014575084513901977,False,0.0,True,0.0,True,0.0,True,0,0,0.2492129197761194,0.05863659331184984,False
TCS,2026-09-07,fyers_1m_agg,7,True,0.0,True,0.0,True,-0.014575084513901977,False,0.0,True,0.0,True,0.0,True,0,0,0.2492129197761194,0.05863659331184984,False
TCS,2026-09-07,yahoo_1h,6,True,-9.765625009094947e-05,True,9.765625009094947e-05,True,-0.2601570106604815,False,-5.299951171874909,False,0.0,True,0.0,False,0,1,0.0,0.0,False
TMCV,2026-09-07,fyers_60m,7,True,0.0,True,0.0,True,-0.00427255421534082,True,0.0,True,0.0,True,0.35000000000002274,True,0,0,0.17237690296232,0.07179681787891738,True
TMCV,2026-09-07,fyers_1m_agg,7,True,0.0,True,0.0,True,-0.00427255421534082,True,0.0,True,0.0,True,0.35000000000002274,True,0,0,0.17237690296232,0.07179681787891738,True
TMCV,2026-09-07,yahoo_1h,7,True,-6.1035156022626325e-06,True,0.10000000000002274,False,-0.17791923998266,False,0.04998779296875,True,0.0,True,0.35000000000002274,True,0,1,0.0,0.08452268224744129,False
TMPV,2026-09-07,fyers_60m,7,True,0.0,True,0.0,True,-0.004914719687877646,True,0.0,True,0.0,True,0.0,True,0,0,0.12966896842467573,0.02252718357740181,True
TMPV,2026-09-07,fyers_1m_agg,7,True,0.0,True,0.0,True,-0.004914719687877646,True,0.0,True,0.0,True,0.0,True,0,0,0.12966896842467573,0.02252718357740181,True
TMPV,2026-09-07,yahoo_1h,7,True,0.0,True,0.0,True,-0.13394655548421763,False,0.45001220703125,False,0.0,True,0.0,True,0,1,0.0,0.02587991405488559,False
VEDL,2026-09-07,fyers_60m,7,True,0.0,True,0.0,True,-0.025109347918506164,False,0.0,True,-0.05000000000001137,False,-0.05000000000001137,True,0,0,0.3015097732834723,5.304217859532151e-05,False
VEDL,2026-09-07,fyers_1m_agg,7,True,0.0,True,0.0,True,-0.025109347918506164,False,0.0,True,-0.05000000000001137,False,-0.05000000000001137,True,0,0,0.3015097732834723,5.304217859532151e-05,False
VEDL,2026-09-07,yahoo_1h,7,True,-0.29998779296875,False,0.04998779296875,True,-0.3019799126851761,False,0.10001220703122726,False,0.0,True,0.0,True,0,1,0.0,0.024513339195428852,False
VIJAYA,2026-09-07,fyers_60m,7,True,0.0,True,0.0,True,-0.0023985549446753065,True,0.0,True,0.0,True,-0.5,True,0,0,0.285362330312265,0.09024617089484308,True
VIJAYA,2026-09-07,fyers_1m_agg,7,True,0.0,True,0.0,True,-0.0023985549446753065,True,0.0,True,0.0,True,-0.5,True,0,0,0.285362330312265,0.09024617089484308,True
VIJAYA,2026-09-07,yahoo_1h,7,True,-1.699951171875,False,4.299951171874909,False,-0.2870073338531847,False,0.6000488281249545,False,0.0,True,-0.5,True,0,1,0.0,0.12638092864855885,False
ZFCVINDIA,2026-09-07,fyers_60m,7,True,0.0,True,0.0,True,-0.0027200544010880217,True,0.0,True,0.0,True,3.0,True,0,0,0.13731624651545235,0.05288490463871007,True
ZFCVINDIA,2026-09-07,fyers_1m_agg,7,True,0.0,True,0.0,True,-0.0027200544010880217,True,0.0,True,0.0,True,3.0,True,0,0,0.13731624651545235,0.05288490463871007,True
ZFCVINDIA,2026-09-07,yahoo_1h,7,True,-14.800048828125,False,9.765625009094947e-05,True,-0.13964279285585712,False,-14.200048828125091,False,-4.882812481810106e-05,True,2.999951171875182,True,0,1,0.0,0.061347839226352376,False
ACC,2026-09-08,fyers_60m,7,True,0.0,True,0.0,True,-0.002066540902075116,True,0.0,True,0.0,True,3.7000000000000455,True,0,0,0.2952422687941983,0.07002981637580663,True
ACC,2026-09-08,fyers_1m_agg,7,True,0.0,True,0.0,True,-0.002066540902075116,True,0.0,True,0.0,True,3.7000000000000455,True,0,0,0.2952422687941983,0.07002981637580663,True
ACC,2026-09-08,yahoo_1h,7,True,0.0,True,-4.8828125045474735e-05,True,-0.2968873263591151,False,0.09999999999990905,False,-3.699951171875,False,4.8828125045474735e-05,True,0,1,0.0,0.09938168469578156,False
APTUS,2026-09-08,fyers_60m,7,True,0.0,True,0.0,True,-0.00164171199290155,True,0.0,True,-0.01999999999998181,True,0.6700000000000159,True,0,0,0.09657786191248989,0.1422279037079525,True
APTUS,2026-09-08,fyers_1m_agg,7,True,0.0,True,0.0,True,-0.00164171199290155,True,0.0,True,-0.01999999999998181,True,0.6700000000000159,True,0,0,0.09657786191248989,0.1422279037079525,True
APTUS,2026-09-08,yahoo_1h,7,True,-1.464843751364242e-05,True,0.15000000000000568,False,-0.09806688412835843,False,0.0,True,-0.019995117187477263,True,0.6700048828125205,True,0,1,0.0,0.1575200873703097,False
ASTERDM,2026-09-08,fyers_60m,7,True,0.0,True,0.0,True,-0.0011102659617004736,True,0.0,True,-0.9499999999999318,False,-0.8999999999999773,True,0,0,0.22676089903036983,0.08455219767944117,False
ASTERDM,2026-09-08,fyers_1m_agg,7,True,0.0,True,0.0,True,-0.0011102659617004736,True,0.0,True,-0.9499999999999318,False,-0.8999999999999773,True,0,0,0.22676089903036983,0.08455219767944117,False
ASTERDM,2026-09-08,yahoo_1h,7,True,-0.6499999999999773,False,0.30002441406247726,False,-0.2276286987943293,False,-0.6499999999999773,False,-0.9499877929687273,False,-0.8999877929687727,True,0,1,0.0,0.10933974780345332,False
BOSCHLTD,2026-09-08,fyers_60m,7,True,0.0,True,0.0,True,-0.0019307886529036091,True,0.0,True,0.0,True,0.0,True,0,0,0.16657738095238095,0.016547619047619047,True
BOSCHLTD,2026-09-08,fyers_1m_agg,7,True,0.0,True,0.0,True,-0.0019307886529036091,True,0.0,True,0.0,True,0.0,True,0,0,0.16657738095238095,0.016547619047619047,True
BOSCHLTD,2026-09-08,yahoo_1h,6,True,-30.0,False,100.0,False,-0.1682162483291252,False,0.0,True,0.0,True,0.0,False,0,1,0.0,0.0,False
BRIGADE,2026-09-08,fyers_60m,7,True,0.0,True,0.0,True,-0.007928825399808907,True,0.0,True,0.0,True,0.0,True,0,0,0.28476336032132976,0.07066034280228872,True
BRIGADE,2026-09-08,fyers_1m_agg,7,True,0.0,True,0.0,True,-0.007928825399808907,True,0.0,True,0.0,True,0.0,True,0,0,0.28476336032132976,0.07066034280228872,True
BRIGADE,2026-09-08,yahoo_1h,7,True,-0.15001220703129547,False,0.0999755859375,False,-0.29048446971476904,False,1.1000244140625455,False,0.0,True,0.0,True,0,1,0.0,0.09878669068559924,False
CANBK,2026-09-08,fyers_60m,7,True,0.0,True,0.0,True,-0.005286518400614472,True,0.0,True,0.0,True,0.0,True,0,0,0.30517858864379016,0.04995500120419313,True
CANBK,2026-09-08,fyers_1m_agg,7,True,0.0,True,0.0,True,-0.005286518400614472,True,0.0,True,0.0,True,0.0,True,0,0,0.30517858864379016,0.04995500120419313,True
CANBK,2026-09-08,yahoo_1h,7,True,-3.662109378410605e-06,True,0.050001525878911934,False,-0.3088520061724825,False,0.2800030517578165,False,3.0517577442878974e-07,True,3.0517577442878974e-07,True,0,1,0.0,0.07184213829635891,False
COFORGE,2026-09-08,fyers_60m,7,True,0.0,True,0.0,True,-0.0011401257148519247,True,0.0,True,0.0,True,0.0,True,0,0,0.2966668194429359,0.014025489360179264,True
COFORGE,2026-09-08,fyers_1m_agg,7,True,0.0,True,0.0,True,-0.0011401257148519247,True,0.0,True,0.0,True,0.0,True,0,0,0.2966668194429359,0.014025489360179264,True
COFORGE,2026-09-08,yahoo_1h,6,True,-0.40000000000009095,False,0.20004882812509095,False,-0.29749630148987716,False,-4.0,False,0.0,True,0.0,False,0,1,0.0,0.0,False
CUB,2026-09-08,fyers_60m,7,True,0.0,True,0.0,True,-0.008181059187219352,True,0.0,True,0.0,True,1.210000000000008,True,0,0,0.2121296506109508,0.03771359616912421,True
CUB,2026-09-08,fyers_1m_agg,7,True,0.0,True,0.0,True,-0.008181059187219352,True,0.0,True,0.0,True,1.210000000000008,True,0,0,0.2121296506109508,0.03771359616912421,True
CUB,2026-09-08,yahoo_1h,7,True,-0.28000061035155,False,0.01999267578125341,True,-0.21857616715932937,False,-0.010003662109369316,True,-1.2099987792968818,False,1.2207031261368684e-06,True,0,1,0.0,0.04785858420183908,False
DABUR,2026-09-08,fyers_60m,7,True,0.0,True,0.0,True,-0.0007866226701996684,True,0.0,True,0.0,True,0.0,True,0,0,0.08097813623083946,0.021276424003376877,True
DABUR,2026-09-08,fyers_1m_agg,7,True,0.0,True,0.0,True,-0.0007866226701996684,True,0.0,True,0.0,True,0.0,True,0,0,0.08097813623083946,0.021276424003376877,True
DABUR,2026-09-08,yahoo_1h,6,True,1.2207031261368684e-05,True,0.04998779296875,True,-0.08170485518883926,False,-0.5,False,0.0,True,0.0,False,0,1,0.0,0.0,False
GRASIM,2026-09-08,fyers_60m,7,True,0.0,True,0.0,True,-0.00023873518328351115,True,0.0,True,0.0,True,0.0,True,0,0,0.1037706315310807,0.06253270538984824,True
GRASIM,2026-09-08,fyers_1m_agg,7,True,0.0,True,0.0,True,-0.00023873518328351115,True,0.0,True,0.0,True,0.0,True,0,0,0.1037706315310807,0.06253270538984824,True
GRASIM,2026-09-08,yahoo_1h,7,True,-4.882812481810106e-05,True,0.0,True,-0.10401657667454454,False,-11.900000000000091,False,4.882812481810106e-05,True,4.882812481810106e-05,True,0,1,0.0,0.06993750525889039,False
HDFCBANK,2026-09-08,fyers_60m,7,True,0.0,True,0.0,True,-0.009634664695854833,True,0.0,True,0.0,True,0.0,True,0,0,0.13823541241027296,0.1162855226482464,True
HDFCBANK,2026-09-08,fyers_1m_agg,7,True,0.0,True,0.0,True,-0.009634664695854833,True,0.0,True,0.0,True,0.0,True,0,0,0.13823541241027296,0.1162855226482464,True
HDFCBANK,2026-09-08,yahoo_1h,7,True,2.4414062522737368e-05,True,0.0,True,-0.14653832584429866,False,1.8000244140624773,False,0.0,True,0.0,True,0,1,0.0,0.13493880724000692,False
INDIANB,2026-09-08,fyers_60m,7,True,0.0,True,0.0,True,-0.0012517542850056253,True,0.0,True,0.0,True,0.0,True,0,0,0.0933649805614316,0.020486428734777885,True
INDIANB,2026-09-08,fyers_1m_agg,7,True,0.0,True,0.0,True,-0.0012517542850056253,True,0.0,True,0.0,True,0.0,True,0,0,0.0933649805614316,0.020486428734777885,True
INDIANB,2026-09-08,yahoo_1h,6,True,2.4414062522737368e-05,True,0.14998779296877274,False,-0.09450700241874972,False,-1.20001220703125,False,2.4414062522737368e-05,True,2.4414062522737368e-05,False,0,1,0.0,0.0,False
LATENTVIEW,2026-09-08,fyers_60m,7,True,0.0,True,0.0,True,-0.0013344848721234747,True,0.0,True,0.0,True,0.44999999999998863,True,0,0,0.17889812280833897,0.05424021023207545,True
LATENTVIEW,2026-09-08,fyers_1m_agg,7,True,0.0,True,0.0,True,-0.0013344848721234747,True,0.0,True,0.0,True,0.44999999999998863,True,0,0,0.17889812280833897,0.05424021023207545,True
LATENTVIEW,2026-09-08,yahoo_1h,7,True,-0.05000000000001137,False,0.15000610351563637,False,-0.17999665682286733,False,0.25,False,-0.45001220703125,False,-1.2207031261368684e-05,True,0,1,0.0,0.06605465936425534,False
NATCOPHARM,2026-09-08,fyers_60m,7,True,-6.899999999999977,False,-6.709999999999923,False,-0.012611486866202537,False,-6.829999999999927,False,-6.720000000000027,False,-7.470000000000027,True,0,0,0.27008875511823416,0.2331303337607596,False
NATCOPHARM,2026-09-08,fyers_1m_agg,7,True,-6.899999999999977,False,-6.709999999999923,False,-0.012611486866202537,False,-6.829999999999927,False,-6.720000000000027,False,-7.470000000000027,True,0,0,0.27008875511823416,0.2331303337607596,False
NATCOPHARM,2026-09-08,yahoo_1h,7,True,-0.6999755859375227,False,0.14998779296877274,False,-0.27338662223720833,False,-1.2207031204525265e-05,True,0.0,True,-0.75,True,0,1,0.0,0.3194010973512525,False
POONAWALLA,2026-09-08,fyers_60m,7,True,0.0,True,0.0,True,-0.0032626037204206942,True,0.0,True,0.0,True,-0.75,True,0,0,0.21699659472963018,0.0995687617438632,True
POONAWALLA,2026-09-08,fyers_1m_agg,7,True,0.0,True,0.0,True,-0.0032626037204206942,True,0.0,True,0.0,True,-0.75,True,0,0,0.21699659472963018,0.0995687617438632,True
POONAWALLA,2026-09-08,yahoo_1h,7,True,-0.04998779296875,True,6.1035156022626325e-06,True,-0.2195536164909788,False,-0.04998779296875,True,0.75,False,0.0,True,0,1,0.0,0.12719978423572248,False
PREMIERENE,2026-09-08,fyers_60m,7,True,0.0,True,0.0,True,-0.0012324835387472564,True,0.0,True,0.0,True,0.0,True,0,0,0.2501507288514743,0.024367361428064303,True
PREMIERENE,2026-09-08,fyers_1m_agg,7,True,0.0,True,0.0,True,-0.0012324835387472564,True,0.0,True,0.0,True,0.0,True,0,0,0.2501507288514743,0.024367361428064303,True
PREMIERENE,2026-09-08,yahoo_1h,7,True,0.0,True,-1.2207031204525265e-05,True,-0.25113962518993754,False,0.0,True,-1.2207031204525265e-05,True,-1.2207031204525265e-05,True,0,1,0.0,0.03244279111712321,False
PVRINOX,2026-09-08,fyers_60m,7,True,0.0,True,0.0,True,-0.001570226024537599,True,0.0,True,0.0,True,-8.099999999999909,True,0,0,0.23505831765654395,0.04047890352055899,True
PVRINOX,2026-09-08,fyers_1m_agg,7,True,0.0,True,0.0,True,-0.001570226024537599,True,0.0,True,0.0,True,-8.099999999999909,True,0,0,0.23505831765654395,0.04047890352055899,True
PVRINOX,2026-09-08,yahoo_1h,7,True,-0.699951171875,False,-2.441406240905053e-05,True,-0.2362648154528272,False,0.4000244140625,False,8.100048828124955,False,4.8828125045474735e-05,True,0,1,0.0,0.05291589725428693,False
RELIANCE,2026-09-08,fyers_60m,7,True,0.0,True,0.0,True,-0.00455368870827248,True,0.0,True,0.0,True,0.0,True,0,0,0.11863222846683064,0.09601027339684737,True
RELIANCE,2026-09-08,fyers_1m_agg,7,True,0.0,True,0.0,True,-0.00455368870827248,True,0.0,True,0.0,True,0.0,True,0,0,0.11863222846683064,0.09601027339684737,True
RELIANCE,2026-09-08,yahoo_1h,6,True,-0.7999999999999545,False,0.0,True,-0.12265560137182117,False,1.900000000000091,False,2.441406240905053e-05,True,2.441406240905053e-05,False,0,1,0.0,0.0,False
SAMMAANCAP,2026-09-08,fyers_60m,7,True,0.0,True,0.0,True,-0.009584501273179875,True,0.0,True,0.0,True,0.09999999999999432,True,0,0,0.29408609655334605,0.061554447996614664,True
SAMMAANCAP,2026-09-08,fyers_1m_agg,7,True,0.0,True,0.0,True,-0.009584501273179875,True,0.0,True,0.0,True,0.09999999999999432,True,0,0,0.29408609655334605,0.061554447996614664,True
SAMMAANCAP,2026-09-08,yahoo_1h,7,True,-0.2599926757812625,False,-1.8310546749944479e-06,True,-0.30081905000340675,False,-0.0099945068359375,True,-0.09999999999999432,False,0.0,True,0,1,0.0,0.0871748732580776,False
TCS,2026-09-08,fyers_60m,7,True,0.0,True,0.0,True,-0.008962280400388434,True,0.0,True,0.0,True,0.0,True,0,0,0.22514564119233657,0.0865213433280316,True
TCS,2026-09-08,fyers_1m_agg,7,True,0.0,True,0.0,True,-0.008962280400388434,True,0.0,True,0.0,True,0.0,True,0,0,0.22514564119233657,0.0865213433280316,True
TCS,2026-09-08,yahoo_1h,7,True,0.0,True,0.300048828125,False,-0.23209243084864212,False,2.0,False,0.0,True,0.0,True,0,1,0.0,0.11166419023820393,False
TMCV,2026-09-08,fyers_60m,7,True,0.0,True,0.0,True,-0.0021802833265314376,True,0.0,True,0.10000000000002274,False,1.0500000000000114,True,0,0,0.10892919458214032,0.09962394036799657,False
TMCV,2026-09-08,fyers_1m_agg,7,True,0.0,True,0.0,True,-0.0021802833265314376,True,0.0,True,0.10000000000002274,False,1.0500000000000114,True,0,0,0.10892919458214032,0.09962394036799657,False
TMCV,2026-09-08,yahoo_1h,7,True,-0.44999999999998863,False,0.600006103515625,False,-0.11087111629597957,False,-1.399993896484375,False,0.100006103515625,False,1.0500061035156136,True,0,1,0.0,0.11193787512998425,False
TMPV,2026-09-08,fyers_60m,7,True,0.0,True,0.0,True,-0.0058546696646458625,True,0.0,True,0.0,True,0.0,True,0,0,0.2358856465261056,0.057707873463082746,True
TMPV,2026-09-08,fyers_1m_agg,7,True,0.0,True,0.0,True,-0.0058546696646458625,True,0.0,True,0.0,True,0.0,True,0,0,0.2358856465261056,0.057707873463082746,True
TMPV,2026-09-08,yahoo_1h,7,True,-0.19998779296872726,False,0.05000000000001137,False,-0.24035942811871028,False,-0.24999389648439774,False,1.2207031261368684e-05,True,1.2207031261368684e-05,True,0,1,0.0,0.07653299238203586,False
VEDL,2026-09-08,fyers_60m,7,True,0.0,True,0.0,True,-0.00517993968148618,True,0.0,True,0.0,True,0.0,True,0,0,0.3495388572014556,0.03978782226085086,True
VEDL,2026-09-08,fyers_1m_agg,7,True,0.0,True,0.0,True,-0.00517993968148618,True,0.0,True,0.0,True,0.0,True,0,0,0.3495388572014556,0.03978782226085086,True
VEDL,2026-09-08,yahoo_1h,6,True,-1.2207031261368684e-05,True,0.30001220703127274,False,-0.35292541007282363,False,0.7499877929687386,False,0.0,True,0.0,False,0,1,0.0,0.0,False
VIJAYA,2026-09-08,fyers_60m,7,True,0.0,True,0.0,True,-0.0014163548904329237,True,0.0,True,0.0,True,1.0,True,0,0,0.16351326036342226,0.05122166617603768,True
VIJAYA,2026-09-08,fyers_1m_agg,7,True,0.0,True,0.0,True,-0.0014163548904329237,True,0.0,True,0.0,True,1.0,True,0,0,0.16351326036342226,0.05122166617603768,True
VIJAYA,2026-09-08,yahoo_1h,7,True,-0.199951171875,False,0.20004882812509095,False,-0.16479155531801176,False,5.800048828125,False,-1.0,False,0.0,True,0,1,0.0,0.06117714815940615,False
ZFCVINDIA,2026-09-08,fyers_60m,7,True,0.0,True,0.0,True,-0.000872667539334206,True,0.0,True,0.0,True,9.599999999999909,True,0,0,0.03755747938448892,0.10036735427852134,True
ZFCVINDIA,2026-09-08,fyers_1m_agg,7,True,0.0,True,0.0,True,-0.000872667539334206,True,0.0,True,0.0,True,9.599999999999909,True,0,0,0.03755747938448892,0.10036735427852134,True
ZFCVINDIA,2026-09-08,yahoo_1h,7,True,-9.765625009094947e-05,True,-4.882812481810106e-05,True,-0.03820487153820487,False,-0.6999999999998181,False,0.0,True,9.599999999999909,True,0,1,0.0,0.10448995930348923,False
ACC,2026-09-09,fyers_60m,8,True,0.0,True,0.0,True,0.0,True,0.0,True,0.0,True,0.2999999999999545,False,0,0,0.14205370990123256,0.05419149457187168,False
ACC,2026-09-09,fyers_1m_agg,7,True,0.0,True,0.0,True,-0.001787609174761244,True,0.0,True,0.0,True,0.2999999999999545,True,0,0,0.14230810116852427,0.05428854126632377,True
ACC,2026-09-09,yahoo_1h,7,True,0.0,True,-2.441406240905053e-05,True,-0.1439637580605665,False,0.0999755859375,False,-0.300048828125,False,-4.8828125045474735e-05,True,0,1,0.0,0.06330514050327539,False
APTUS,2026-09-09,fyers_60m,8,True,0.0,True,0.0,True,-8.829538691921502e-07,True,0.0,True,0.0,True,0.4700000000000273,False,0,0,0.12127558692202893,0.05673866573191201,False
APTUS,2026-09-09,fyers_1m_agg,7,True,0.0,True,0.0,True,-0.0002286850521207669,True,0.0,True,0.0,True,0.4700000000000273,True,0,0,0.12130322007448537,0.056751593875490926,True
APTUS,2026-09-09,yahoo_1h,7,True,-0.050009765625020464,False,0.06000244140625455,False,-0.1215015160317934,False,0.0,True,0.0,True,0.4700000000000273,True,0,1,0.0,0.06487134078560416,False
ASTERDM,2026-09-09,fyers_60m,8,True,0.0,True,0.0,True,-2.0023681340465325e-06,True,0.0,True,-1.7000000000000455,False,-2.3500000000000227,False,0,0,0.08908153192148298,0.03783682402419399,False
ASTERDM,2026-09-09,fyers_1m_agg,7,True,0.0,True,0.0,True,-0.00015284743423221863,True,0.0,True,-1.7000000000000455,False,-2.3500000000000227,True,0,0,0.08909497148525665,0.03784253239492469,False
ASTERDM,2026-09-09,yahoo_1h,7,True,-0.2999999999999545,False,0.25,False,-0.08926824123997314,False,0.4000244140625,False,-1.7000000000000455,False,-2.3500000000000227,True,0,1,0.0,0.04201154723917208,False
BOSCHLTD,2026-09-09,fyers_60m,8,True,0.0,True,0.0,True,-0.00024754225899992926,True,0.0,True,0.0,True,0.0,False,0,0,0.11028969615507056,0.039793427894308654,False
BOSCHLTD,2026-09-09,fyers_1m_agg,7,True,0.0,True,0.0,True,-0.0029351439281420184,True,0.0,True,0.0,True,0.0,True,0,0,0.11058698350771413,0.03990069161198794,True
BOSCHLTD,2026-09-09,yahoo_1h,7,True,0.0,True,25.0,False,-0.11323290190253908,False,40.0,False,0.0,True,0.0,True,0,1,0.0,0.044823735843037164,False
BRIGADE,2026-09-09,fyers_60m,8,True,0.0,True,0.0,True,-0.0003678213767439187,True,0.0,True,0.0,True,-5.0,False,0,0,0.16150425306223357,0.12758036835917175,False
BRIGADE,2026-09-09,fyers_1m_agg,7,True,0.0,True,0.0,True,-0.0014827799249989223,True,0.0,True,0.0,True,-5.0,True,0,0,0.16168459101125535,0.12772282641540927,True
BRIGADE,2026-09-09,yahoo_1h,7,True,-3.7999999999999545,False,1.6000244140625455,False,-0.16292762827052112,False,-1.5,False,2.4414062522737368e-05,True,-4.999975585937477,True,0,1,0.0,0.15254534032276337,False
CANBK,2026-09-09,fyers_60m,8,True,0.0,True,0.0,True,-0.00014649017884009333,True,0.0,True,0.0,True,0.0,False,0,0,0.29019061721456096,0.024677251347360894,False
CANBK,2026-09-09,fyers_1m_agg,7,True,0.0,True,0.0,True,-0.004014559067774195,True,0.0,True,0.0,True,0.0,True,0,0,0.29131761892781655,0.024773089403097723,True
CANBK,2026-09-09,yahoo_1h,7,True,-0.009997253417964203,True,9.155273374972239e-07,True,-0.29369920897445095,False,0.17999847412109204,False,1.8310546892053026e-06,True,1.8310546892053026e-06,True,0,1,0.0,0.0349395228506881,False
COFORGE,2026-09-09,fyers_60m,8,True,0.0,True,0.0,True,-6.597621405230613e-05,True,0.0,True,0.0,True,0.0,False,0,0,0.48375613803835993,0.002870385374498317,False
COFORGE,2026-09-09,fyers_1m_agg,7,True,0.0,True,0.0,True,-0.008861574428689817,True,0.0,True,0.0,True,0.0,True,0,0,0.488049105109632,0.0028958578572755903,True
COFORGE,2026-09-09,yahoo_1h,7,True,-2.441406240905053e-05,True,1.2999999999999545,False,-0.14718979622023654,False,5.5,False,0.0,True,0.0,True,0,0,0.40500933336853456,0.003365357773356468,False
CUB,2026-09-09,fyers_60m,8,True,0.0,True,0.0,True,-3.4459468772829395e-05,True,0.0,True,-0.25,False,0.0800000000000125,False,0,0,0.2434300758823651,0.07379700310441284,False
CUB,2026-09-09,fyers_1m_agg,7,True,0.0,True,0.0,True,-0.0031121823083118207,True,0.0,True,-0.25,False,0.0800000000000125,True,0,0,0.24418162514505815,0.07402483889286685,False
CUB,2026-09-09,yahoo_1h,7,True,-0.06000549316405568,False,-4.272460927268185e-06,True,-0.24642359941950565,False,0.35000305175782387,False,-0.25,False,0.0800000000000125,True,0,1,0.0,0.09801710746187926,False
DABUR,2026-09-09,fyers_60m,8,True,0.0,True,0.0,True,-6.64769151774954e-05,True,0.0,True,0.0,True,0.0,False,0,0,0.1914633887697935,0.031193205362882042,False
DABUR,2026-09-09,fyers_1m_agg,7,True,0.0,True,0.0,True,-0.0011704831077264527,True,0.0,True,0.0,True,0.0,True,0,0,0.19167501323950872,0.03122768321050635,True
DABUR,2026-09-09,yahoo_1h,7,True,-1.1999999999999886,False,0.05000610351561363,False,-0.19262318315124233,False,-1.1999999999999886,False,-1.2207031261368684e-05,True,-1.2207031261368684e-05,True,0,1,0.0,0.03862763055073293,False
GRASIM,2026-09-09,fyers_60m,8,True,0.0,True,0.0,True,-0.00016688192868500565,True,0.0,True,0.0,True,0.0,False,0,0,0.3077499033216222,0.03368874146497422,False
GRASIM,2026-09-09,fyers_1m_agg,7,True,0.0,True,0.0,True,-0.0006393223183425569,True,0.0,True,0.0,True,0.0,True,0,0,0.30789538981862913,0.03370466756903277,True
GRASIM,2026-09-09,yahoo_1h,6,True,-4.0,False,0.0,True,-0.3082685294764021,False,-0.800048828125,False,0.0,True,0.0,False,0,1,0.0,0.0,False
HDFCBANK,2026-09-09,fyers_60m,8,True,0.0,True,0.0,True,-0.0009178028584782913,True,0.0,True,0.0,True,0.0,False,0,0,0.24311518850869268,0.04970722087332129,False
HDFCBANK,2026-09-09,fyers_1m_agg,7,True,0.0,True,0.0,True,-0.00814693627072453,True,0.0,True,0.0,True,0.0,True,0,0,0.24488713658905112,0.05006951257194663,True
HDFCBANK,2026-09-09,yahoo_1h,7,True,0.0,True,-2.4414062522737368e-05,True,-0.2510390184916063,False,-0.0999755859375,False,-2.4414062522737368e-05,True,-2.4414062522737368e-05,True,0,1,0.0,0.06630698447398567,False
INDIANB,2026-09-09,fyers_60m,8,True,0.0,True,0.0,True,-2.7325372086176026e-06,True,0.0,True,0.0,True,0.0,False,0,0,0.07359357633397708,0.012314895715848144,False
INDIANB,2026-09-09,fyers_1m_agg,7,True,0.0,True,0.0,True,-0.0007384681806289071,True,0.0,True,0.0,True,0.0,True,0,0,0.07364776176542974,0.012323962919412618,True
INDIANB,2026-09-09,yahoo_1h,7,True,1.2207031204525265e-05,True,-1.2207031204525265e-05,True,-0.07433252655172248,False,1.2000244140624545,False,2.4414062522737368e-05,True,2.4414062522737368e-05,True,0,1,0.0,0.013286052707320133,False
LATENTVIEW,2026-09-09,fyers_60m,8,True,0.0,True,0.0,True,-5.363346067842202e-05,True,0.0,True,0.0,True,0.35000000000002274,False,0,0,0.17257904139487484,0.07408622247527571,False
LATENTVIEW,2026-09-09,fyers_1m_agg,7,True,0.0,True,0.0,True,-0.0010004703241936416,True,0.0,True,0.0,True,0.35000000000002274,True,0,0,0.17274260923791057,0.07415644029263639,True
LATENTVIEW,2026-09-09,yahoo_1h,7,True,6.1035156022626325e-06,True,0.25,False,-0.17358263266030216,False,0.9499999999999886,False,-0.350006103515625,False,-6.1035156022626325e-06,True,0,1,0.0,0.08966262630296737,False
NATCOPHARM,2026-09-09,fyers_60m,8,True,-6.829999999999927,False,-6.6400000000001,False,-0.009116363873152308,True,-6.740000000000009,False,-6.720000000000027,False,-7.269999999999982,False,0,0,0.19754785531219782,0.046192698016316334,False
NATCOPHARM,2026-09-09,fyers_1m_agg,7,True,-6.829999999999927,False,-6.6400000000001,False,-0.011780574703020493,False,-6.740000000000009,False,-6.720000000000027,False,-7.269999999999982,True,0,0,0.19808043858476587,0.046317232186729874,False
NATCOPHARM,2026-09-09,yahoo_1h,7,True,2.4414062522737368e-05,True,0.7500122070312045,False,-0.20100652099089295,False,2.4414062522737368e-05,True,1.25,False,0.7000000000000455,True,0,1,0.0,0.05793389295735293,False
POONAWALLA,2026-09-09,fyers_60m,8,True,3.3999999999999773,False,0.0,True,-6.53810469684988e-05,True,0.0,True,0.0,True,0.8499999999999659,False,0,0,0.19737545393500283,0.07151078494560045,False
POONAWALLA,2026-09-09,fyers_1m_agg,7,True,0.0,True,0.0,True,-0.0035295387419026093,True,0.0,True,0.0,True,0.8499999999999659,True,0,0,0.19806161546625065,0.07175938703223662,True
POONAWALLA,2026-09-09,yahoo_1h,7,True,6.1035156022626325e-06,True,6.1035156022626325e-06,True,-0.20044583647266137,False,1.850006103515625,False,-0.8499938964843636,False,6.1035156022626325e-06,True,0,1,0.0,0.08940521990145839,False
PREMIERENE,2026-09-09,fyers_60m,8,True,0.0,True,0.0,True,-0.00039760681827140436,True,0.0,True,0.0,True,0.0,False,0,0,0.3096617454681368,0.007226635165509662,False
PREMIERENE,2026-09-09,fyers_1m_agg,7,True,0.0,True,0.0,True,-0.0032408383334104553,True,0.0,True,0.0,True,0.0,True,0,0,0.31054504814305367,0.007247248968363136,True
PREMIERENE,2026-09-09,yahoo_1h,7,True,-0.5,False,0.0999755859375,False,-0.3128291610324752,False,-1.4999755859374773,False,2.4414062522737368e-05,True,2.4414062522737368e-05,True,0,1,0.0,0.010262920305867448,False
PVRINOX,2026-09-09,fyers_60m,8,True,0.0,True,0.0,True,-0.0002639083228537523,True,0.0,True,0.0,True,-1.2000000000000455,False,0,0,0.32796164701005065,0.08730053273947144,False
PVRINOX,2026-09-09,fyers_1m_agg,7,True,0.0,True,0.0,True,-0.004576772525195274,True,0.0,True,0.0,True,-1.2000000000000455,True,0,0,0.3293826044561802,0.08767877923011498,True
PVRINOX,2026-09-09,yahoo_1h,7,True,-0.699951171875,False,1.5999755859375,False,-0.33245009653022545,False,4.8828125045474735e-05,True,1.199951171875,False,-4.8828125045474735e-05,True,0,1,0.0,0.1307456778069049,False
RELIANCE,2026-09-09,fyers_60m,8,True,0.0,True,0.0,True,-6.220778899117975e-05,True,0.0,True,0.0,True,0.0,False,0,0,0.27104171530381305,0.053493468557560965,False
RELIANCE,2026-09-09,fyers_1m_agg,7,True,0.0,True,0.0,True,-0.01676894883401127,False,0.0,True,0.0,True,0.0,True,0,0,0.2756471676485177,0.05440241211231473,False
RELIANCE,2026-09-09,yahoo_1h,7,True,-0.10002441406254547,False,0.7000244140624545,False,-0.28765589284264004,False,1.699951171875,False,0.0,True,0.0,True,0,1,0.0,0.0752085973541147,False
SAMMAANCAP,2026-09-09,fyers_60m,8,True,0.0,True,0.0,True,-0.000154377765934973,True,0.0,True,0.0,True,0.12999999999999545,False,0,0,0.1861456130045739,0.05246112194746887,False
SAMMAANCAP,2026-09-09,fyers_1m_agg,7,True,0.0,True,0.0,True,-0.001856908269606497,True,0.0,True,0.0,True,0.12999999999999545,True,0,0,0.1864631211723813,0.052550604769232984,True
SAMMAANCAP,2026-09-09,yahoo_1h,7,True,-0.2300054931640716,False,0.040006103515622726,True,-0.18798607641720247,False,0.0099945068359375,True,-0.1299951171874909,False,4.8828125045474735e-06,True,0,1,0.0,0.06466163638775378,False
TCS,2026-09-09,fyers_60m,8,True,0.0,True,0.0,True,-0.0001955448416368676,True,0.0,True,0.0,True,0.0,False,0,0,0.24207814301130287,0.04563763647781868,False
TCS,2026-09-09,fyers_1m_agg,7,True,0.0,True,0.0,True,-0.005978509058117767,True,0.0,True,0.0,True,0.0,True,0,0,0.2434864920775791,0.04590314463944395,True
TCS,2026-09-09,yahoo_1h,6,True,-2.10009765625,False,0.4999511718751819,False,-0.2480167331786185,False,-2.10009765625,False,0.0,True,0.0,False,0,1,0.0,0.0,False
TMCV,2026-09-09,fyers_60m,8,True,0.0,True,0.0,True,-0.00025592337647067936,True,0.0,True,0.0,True,-0.9499999999999886,False,0,0,0.19312037780720692,0.11318969551406759,False
TMCV,2026-09-09,fyers_1m_agg,7,True,0.0,True,0.0,True,-0.0016703664667859332,True,0.0,True,0.0,True,-0.9499999999999886,True,0,0,0.19339399262821722,0.1133500637705403,True
TMCV,2026-09-09,yahoo_1h,7,True,-0.49999389648439774,False,0.05000610351561363,False,-0.19462761564603578,False,-1.2207031261368684e-05,True,0.399993896484375,False,-0.5500061035156136,True,0,1,0.0,0.14095142682990527,False
TMPV,2026-09-09,fyers_60m,8,True,0.0,True,0.0,True,-0.0002860193621051025,True,0.0,True,0.0,True,0.0,False,0,0,0.2824293693061343,0.033727657491245504,False
TMPV,2026-09-09,fyers_1m_agg,7,True,0.0,True,0.0,True,-0.0027214871400301453,True,0.0,True,0.0,True,0.0,True,0,0,0.283119094011535,0.033810024274431534,True
TMPV,2026-09-09,yahoo_1h,7,True,-0.7499877929687386,False,0.05000610351561363,False,-0.28488561233675813,False,-0.7499877929687386,False,0.0,True,0.0,True,0,1,0.0,0.04714489736152732,False
VEDL,2026-09-09,fyers_60m,8,True,0.0,True,0.0,True,-0.0017481885778373003,True,0.0,True,0.0,True,0.0,False,0,0,0.20442790737389405,0.08058325967332196,False
VEDL,2026-09-09,fyers_1m_agg,7,True,0.0,True,0.0,True,-0.008386325239280054,True,0.0,True,0.0,True,0.0,True,0,0,0.20579640442178734,0.08112270633884432,True
VEDL,2026-09-09,yahoo_1h,7,True,0.0,True,0.6500122070312386,False,-0.2124585912669092,False,-1.899993896484375,False,0.0,True,0.0,True,0,1,0.0,0.10224898112481702,False
VIJAYA,2026-09-09,fyers_60m,8,True,0.0,True,0.0,True,-4.389854169044504e-05,True,0.0,True,0.0,True,-3.900000000000091,False,0,0,0.5529228932164996,0.10974766010500993,False
VIJAYA,2026-09-09,fyers_1m_agg,7,True,0.0,True,0.0,True,-0.0006549662420214401,True,0.0,True,0.0,True,-3.900000000000091,True,0,0,0.5532609879779731,0.1098147673082397,True
VIJAYA,2026-09-09,yahoo_1h,7,True,-0.300048828125,False,1.4999511718749545,False,-0.13142872193785723,False,1.2000000000000455,False,3.9000244140625,False,2.441406240905053e-05,True,0,0,0.4860011280771944,0.12670449835943612,False
ZFCVINDIA,2026-09-09,fyers_60m,8,True,0.0,True,0.0,True,-3.3783783783783784e-05,True,0.0,True,0.0,True,4.5,False,0,0,0.04506909017196527,0.03991125826322962,False
ZFCVINDIA,2026-09-09,fyers_1m_agg,7,True,0.0,True,0.0,True,-0.00030405405405405404,True,0.0,True,0.0,True,4.5,True,0,0,0.04508127471190565,0.039922048370563123,True
ZFCVINDIA,2026-09-09,yahoo_1h,7,True,-0.09995117187509095,False,-9.765625009094947e-05,True,-0.045382882882882884,False,-0.09995117187509095,False,-4.500097656250091,False,-9.765625009094947e-05,True,0,1,0.0,0.04179544650230034,False
ACC,2026-09-10,fyers_60m,7,True,0.0,True,0.0,True,-0.0017080350328887597,True,0.0,True,0.0,True,0.7000000000000455,True,0,0,0.32107753913360026,0.060921004732435384,True
ACC,2026-09-10,fyers_1m_agg,7,True,0.0,True,0.0,True,-0.0017080350328887597,True,0.0,True,0.0,True,0.7000000000000455,True,0,0,0.32107753913360026,0.060921004732435384,True
ACC,2026-09-10,yahoo_1h,7,True,4.8828125045474735e-05,True,0.900000000000091,False,-0.32151942435585273,False,-1.3999511718750455,False,-2.0,False,-1.2999999999999545,True,0,1,0.0,0.09069484058436776,False
APTUS,2026-09-10,fyers_60m,7,True,0.0,True,0.0,True,-0.0014261785174871238,True,0.0,True,0.0,True,0.4000000000000057,True,0,0,0.07010931601342682,0.03227176090160328,True
APTUS,2026-09-10,fyers_1m_agg,7,True,0.0,True,0.0,True,-0.0014261785174871238,True,0.0,True,0.0,True,0.4000000000000057,True,0,0,0.07010931601342682,0.03227176090160328,True
APTUS,2026-09-10,yahoo_1h,7,True,-0.5500000000000114,False,0.07999267578125568,False,-0.071437963999592,False,0.0,True,6.103515630684342e-06,True,0.40000610351563637,True,0,1,0.0,0.03711306368724548,False
ASTERDM,2026-09-10,fyers_60m,7,True,0.0,True,0.0,True,-0.0009790842012413067,True,0.0,True,0.0,True,1.4500000000000455,True,0,0,0.2600899958455755,0.061070039592165656,True
ASTERDM,2026-09-10,fyers_1m_agg,7,True,0.0,True,0.0,True,-0.0009790842012413067,True,0.0,True,0.0,True,1.4500000000000455,True,0,0,0.2600899958455755,0.061070039592165656,True
ASTERDM,2026-09-10,yahoo_1h,7,True,-0.049999999999954525,True,0.0,True,-0.2610564508547735,False,0.30002441406247726,False,-1.9500000000000455,False,-0.5,True,0,1,0.0,0.0826304677349502,False
BOSCHLTD,2026-09-10,fyers_60m,0,False,,False,,False,,False,,False,,False,,False,0,0,,,False
BOSCHLTD,2026-09-10,fyers_1m_agg,0,False,,False,,False,,False,,False,,False,,False,0,0,,,False
BOSCHLTD,2026-09-10,yahoo_1h,6,True,-100.0,False,15.0,False,-0.13843856655290102,False,-35.0,False,0.0,True,0.0,False,0,1,0.0,0.0,False
BRIGADE,2026-09-10,fyers_60m,7,True,0.0,True,0.0,True,-0.00565543648086614,True,0.0,True,0.0,True,0.6499999999999773,True,0,0,0.3772462709688842,0.06590536891957686,True
BRIGADE,2026-09-10,fyers_1m_agg,7,True,0.0,True,0.0,True,-0.00565543648086614,True,0.0,True,0.0,True,0.6499999999999773,True,0,0,0.3772462709688842,0.06590536891957686,True
BRIGADE,2026-09-10,yahoo_1h,7,True,0.0,True,0.5000244140625227,False,-0.3808287304975464,False,-0.14998779296877274,False,-0.6499755859374545,False,2.4414062522737368e-05,True,0,1,0.0,0.10579486085936667,False
CANBK,2026-09-10,fyers_60m,7,True,0.0,True,0.0,True,-0.001482120251395518,True,0.0,True,0.0,True,0.0,True,0,0,0.5293105104898985,0.016498616520364034,True
CANBK,2026-09-10,fyers_1m_agg,7,True,0.0,True,0.0,True,-0.001482120251395518,True,0.0,True,0.0,True,0.0,True,0,0,0.5293105104898985,0.016498616520364034,True
CANBK,2026-09-10,yahoo_1h,7,True,-0.08999786376952557,False,-3.051757815342171e-06,True,-0.42453130577380166,False,0.0800018310546875,False,-1.5258789005656581e-06,True,-1.5258789005656581e-06,True,0,0,0.18329944980264573,0.02862825325726532,False
COFORGE,2026-09-10,fyers_60m,7,True,0.0,True,0.0,True,-0.00508257323846854,True,0.0,True,0.0,True,0.0,True,0,0,0.42116495572974044,0.011552465205555161,True
COFORGE,2026-09-10,fyers_1m_agg,7,True,0.0,True,0.0,True,-0.00508257323846854,True,0.0,True,0.0,True,0.0,True,0,0,0.42116495572974044,0.011552465205555161,True
COFORGE,2026-09-10,yahoo_1h,7,True,0.0,True,0.0,True,-0.42410952796715645,False,-1.0,False,-2.441406240905053e-05,True,-2.441406240905053e-05,True,0,1,0.0,0.019982735907119697,False
CUB,2026-09-10,fyers_60m,7,True,0.0,True,0.0,True,-0.0046260364553789195,True,0.0,True,0.0,True,-0.14999999999997726,True,0,0,0.26195315843181144,0.09543324884514522,True
CUB,2026-09-10,fyers_1m_agg,7,True,0.0,True,0.0,True,-0.0046260364553789195,True,0.0,True,0.0,True,-0.14999999999997726,True,0,0,0.26195315843181144,0.09543324884514522,True
CUB,2026-09-10,yahoo_1h,7,True,-1.049997558593759,False,0.08999328613282387,False,-0.2653824074093035,False,-0.25,False,3.0517578011313162e-06,True,-0.14999694824217613,True,0,1,0.0,0.1293310115667093,False
DABUR,2026-09-10,fyers_60m,7,True,0.0,True,0.0,True,-0.002473134205856465,True,0.0,True,0.0,True,0.0,True,0,0,0.21158923157893245,0.023438826257046377,True
DABUR,2026-09-10,fyers_1m_agg,7,True,0.0,True,0.0,True,-0.002473134205856465,True,0.0,True,0.0,True,0.0,True,0,0,0.21158923157893245,0.023438826257046377,True
DABUR,2026-09-10,yahoo_1h,6,True,-0.04998779296875,True,0.350006103515625,False,-0.21352822806986096,False,-1.0500061035156136,False,1.2207031261368684e-05,True,1.2207031261368684e-05,False,0,1,0.0,0.0,False
GRASIM,2026-09-10,fyers_60m,7,True,0.0,True,0.0,True,-0.001030025040590371,True,0.0,True,0.0,True,0.0,True,0,0,0.1645446300548618,0.024892982068751145,True
GRASIM,2026-09-10,fyers_1m_agg,7,True,0.0,True,0.0,True,-0.001030025040590371,True,0.0,True,0.0,True,0.0,True,0,0,0.1645446300548618,0.024892982068751145,True
GRASIM,2026-09-10,yahoo_1h,6,True,-1.200048828125091,False,2.599999999999909,False,-0.1647812853538581,False,-1.0,False,0.0,True,0.0,False,0,1,0.0,0.0,False
HDFCBANK,2026-09-10,fyers_60m,7,True,0.0,True,0.0,True,-0.00729960207765567,True,0.0,True,0.0,True,0.0,True,0,0,0.24581404617398436,0.03169202727221209,True
HDFCBANK,2026-09-10,fyers_1m_agg,7,True,0.0,True,0.0,True,-0.00729960207765567,True,0.0,True,0.0,True,0.0,True,0,0,0.24581404617398436,0.03169202727221209,True
HDFCBANK,2026-09-10,yahoo_1h,6,True,0.0,True,0.049999999999954525,True,-0.25019366016437994,False,0.6000122070312273,False,-1.2207031204525265e-05,True,-1.2207031204525265e-05,False,0,1,0.0,0.0,False
INDIANB,2026-09-10,fyers_60m,7,True,0.0,True,0.0,True,-0.0028592281015470482,True,0.0,True,0.0,True,0.0,True,0,0,0.21210551654862694,0.014958678317515926,True
INDIANB,2026-09-10,fyers_1m_agg,7,True,0.0,True,0.0,True,-0.0028592281015470482,True,0.0,True,0.0,True,0.0,True,0,0,0.21210551654862694,0.014958678317515926,True
INDIANB,2026-09-10,yahoo_1h,6,True,-2.4414062522737368e-05,True,0.39999999999997726,False,-0.21427446557750143,False,-1.3499755859375,False,0.0,True,0.0,False,0,1,0.0,0.0,False
LATENTVIEW,2026-09-10,fyers_60m,7,True,0.0,True,0.0,True,-0.0024565080114081895,True,0.0,True,0.0,True,-0.20000000000001705,True,0,0,0.3245567049035498,0.06629774682963138,True
LATENTVIEW,2026-09-10,fyers_1m_agg,7,True,0.0,True,0.0,True,-0.0024565080114081895,True,0.0,True,0.0,True,-0.20000000000001705,True,0,0,0.3245567049035498,0.06629774682963138,True
LATENTVIEW,2026-09-10,yahoo_1h,7,True,0.0,True,0.0500030517578125,False,-0.3262853296508844,False,0.25,False,0.20000305175781818,False,3.0517578011313162e-06,True,0,1,0.0,0.0981851329220184,False
NATCOPHARM,2026-09-10,fyers_60m,7,True,-6.779999999999973,False,-6.649999999999977,False,-0.012174030707819035,False,-6.719999999999914,False,-6.669999999999959,False,-6.519999999999982,True,0,0,0.22185455977535015,0.06314424163556043,False
NATCOPHARM,2026-09-10,fyers_1m_agg,7,True,-6.779999999999973,False,-6.649999999999977,False,-0.012174030707819035,False,-6.719999999999914,False,-6.669999999999959,False,-6.519999999999982,True,0,0,0.22185455977535015,0.06314424163556043,False
NATCOPHARM,2026-09-10,yahoo_1h,7,True,-0.8000244140624773,False,0.0,True,-0.22502293995018754,False,0.7000000000000455,False,-1.2999999999999545,False,-1.1499999999999773,True,0,1,0.0,0.08117442926360818,False
POONAWALLA,2026-09-10,fyers_60m,7,True,0.0,True,0.0,True,-0.001121323639053078,True,0.0,True,0.0,True,-0.44999999999998863,True,0,0,0.202574376061129,0.07087595265249903,True
POONAWALLA,2026-09-10,fyers_1m_agg,7,True,0.0,True,0.0,True,-0.001121323639053078,True,0.0,True,0.0,True,-0.44999999999998863,True,0,0,0.202574376061129,0.07087595265249903,True
POONAWALLA,2026-09-10,yahoo_1h,7,True,-0.7999938964843523,False,0.29998779296875,False,-0.2035480747628619,False,0.8499877929687614,False,0.44999389648438637,False,-6.1035156022626325e-06,True,0,1,0.0,0.08897720152672137,False
PREMIERENE,2026-09-10,fyers_60m,7,True,0.0,True,0.0,True,-0.0012457338399519027,True,0.0,True,0.0,True,0.0,True,0,0,0.15398406053126185,0.0032790455678435738,True
PREMIERENE,2026-09-10,fyers_1m_agg,7,True,0.0,True,0.0,True,-0.0012457338399519027,True,0.0,True,0.0,True,0.0,True,0,0,0.15398406053126185,0.0032790455678435738,True
PREMIERENE,2026-09-10,yahoo_1h,7,True,-0.09998779296870453,False,1.0000122070312045,False,-0.15506415478922728,False,0.79998779296875,False,2.4414062522737368e-05,True,2.4414062522737368e-05,True,0,1,0.0,0.0038890981297049388,False
PVRINOX,2026-09-10,fyers_60m,7,True,0.0,True,0.0,True,-0.002135348666378915,True,0.0,True,0.0,True,-1.2999999999999545,True,0,0,0.2611076259267269,0.1294012393524632,True
PVRINOX,2026-09-10,fyers_1m_agg,7,True,0.0,True,0.0,True,-0.002135348666378915,True,0.0,True,0.0,True,-1.2999999999999545,True,0,0,0.2611076259267269,0.1294012393524632,True
PVRINOX,2026-09-10,yahoo_1h,7,True,-0.4000244140625,False,0.09999999999990905,False,-0.26293608430940973,False,1.800048828125,False,0.0,True,-1.2999999999999545,True,0,1,0.0,0.17499363474338922,False
RELIANCE,2026-09-10,fyers_60m,7,True,0.0,True,0.0,True,-0.008354059813820428,True,0.0,True,0.0,True,0.0,True,0,0,0.22178727176536453,0.055203175295026184,True
RELIANCE,2026-09-10,fyers_1m_agg,7,True,0.0,True,0.0,True,-0.008354059813820428,True,0.0,True,0.0,True,0.0,True,0,0,0.22178727176536453,0.055203175295026184,True
RELIANCE,2026-09-10,yahoo_1h,7,True,4.8828125045474735e-05,True,0.7000000000000455,False,-0.22829431634563346,False,1.0,False,0.0,True,0.0,True,0,1,0.0,0.07092940639716236,False
SAMMAANCAP,2026-09-10,fyers_60m,7,True,0.0,True,0.0,True,-0.0019486715057628898,True,0.0,True,0.0,True,0.22999999999998977,True,0,0,0.21472971046201197,0.04095637509648808,True
SAMMAANCAP,2026-09-10,fyers_1m_agg,7,True,0.0,True,0.0,True,-0.0019486715057628898,True,0.0,True,0.0,True,0.22999999999998977,True,0,0,0.21472971046201197,0.04095637509648808,True
SAMMAANCAP,2026-09-10,yahoo_1h,7,True,1.2207031261368684e-06,True,0.0099945068359375,True,-0.2166069679923639,False,-0.029998779296875,True,-0.4900054931640625,False,-0.26000549316407273,True,0,1,0.0,0.051744665881939086,False
TCS,2026-09-10,fyers_60m,7,True,0.0,True,0.0,True,-0.011278198507213422,False,0.0,True,0.0,True,0.0,True,0,0,0.31763479167571795,0.03842182474635773,False
TCS,2026-09-10,fyers_1m_agg,7,True,0.0,True,0.0,True,-0.011278198507213422,False,0.0,True,0.0,True,0.0,True,0,0,0.31763479167571795,0.03842182474635773,False
TCS,2026-09-10,yahoo_1h,6,True,0.0,True,9.765625009094947e-05,True,-0.3253310434090004,False,0.0,True,9.765625009094947e-05,True,9.765625009094947e-05,False,0,1,0.0,0.0,False
TMCV,2026-09-10,fyers_60m,7,True,0.0,True,0.0,True,-0.005705830788214471,True,0.0,True,0.0,True,-0.44999999999998863,True,0,0,0.21077826772240738,0.09616536653266627,True
TMCV,2026-09-10,fyers_1m_agg,7,True,0.0,True,0.0,True,-0.005705830788214471,True,0.0,True,0.0,True,-0.44999999999998863,True,0,0,0.21077826772240738,0.09616536653266627,True
TMCV,2026-09-10,yahoo_1h,7,True,-0.30000610351561363,False,0.20001220703125,False,-0.21521577210624174,False,0.0,True,1.1500122070312386,False,0.70001220703125,True,0,1,0.0,0.12221210048917283,False
TMPV,2026-09-10,fyers_60m,7,True,0.0,True,0.0,True,-0.004993293514588353,True,0.0,True,0.0,True,0.0,True,0,0,0.24627727108369185,0.024234542188787355,True
TMPV,2026-09-10,fyers_1m_agg,7,True,0.0,True,0.0,True,-0.004993293514588353,True,0.0,True,0.0,True,0.0,True,0,0,0.24627727108369185,0.024234542188787355,True
TMPV,2026-09-10,yahoo_1h,7,True,-0.100006103515625,False,0.05000610351561363,False,-0.2500429595746077,False,0.649993896484375,False,0.0,True,0.0,True,0,1,0.0,0.03235448371458211,False
VEDL,2026-09-10,fyers_60m,7,True,0.0,True,0.0,True,-0.006379743002623997,True,0.0,True,0.0,True,0.0,True,0,0,0.2550231102516681,0.047546441666519224,True
VEDL,2026-09-10,fyers_1m_agg,7,True,0.0,True,0.0,True,-0.006379743002623997,True,0.0,True,0.0,True,0.0,True,0,0,0.2550231102516681,0.047546441666519224,True
VEDL,2026-09-10,yahoo_1h,7,True,-0.20000610351564774,False,-1.2207031261368684e-05,True,-0.25978621263204005,False,0.54998779296875,False,-1.2207031261368684e-05,True,-1.2207031261368684e-05,True,0,1,0.0,0.06385098103425971,False
VIJAYA,2026-09-10,fyers_60m,7,True,0.0,True,0.0,True,-0.0035878627727914713,True,0.0,True,0.0,True,4.2000000000000455,True,0,0,0.42013694402213053,0.0923857751968999,True
VIJAYA,2026-09-10,fyers_1m_agg,7,True,0.0,True,0.0,True,-0.0035878627727914713,True,0.0,True,0.0,True,4.2000000000000455,True,0,0,0.42013694402213053,0.0923857751968999,True
VIJAYA,2026-09-10,yahoo_1h,7,True,4.8828125045474735e-05,True,0.10004882812495453,False,-0.42238826370221877,False,11.0999755859375,False,-4.199951171875,False,4.8828125045474735e-05,True,0,1,0.0,0.15935084398170057,False
ZFCVINDIA,2026-09-10,fyers_60m,7,True,0.0,True,0.0,True,-0.0003313615276993692,True,0.0,True,0.0,True,0.599999999999909,True,0,0,0.08337118654471794,0.033245350193358295,True
ZFCVINDIA,2026-09-10,fyers_1m_agg,7,True,0.0,True,0.0,True,-0.0003313615276993692,True,0.0,True,0.0,True,0.599999999999909,True,0,0,0.08337118654471794,0.033245350193358295,True
ZFCVINDIA,2026-09-10,yahoo_1h,7,True,-0.09995117187509095,False,0.0,True,-0.08362583147198155,False,0.09999999999990905,False,-0.60009765625,False,-9.765625009094947e-05,True,0,1,0.0,0.036253816896126854,False
ACC,2026-09-11,fyers_60m,7,True,0.0,True,0.0,True,-0.0038575481746010434,True,0.0,True,0.0,True,0.5,True,0,0,0.4474384085967403,0.033621448723247495,True
ACC,2026-09-11,fyers_1m_agg,7,True,0.0,True,0.0,True,-0.0038575481746010434,True,0.0,True,0.0,True,0.5,True,0,0,0.4474384085967403,0.033621448723247495,True
ACC,2026-09-11,yahoo_1h,7,True,-3.2000000000000455,False,-2.441406240905053e-05,True,-0.4493819867715633,False,-6.999975585937591,False,0.0,True,0.5,True,0,1,0.0,0.061280884265279584,False
APTUS,2026-09-11,fyers_60m,7,True,0.0,True,0.0,True,-0.0043546146526281014,True,0.0,True,-0.18999999999999773,False,-2.3000000000000114,True,0,0,0.15367732518375815,0.045486596178607015,False
APTUS,2026-09-11,fyers_1m_agg,7,True,0.0,True,0.0,True,-0.0043546146526281014,True,0.0,True,-0.18999999999999773,False,-2.3000000000000114,True,0,0,0.15367732518375815,0.045486596178607015,False
APTUS,2026-09-11,yahoo_1h,7,True,-3.0517578011313162e-06,True,0.6199951171875,False,-0.15731880154959613,False,1.1799969482421773,False,-0.19000244140625,False,-2.3000024414062636,True,0,1,0.0,0.054293900890248555,False
ASTERDM,2026-09-11,fyers_60m,7,True,0.0,True,0.0,True,-0.0005812839880412062,True,0.0,True,2.5,False,2.9500000000000455,True,0,0,0.21266869540001934,0.097267542821717,False
ASTERDM,2026-09-11,fyers_1m_agg,7,True,0.0,True,0.0,True,-0.0005812839880412062,True,0.0,True,2.5,False,2.9500000000000455,True,0,0,0.21266869540001934,0.097267542821717,False
ASTERDM,2026-09-11,yahoo_1h,7,True,2.4414062522737368e-05,True,0.24998779296879547,False,-0.2131030404983386,False,-0.20001220703125,False,2.5,False,2.9500000000000455,True,0,1,0.0,0.12347576140493471,False
BOSCHLTD,2026-09-11,fyers_60m,7,True,0.0,True,0.0,True,-0.0006030756859985928,True,0.0,True,0.0,True,0.0,True,0,0,0.18228904757115558,0.035804083274665596,True
BOSCHLTD,2026-09-11,fyers_1m_agg,7,True,0.0,True,0.0,True,-0.0006030756859985928,True,0.0,True,0.0,True,0.0,True,0,0,0.18228904757115558,0.035804083274665596,True
BOSCHLTD,2026-09-11,yahoo_1h,6,True,-10.0,False,0.0,True,-0.18283244547190672,False,-230.0,False,0.0,True,0.0,False,0,1,0.0,0.0,False
BRIGADE,2026-09-11,fyers_60m,7,True,0.0,True,0.0,True,-0.0007489278506559032,True,0.0,True,0.0,True,3.3999999999999773,True,0,0,0.3624529596932617,0.05753972950015647,True
BRIGADE,2026-09-11,fyers_1m_agg,7,True,0.0,True,0.0,True,-0.0007489278506559032,True,0.0,True,0.0,True,3.3999999999999773,True,0,0,0.3624529596932617,0.05753972950015647,True
BRIGADE,2026-09-11,yahoo_1h,7,True,-3.2499755859374773,False,1.2207031204525265e-05,True,-0.3629330642448705,False,-1.6499755859374545,False,-3.3999755859374545,False,2.4414062522737368e-05,True,0,1,0.0,0.09025623680042238,False
CANBK,2026-09-11,fyers_60m,7,True,0.0,True,0.0,True,-0.011146578213225272,False,0.0,True,0.0,True,0.0,True,0,0,0.21328902235884167,0.061982519393243694,False
CANBK,2026-09-11,fyers_1m_agg,7,True,0.0,True,0.0,True,-0.011146578213225272,False,0.0,True,0.0,True,0.0,True,0,0,0.21328902235884167,0.061982519393243694,False
CANBK,2026-09-11,yahoo_1h,7,True,-0.060000000000002274,False,0.040002441406244316,True,-0.22204926382579881,False,0.0,True,0.0,True,0.0,True,0,1,0.0,0.07893520042219673,False
COFORGE,2026-09-11,fyers_60m,7,True,0.0,True,0.0,True,-0.008090561297109508,True,0.0,True,0.0,True,0.0,True,0,0,0.30643044102480993,0.0209154681501673,True
COFORGE,2026-09-11,fyers_1m_agg,7,True,0.0,True,0.0,True,-0.008090561297109508,True,0.0,True,0.0,True,0.0,True,0,0,0.30643044102480993,0.0209154681501673,True
COFORGE,2026-09-11,yahoo_1h,6,True,-2.441406240905053e-05,True,11.500048828125045,False,-0.31207901972553415,False,13.299975585937545,False,0.0,True,0.0,False,0,1,0.0,0.0,False
CUB,2026-09-11,fyers_60m,7,True,0.0,True,0.0,True,-0.0018339780192791798,True,0.0,True,0.0,True,0.5800000000000125,True,0,0,0.33595720769902193,0.05715645996556588,True
CUB,2026-09-11,fyers_1m_agg,7,True,0.0,True,0.0,True,-0.0018339780192791798,True,0.0,True,0.0,True,0.5800000000000125,True,0,0,0.33595720769902193,0.05715645996556588,True
CUB,2026-09-11,yahoo_1h,7,True,6.103515630684342e-06,True,0.3699975585937523,False,-0.3371768895438079,False,-6.103515630684342e-06,True,-0.5799926757812557,False,7.32421875682121e-06,True,0,1,0.0,0.08607091909517016,False
DABUR,2026-09-11,fyers_60m,7,True,0.0,True,0.0,True,-0.006407190690640267,True,0.0,True,0.0,True,0.0,True,0,0,0.23042371577617513,0.10837058930477793,True
DABUR,2026-09-11,fyers_1m_agg,7,True,0.0,True,0.0,True,-0.006407190690640267,True,0.0,True,0.0,True,0.0,True,0,0,0.23042371577617513,0.10837058930477793,True
DABUR,2026-09-11,yahoo_1h,7,True,-0.100006103515625,False,0.29999389648435226,False,-0.23535569577597876,False,0.35001220703122726,False,0.0,True,0.0,True,0,1,0.0,0.14105800698755294,False
GRASIM,2026-09-11,fyers_60m,7,True,0.0,True,0.0,True,-0.0010562220198065853,True,0.0,True,0.0,True,0.0,True,0,0,0.19475210740234167,0.09833250880307308,True
GRASIM,2026-09-11,fyers_1m_agg,7,True,0.0,True,0.0,True,-0.0010562220198065853,True,0.0,True,0.0,True,0.0,True,0,0,0.19475210740234167,0.09833250880307308,True
GRASIM,2026-09-11,yahoo_1h,7,True,-0.40000000000009095,False,0.199951171875,False,-0.19560844202407024,False,-0.40000000000009095,False,-9.765625009094947e-05,True,-9.765625009094947e-05,True,0,1,0.0,0.12209618896636133,False
HDFCBANK,2026-09-11,fyers_60m,7,True,0.0,True,0.0,True,-0.029566692709847155,False,0.0,True,0.0,True,0.0,True,0,0,0.23401614798347692,0.03559296473823423,False
HDFCBANK,2026-09-11,fyers_1m_agg,7,True,0.0,True,0.0,True,-0.029566692709847155,False,0.0,True,0.0,True,0.0,True,0,0,0.23401614798347692,0.03559296473823423,False
HDFCBANK,2026-09-11,yahoo_1h,7,True,0.0,True,0.19997558593752274,False,-0.2566385438094961,False,-0.10001220703122726,False,0.0,True,0.0,True,0,1,0.0,0.04646413013281431,False
INDIANB,2026-09-11,fyers_60m,7,True,0.0,True,0.0,True,-0.0015154699476105711,True,0.0,True,0.0,True,0.0,True,0,0,0.09964724842358592,0.07173333908150184,True
INDIANB,2026-09-11,fyers_1m_agg,7,True,0.0,True,0.0,True,-0.0015154699476105711,True,0.0,True,0.0,True,0.0,True,0,0,0.09964724842358592,0.07173333908150184,True
INDIANB,2026-09-11,yahoo_1h,7,True,-0.10002441406254547,False,0.0999755859375,False,-0.10101233898923093,False,-3.7000000000000455,False,0.0,True,0.0,True,0,1,0.0,0.07964296427530282,False
LATENTVIEW,2026-09-11,fyers_60m,7,True,0.0,True,0.0,True,-0.0035242474791633716,True,0.0,True,0.0,True,0.950000000000017,True,0,0,0.2988895743368291,0.07139905248468223,True
LATENTVIEW,2026-09-11,fyers_1m_agg,7,True,0.0,True,0.0,True,-0.0035242474791633716,True,0.0,True,0.0,True,0.950000000000017,True,0,0,0.2988895743368291,0.07139905248468223,True
LATENTVIEW,2026-09-11,yahoo_1h,7,True,-0.15000610351563637,False,0.34999389648436363,False,-0.3016588731360431,False,-0.15000610351563637,False,-0.9500030517578182,False,-3.0517578011313162e-06,True,0,1,0.0,0.1018635239019054,False
NATCOPHARM,2026-09-11,fyers_60m,7,True,-6.690000000000055,False,-6.529999999999973,False,-0.010060638500165506,False,-6.649999999999977,False,-6.649999999999977,False,-5.5,True,0,0,0.12423120293396793,0.02090025291600414,False
NATCOPHARM,2026-09-11,fyers_1m_agg,7,True,-6.690000000000055,False,-6.529999999999973,False,-0.010060638500165506,False,-6.649999999999977,False,-6.649999999999977,False,-5.5,True,0,0,0.12423120293396793,0.02090025291600414,False
NATCOPHARM,2026-09-11,yahoo_1h,7,True,-0.7499877929687955,False,0.05001220703127274,False,-0.12592876913000303,False,-2.4414062522737368e-05,True,-1.1500244140625,False,-2.4414062522737368e-05,True,0,1,0.0,0.023833983973700432,False
POONAWALLA,2026-09-11,fyers_60m,7,True,0.0,True,0.0,True,-0.0012265635471923996,True,0.0,True,0.0,True,-1.25,True,0,0,0.08266184753426983,0.050039556840820947,True
POONAWALLA,2026-09-11,fyers_1m_agg,7,True,0.0,True,0.0,True,-0.0012265635471923996,True,0.0,True,0.0,True,-1.25,True,0,0,0.08266184753426983,0.050039556840820947,True
POONAWALLA,2026-09-11,yahoo_1h,7,True,-0.05001220703127274,False,0.04998779296875,True,-0.08377171963107613,False,-1.29998779296875,False,1.25,False,0.0,True,0,1,0.0,0.054515005036861276,False
PREMIERENE,2026-09-11,fyers_60m,7,True,0.0,True,0.0,True,-0.002714450062102534,True,0.0,True,0.0,True,0.0,True,0,0,0.27344304677913606,0.0036877366352356016,True
PREMIERENE,2026-09-11,fyers_1m_agg,7,True,0.0,True,0.0,True,-0.002714450062102534,True,0.0,True,0.0,True,0.0,True,0,0,0.27344304677913606,0.0036877366352356016,True
PREMIERENE,2026-09-11,yahoo_1h,7,True,-2.5,False,0.8000244140624773,False,-0.2754388077360518,False,5.7999999999999545,False,1.2207031204525265e-05,True,1.2207031204525265e-05,True,0,1,0.0,0.005079410954511997,False
PVRINOX,2026-09-11,fyers_60m,7,True,0.0,True,0.0,True,-0.004987706916521836,True,0.0,True,0.0,True,-5.0,True,0,0,0.3618483507068399,0.028744252463230046,True
PVRINOX,2026-09-11,fyers_1m_agg,7,True,0.0,True,0.0,True,-0.004987706916521836,True,0.0,True,0.0,True,-5.0,True,0,0,0.3618483507068399,0.028744252463230046,True
PVRINOX,2026-09-11,yahoo_1h,7,True,0.0,True,3.300024414062591,False,-0.36503240077157145,False,-6.0999755859375,False,4.999975585937591,False,-2.441406240905053e-05,True,0,1,0.0,0.04504127127336781,False
RELIANCE,2026-09-11,fyers_60m,7,True,0.0,True,0.0,True,-0.01045816369961457,False,0.0,True,0.0,True,0.0,True,0,0,0.1941858431623439,0.09702833442149074,False
RELIANCE,2026-09-11,fyers_1m_agg,7,True,0.0,True,0.0,True,-0.01045816369961457,False,0.0,True,0.0,True,0.0,True,0,0,0.1941858431623439,0.09702833442149074,False
RELIANCE,2026-09-11,yahoo_1h,7,True,-0.999975585937591,False,0.300048828125,False,-0.20260463518155478,False,-1.699951171875,False,0.0,True,0.0,True,0,1,0.0,0.120408307885645,False
SAMMAANCAP,2026-09-11,fyers_60m,7,True,0.0,True,0.0,True,-0.006740460780572285,True,0.0,True,-0.020000000000010232,True,0.6799999999999784,True,0,0,0.2326651473529518,0.05599958262755458,True
SAMMAANCAP,2026-09-11,fyers_1m_agg,7,True,0.0,True,0.0,True,-0.006740460780572285,True,0.0,True,-0.020000000000010232,True,0.6799999999999784,True,0,0,0.2326651473529518,0.05599958262755458,True
SAMMAANCAP,2026-09-11,yahoo_1h,7,True,-4.8828125045474735e-06,True,0.09000244140625568,False,-0.23774096251339083,False,0.3699951171875,False,-0.0200042724609375,True,0.6799957275390511,True,0,1,0.0,0.07310193615282862,False
TCS,2026-09-11,fyers_60m,7,True,0.0,True,0.0,True,-0.005165284550005998,True,0.0,True,0.0,True,0.0,True,0,0,0.2971042366432896,0.04147462448264046,True
TCS,2026-09-11,fyers_1m_agg,7,True,0.0,True,0.0,True,-0.005165284550005998,True,0.0,True,0.0,True,0.0,True,0,0,0.2971042366432896,0.04147462448264046,True
TCS,2026-09-11,yahoo_1h,6,True,-0.700097656249909,False,0.699951171875,False,-0.30073906923136495,False,4.5,False,4.882812481810106e-05,True,4.882812481810106e-05,False,0,1,0.0,0.0,False
TMCV,2026-09-11,fyers_60m,7,True,0.0,True,0.0,True,-0.002465857279595808,True,0.0,True,0.0,True,-0.44999999999998863,True,0,0,0.1681961442556674,0.0962918029476743,True
TMCV,2026-09-11,fyers_1m_agg,7,True,0.0,True,0.0,True,-0.002465857279595808,True,0.0,True,0.0,True,-0.44999999999998863,True,0,0,0.1681961442556674,0.0962918029476743,True
TMCV,2026-09-11,yahoo_1h,7,True,-0.34999389648436363,False,0.25000610351560226,False,-0.17024612859281849,False,-2.899993896484375,False,1.0000061035156023,False,0.5500061035156136,True,0,1,0.0,0.11605811093193218,False
TMPV,2026-09-11,fyers_60m,7,True,0.0,True,0.0,True,-0.00554040488114772,True,0.0,True,0.0,True,0.0,True,0,0,0.22749107566462168,0.0404719509202454,True
TMPV,2026-09-11,fyers_1m_agg,7,True,0.0,True,0.0,True,-0.00554040488114772,True,0.0,True,0.0,True,0.0,True,0,0,0.22749107566462168,0.0404719509202454,True
TMPV,2026-09-11,yahoo_1h,7,True,-6.1035156022626325e-06,True,0.20001220703125,False,-0.2317273560614708,False,0.0,True,6.1035156022626325e-06,True,6.1035156022626325e-06,True,0,1,0.0,0.052648520097370956,False
VEDL,2026-09-11,fyers_60m,7,True,0.0,True,0.0,True,-0.010055069344956457,False,0.0,True,0.0,True,0.0,True,0,0,0.412607323023409,0.041357765245268095,False
VEDL,2026-09-11,fyers_1m_agg,7,True,0.0,True,0.0,True,-0.010055069344956457,False,0.0,True,0.0,True,0.0,True,0,0,0.412607323023409,0.041357765245268095,False
VEDL,2026-09-11,yahoo_1h,7,True,6.1035156022626325e-06,True,0.25,False,-0.40868691392147366,False,-0.399993896484375,False,1.2207031261368684e-05,True,1.2207031261368684e-05,True,0,0,0.01661855261470768,0.06923840058210912,False
VIJAYA,2026-09-11,fyers_60m,7,True,0.0,True,0.0,True,-0.0009333089861423905,True,0.0,True,0.0,True,0.09999999999990905,True,0,0,0.37247415771410003,0.05137994760463841,True
VIJAYA,2026-09-11,fyers_1m_agg,7,True,0.0,True,0.0,True,-0.0009333089861423905,True,0.0,True,0.0,True,0.09999999999990905,True,0,0,0.37247415771410003,0.05137994760463841,True
VIJAYA,2026-09-11,yahoo_1h,7,True,2.441406240905053e-05,True,1.700048828125091,False,-0.37297867591859923,False,-2.800048828125,False,-1.299951171874909,False,-1.199951171875,True,0,1,0.0,0.08186642505824489,False
ZFCVINDIA,2026-09-11,fyers_60m,7,True,0.0,True,0.0,True,-0.0002815938210270129,True,0.0,True,0.0,True,-12.099999999999909,True,0,0,0.1190873790314468,0.08299297829104883,True
ZFCVINDIA,2026-09-11,fyers_1m_agg,7,True,0.0,True,0.0,True,-0.0002815938210270129,True,0.0,True,0.0,True,-12.099999999999909,True,0,0,0.1190873790314468,0.08299297829104883,True
ZFCVINDIA,2026-09-11,yahoo_1h,7,True,-9.765625009094947e-05,True,0.0,True,-0.11939578011545347,False,-2.299902343750091,False,12.099951171875091,False,-4.882812481810106e-05,True,0,1,0.0,0.0941961124688792,False
ACC,2026-09-15,fyers_60m,7,True,0.0,True,0.0,True,-0.025298320082757415,False,0.0,True,0.0,True,1.7999999999999545,True,0,0,0.1101727007284722,0.042442723748592384,False
ACC,2026-09-15,fyers_1m_agg,7,True,0.0,True,0.0,True,-0.025298320082757415,False,0.0,True,0.0,True,1.7999999999999545,True,0,0,0.1101727007284722,0.042442723748592384,False
ACC,2026-09-15,yahoo_1h,7,True,-35.299999999999955,False,0.599951171875091,False,-0.13270326318703468,False,9.400048828124909,False,0.0,True,1.7999999999999545,True,0,1,0.0,0.04769317780926089,False
APTUS,2026-09-15,fyers_60m,7,True,0.0,True,0.0,True,-0.0007492677610516995,True,0.0,True,0.0,True,-2.8400000000000034,True,0,0,0.05641195502942673,0.12489126990984763,True
APTUS,2026-09-15,fyers_1m_agg,7,True,0.0,True,0.0,True,-0.0007492677610516995,True,0.0,True,0.0,True,-2.8400000000000034,True,0,0,0.05641195502942673,0.12489126990984763,True
APTUS,2026-09-15,yahoo_1h,7,True,-0.4000054931640591,False,0.07999572753905682,False,-0.05712471134963175,False,-0.5000054931640534,False,0.009999999999990905,True,-2.8300000000000125,True,0,1,0.0,0.1311122122654804,False
ASTERDM,2026-09-15,fyers_60m,7,True,0.0,True,0.0,True,-0.0010497699626080088,True,0.0,True,3.6499999999999773,False,1.1499999999999773,True,0,0,0.1393407276470931,0.07703521687612906,False
ASTERDM,2026-09-15,fyers_1m_agg,7,True,0.0,True,0.0,True,-0.0010497699626080088,True,0.0,True,3.6499999999999773,False,1.1499999999999773,True,0,0,0.1393407276470931,0.07703521687612906,False
ASTERDM,2026-09-15,yahoo_1h,7,True,-0.4500000000000455,False,0.0,True,-0.14016369425886435,False,-4.8500244140625455,False,3.6500244140625,False,1.1500244140625,True,0,1,0.0,0.08951237538576111,False
BOSCHLTD,2026-09-15,fyers_60m,7,True,0.0,True,0.0,True,-0.0030770248808893595,True,0.0,True,0.0,True,0.0,True,0,0,0.20540307324682222,0.023397829477946303,True
BOSCHLTD,2026-09-15,fyers_1m_agg,7,True,0.0,True,0.0,True,-0.0030770248808893595,True,0.0,True,0.0,True,0.0,True,0,0,0.20540307324682222,0.023397829477946303,True
BOSCHLTD,2026-09-15,yahoo_1h,6,True,-105.0,False,0.0,True,-0.2078811540497618,False,-340.0,False,0.0,True,0.0,False,0,1,0.0,0.0,False
BRIGADE,2026-09-15,fyers_60m,7,True,0.0,True,0.0,True,-0.0024377554812337423,True,0.0,True,0.0,True,4.649999999999977,True,0,0,0.2102188910908793,0.06852329225710639,True
BRIGADE,2026-09-15,fyers_1m_agg,7,True,0.0,True,0.0,True,-0.0024377554812337423,True,0.0,True,0.0,True,4.649999999999977,True,0,0,0.2102188910908793,0.06852329225710639,True
BRIGADE,2026-09-15,yahoo_1h,7,True,-5.3500244140625455,False,0.3499755859375,False,-0.21214913910566086,False,0.9500000000000455,False,-4.649999999999977,False,0.0,True,0,1,0.0,0.08675664117528678,False
CANBK,2026-09-15,fyers_60m,7,True,0.0,True,0.0,True,-0.015899572230857976,False,0.0,True,0.0,True,0.0,True,0,0,0.40211984315267163,0.03919510499573499,False
CANBK,2026-09-15,fyers_1m_agg,7,True,0.0,True,0.0,True,-0.015899572230857976,False,0.0,True,0.0,True,0.0,True,0,0,0.40211984315267163,0.03919510499573499,False
CANBK,2026-09-15,yahoo_1h,7,True,-0.009998779296878979,True,3.051757815342171e-06,True,-0.4116337580360299,False,0.45999908447265625,False,2.7465820267025265e-06,True,2.7465820267025265e-06,True,0,1,0.0,0.06555700010387897,False
COFORGE,2026-09-15,fyers_60m,7,True,0.0,True,0.0,True,-0.005648171903388117,True,0.0,True,0.0,True,0.0,True,0,0,0.35702058889478344,0.00547445815984312,True
COFORGE,2026-09-15,fyers_1m_agg,7,True,0.0,True,0.0,True,-0.005648171903388117,True,0.0,True,0.0,True,0.0,True,0,0,0.35702058889478344,0.00547445815984312,True
COFORGE,2026-09-15,yahoo_1h,7,True,-3.299951171874909,False,0.20004882812509095,False,-0.36062715869683215,False,3.0000488281250455,False,0.0,True,0.0,True,0,1,0.0,0.008513529144617397,False
CUB,2026-09-15,fyers_60m,7,True,0.0,True,0.0,True,-0.0019781860176989745,True,0.0,True,0.0,True,-0.7800000000000011,True,0,0,0.2529006395354844,0.04677820190946683,True
CUB,2026-09-15,fyers_1m_agg,7,True,0.0,True,0.0,True,-0.0019781860176989745,True,0.0,True,0.0,True,-0.7800000000000011,True,0,0,0.2529006395354844,0.04677820190946683,True
CUB,2026-09-15,yahoo_1h,7,True,-0.07000732421875,False,0.899993896484375,False,-0.2543840932904277,False,0.5799938964843818,False,0.779998779296875,False,-1.2207031261368684e-06,True,0,1,0.0,0.0626061129573761,False
DABUR,2026-09-15,fyers_60m,7,True,0.0,True,0.0,True,-0.001297007332700596,True,0.0,True,0.0,True,0.0,True,0,0,0.05198374458739884,0.012056430211995707,True
DABUR,2026-09-15,fyers_1m_agg,7,True,0.0,True,0.0,True,-0.001297007332700596,True,0.0,True,0.0,True,0.0,True,0,0,0.05198374458739884,0.012056430211995707,True
DABUR,2026-09-15,yahoo_1h,7,True,-0.30000610351561363,False,0.149993896484375,False,-0.053213831806287006,False,-1.899993896484375,False,-6.1035156022626325e-06,True,-6.1035156022626325e-06,True,0,1,0.0,0.012713184062415298,False
GRASIM,2026-09-15,fyers_60m,7,True,0.0,True,0.0,True,-0.003475176347193525,True,0.0,True,0.0,True,0.0,True,0,0,0.1975185394315829,0.04326670431018257,True
GRASIM,2026-09-15,fyers_1m_agg,7,True,0.0,True,0.0,True,-0.003475176347193525,True,0.0,True,0.0,True,0.0,True,0,0,0.1975185394315829,0.04326670431018257,True
GRASIM,2026-09-15,yahoo_1h,7,True,0.0,True,0.0,True,-0.20031030503825545,False,8.699999999999818,False,0.0,True,0.0,True,0,1,0.0,0.05391540606365373,False
HDFCBANK,2026-09-15,fyers_60m,7,True,0.0,True,0.0,True,-0.03335947599204503,False,0.0,True,0.0,True,0.0,True,0,0,0.49042305798950525,0.031008406703246557,False
HDFCBANK,2026-09-15,fyers_1m_agg,7,True,0.0,True,0.0,True,-0.03335947599204503,False,0.0,True,0.0,True,0.0,True,0,0,0.49042305798950525,0.031008406703246557,False
HDFCBANK,2026-09-15,yahoo_1h,7,True,-0.3499755859375,False,0.049975585937545475,True,-0.5071342110301988,False,0.10000000000002274,False,-1.2207031204525265e-05,True,-1.2207031204525265e-05,True,0,1,0.0,0.06081176306678575,False
INDIANB,2026-09-15,fyers_60m,7,True,0.0,True,0.0,True,-0.00611780183520793,True,0.0,True,0.0,True,0.0,True,0,0,0.2162577260159911,0.025026153698346446,True
INDIANB,2026-09-15,fyers_1m_agg,7,True,0.0,True,0.0,True,-0.00611780183520793,True,0.0,True,0.0,True,0.0,True,0,0,0.2162577260159911,0.025026153698346446,True
INDIANB,2026-09-15,yahoo_1h,7,True,-0.25,False,2.2000000000000455,False,-0.2221426496858874,False,5.0499999999999545,False,0.0,True,0.0,True,0,1,0.0,0.031974657603145294,False
LATENTVIEW,2026-09-15,fyers_60m,7,True,0.0,True,0.0,True,-0.002871092088861245,True,0.0,True,0.0,True,1.0999999999999943,True,0,0,0.4676873371098714,0.03004717082732031,True
LATENTVIEW,2026-09-15,fyers_1m_agg,7,True,0.0,True,0.0,True,-0.002871092088861245,True,0.0,True,0.0,True,1.0999999999999943,True,0,0,0.4676873371098714,0.03004717082732031,True
LATENTVIEW,2026-09-15,yahoo_1h,7,True,-0.9499938964843864,False,0.49999694824219887,False,-0.2883402905627667,False,2.4000122070312386,False,-1.100006103515625,False,-6.103515630684342e-06,True,0,0,0.2542806234789663,0.04209883339127748,False
NATCOPHARM,2026-09-15,fyers_60m,7,True,-6.7700000000000955,False,-6.6200000000000045,False,-0.011837546073247836,False,-6.650000000000091,False,-6.649999999999977,False,-9.699999999999932,True,0,0,0.2617738754659607,0.04793370726607667,False
NATCOPHARM,2026-09-15,fyers_1m_agg,7,True,-6.7700000000000955,False,-6.6200000000000045,False,-0.011837546073247836,False,-6.650000000000091,False,-6.649999999999977,False,-9.699999999999932,True,0,0,0.2617738754659607,0.04793370726607667,False
NATCOPHARM,2026-09-15,yahoo_1h,7,True,-2.1500122070312955,False,0.5499755859375455,False,-0.264528315778333,False,-0.3500244140625455,False,4.399999999999977,False,1.3500000000000227,True,0,1,0.0,0.0649219016395494,False
POONAWALLA,2026-09-15,fyers_60m,7,True,0.0,True,0.0,True,-0.0020854596215682144,True,0.0,True,0.0,True,-1.6000000000000227,True,0,0,0.1351081235838044,0.18441126495788293,True
POONAWALLA,2026-09-15,fyers_1m_agg,7,True,0.0,True,0.0,True,-0.0020854596215682144,True,0.0,True,0.0,True,-1.6000000000000227,True,0,0,0.1351081235838044,0.18441126495788293,True
POONAWALLA,2026-09-15,yahoo_1h,7,True,-1.1999877929687273,False,0.600006103515625,False,-0.13691298443004227,False,0.45001220703125,False,1.600006103515625,False,6.1035156022626325e-06,True,0,1,0.0,0.21321510822020506,False
PREMIERENE,2026-09-15,fyers_60m,7,True,0.0,True,0.0,True,-0.005816688313967775,True,0.0,True,0.0,True,0.0,True,0,0,0.18261697026619542,0.01345100683937531,True
PREMIERENE,2026-09-15,fyers_1m_agg,7,True,0.0,True,0.0,True,-0.005816688313967775,True,0.0,True,0.0,True,0.0,True,0,0,0.18261697026619542,0.01345100683937531,True
PREMIERENE,2026-09-15,yahoo_1h,7,True,-1.5999877929687045,False,1.5,False,-0.18737845332958894,False,-2.4414062522737368e-05,True,0.0,True,0.0,True,0,1,0.0,0.016454167863614862,False
PVRINOX,2026-09-15,fyers_60m,7,True,0.0,True,0.0,True,-0.0012843125503022416,True,0.0,True,0.0,True,-1.0,True,0,0,0.14499159836768286,0.1133705977161277,True
PVRINOX,2026-09-15,fyers_1m_agg,7,True,0.0,True,0.0,True,-0.0012843125503022416,True,0.0,True,0.0,True,-1.0,True,0,0,0.14499159836768286,0.1133705977161277,True
PVRINOX,2026-09-15,yahoo_1h,7,True,2.441406240905053e-05,True,0.2999999999999545,False,-0.1460931212219806,False,-6.900000000000091,False,1.0,False,0.0,True,0,1,0.0,0.13259240839376243,False
RELIANCE,2026-09-15,fyers_60m,7,True,0.0,True,0.0,True,-0.04549272173452289,False,0.0,True,0.0,True,0.0,True,0,0,0.26084079309894115,0.07304375194041246,False
RELIANCE,2026-09-15,fyers_1m_agg,7,True,0.0,True,0.0,True,-0.04549272173452289,False,0.0,True,0.0,True,0.0,True,0,0,0.26084079309894115,0.07304375194041246,False
RELIANCE,2026-09-15,yahoo_1h,7,True,-0.30002441406259095,False,4.8828125045474735e-05,True,-0.2944675207366732,False,2.199951171875,False,4.8828125045474735e-05,True,4.8828125045474735e-05,True,0,1,0.0,0.09881907334782952,False
SAMMAANCAP,2026-09-15,fyers_60m,7,True,0.0,True,0.0,True,-0.003916448833700025,True,0.0,True,0.0,True,0.03999999999999204,True,0,0,0.1403921247334616,0.06857261230820545,True
SAMMAANCAP,2026-09-15,fyers_1m_agg,7,True,0.0,True,0.0,True,-0.003916448833700025,True,0.0,True,0.0,True,0.03999999999999204,True,0,0,0.1403921247334616,0.06857261230820545,True
SAMMAANCAP,2026-09-15,yahoo_1h,7,True,3.0517578011313162e-06,True,0.28999999999999204,False,-0.14373301468513605,False,0.3000030517578125,False,0.0,True,0.03999999999999204,True,0,1,0.0,0.07979938415896413,False
TCS,2026-09-15,fyers_60m,7,True,0.0,True,0.0,True,-0.0129998649700992,False,0.0,True,0.0,True,0.0,True,0,0,0.3775484311076045,0.03765191822231551,False
TCS,2026-09-15,fyers_1m_agg,7,True,0.0,True,0.0,True,-0.0129998649700992,False,0.0,True,0.0,True,0.0,True,0,0,0.3775484311076045,0.03765191822231551,False
TCS,2026-09-15,yahoo_1h,7,True,-0.199951171875,False,0.0,True,-0.38564225215076736,False,3.60009765625,False,0.0,True,0.0,True,0,1,0.0,0.06046010850417015,False
TMCV,2026-09-15,fyers_60m,7,True,0.0,True,0.0,True,-0.011176692611560478,False,0.0,True,0.0,True,-0.75,True,0,0,0.33651783283548004,0.12669850851619277,False
TMCV,2026-09-15,fyers_1m_agg,7,True,0.0,True,0.0,True,-0.011176692611560478,False,0.0,True,0.0,True,-0.75,True,0,0,0.33651783283548004,0.12669850851619277,False
TMCV,2026-09-15,yahoo_1h,7,True,-0.44999999999998863,False,0.9499999999999886,False,-0.3440628369372055,False,1.1500061035156364,False,-6.1035156022626325e-06,True,-0.7500061035156023,True,0,1,0.0,0.19079917648728226,False
TMPV,2026-09-15,fyers_60m,7,True,0.0,True,0.0,True,-0.04232422385891971,False,0.0,True,0.0,True,0.0,True,0,0,0.4456596382195753,0.022123822326771195,False
TMPV,2026-09-15,fyers_1m_agg,7,True,0.0,True,0.0,True,-0.04232422385891971,False,0.0,True,0.0,True,0.0,True,0,0,0.4456596382195753,0.022123822326771195,False
TMPV,2026-09-15,yahoo_1h,7,True,-3.2999938964843523,False,0.100006103515625,False,-0.4047640108362524,False,-3.54998779296875,False,6.1035156022626325e-06,True,6.1035156022626325e-06,True,0,0,0.10812539444230952,0.035594332566262106,False
VEDL,2026-09-15,fyers_60m,7,True,0.0,True,0.0,True,-0.01113859469565254,False,0.0,True,0.0,True,0.0,True,0,0,0.2704029407284339,0.04797541829279658,False
VEDL,2026-09-15,fyers_1m_agg,7,True,0.0,True,0.0,True,-0.01113859469565254,False,0.0,True,0.0,True,0.0,True,0,0,0.2704029407284339,0.04797541829279658,False
VEDL,2026-09-15,yahoo_1h,7,True,-0.19998779296872726,False,0.05000610351561363,False,-0.2785350413176064,False,-0.15001220703123863,False,0.0,True,0.0,True,0,1,0.0,0.06575623998915665,False
VIJAYA,2026-09-15,fyers_60m,7,True,0.0,True,0.0,True,-0.00217932483999621,True,0.0,True,0.0,True,-11.299999999999955,True,0,0,0.20456154284431707,0.07314525457967161,True
VIJAYA,2026-09-15,fyers_1m_agg,7,True,0.0,True,0.0,True,-0.00217932483999621,True,0.0,True,0.0,True,-11.299999999999955,True,0,0,0.20456154284431707,0.07314525457967161,True
VIJAYA,2026-09-15,yahoo_1h,7,True,-7.900000000000091,False,2.999975585937591,False,-0.20643288454746708,False,3.300048828125,False,11.500024414062409,False,0.20002441406245453,True,0,1,0.0,0.09179818943620693,False
ZFCVINDIA,2026-09-15,fyers_60m,7,True,0.0,True,0.0,True,-0.002190454231035278,True,0.0,True,0.0,True,2.5,True,0,0,0.09506386802747288,0.1220103986135182,True
ZFCVINDIA,2026-09-15,fyers_1m_agg,7,True,0.0,True,0.0,True,-0.002190454231035278,True,0.0,True,0.0,True,2.5,True,0,0,0.09506386802747288,0.1220103986135182,True
ZFCVINDIA,2026-09-15,yahoo_1h,7,True,-0.10009765625,False,0.0,True,-0.09705889888043451,False,-0.10009765625,False,-2.5,False,0.0,True,0,1,0.0,0.13481536126204088,False
ACC,2026-09-16,fyers_60m,7,True,0.0,True,0.0,True,-0.008058224163027657,True,0.0,True,0.0,True,-1.5,True,0,0,0.2889778476926147,0.03392695725672963,True
ACC,2026-09-16,fyers_1m_agg,7,True,0.0,True,0.0,True,-0.008058224163027657,True,0.0,True,0.0,True,-1.5,True,0,0,0.2889778476926147,0.03392695725672963,True
ACC,2026-09-16,yahoo_1h,7,True,0.0,True,0.20004882812509095,False,-0.28832605531295485,False,-9.699951171875,False,1.499975585937591,False,-2.441406240905053e-05,True,0,1,0.0,0.047255174670702775,False
APTUS,2026-09-16,fyers_60m,7,True,0.0,True,0.0,True,-0.00036987780777336714,True,0.0,True,0.0,True,1.0900000000000034,True,0,0,0.03774781037821687,0.09034261716552347,True
APTUS,2026-09-16,fyers_1m_agg,7,True,0.0,True,0.0,True,-0.00036987780777336714,True,0.0,True,0.0,True,1.0900000000000034,True,0,0,0.03774781037821687,0.09034261716552347,True
APTUS,2026-09-16,yahoo_1h,7,True,0.0,True,0.13000549316404886,False,-0.03811508754300776,False,-0.009997558593738631,True,-0.0099945068359375,True,1.080005493164066,True,0,1,0.0,0.09382835461943237,False
ASTERDM,2026-09-16,fyers_60m,7,True,0.0,True,0.0,True,-0.0005203030179611453,True,0.0,True,0.0,True,0.7999999999999545,True,0,0,0.1348877200596164,0.07390315288470256,True
ASTERDM,2026-09-16,fyers_1m_agg,7,True,0.0,True,0.0,True,-0.0005203030179611453,True,0.0,True,0.0,True,0.7999999999999545,True,0,0,0.1348877200596164,0.07390315288470256,True
ASTERDM,2026-09-16,yahoo_1h,7,True,-1.2207031204525265e-05,True,1.1500122070312955,False,-0.13533580417871544,False,-0.3499755859375,False,0.0,True,0.7999999999999545,True,0,1,0.0,0.08542234845808545,False
BOSCHLTD,2026-09-16,fyers_60m,7,True,0.0,True,0.0,True,-0.0013503418950755618,True,0.0,True,0.0,True,0.0,True,0,0,0.2669812134986622,0.01539169711441641,True
BOSCHLTD,2026-09-16,fyers_1m_agg,7,True,0.0,True,0.0,True,-0.0013503418950755618,True,0.0,True,0.0,True,0.0,True,0,0,0.2669812134986622,0.01539169711441641,True
BOSCHLTD,2026-09-16,yahoo_1h,7,True,0.0,True,5.0,False,-0.2679135781187152,False,145.0,False,0.0,True,0.0,True,0,1,0.0,0.02087830147953377,False
BRIGADE,2026-09-16,fyers_60m,7,True,0.0,True,0.0,True,-0.0009924753013275773,True,0.0,True,0.0,True,1.1499999999999773,True,0,0,0.26310103463515794,0.058051380457898774,True
BRIGADE,2026-09-16,fyers_1m_agg,7,True,0.0,True,0.0,True,-0.0009924753013275773,True,0.0,True,0.0,True,1.1499999999999773,True,0,0,0.26310103463515794,0.058051380457898774,True
BRIGADE,2026-09-16,yahoo_1h,7,True,-0.14999999999997726,False,1.3999999999999773,False,-0.2638588043502872,False,-1.75,False,-1.1500244140625,False,-2.4414062522737368e-05,True,0,1,0.0,0.07884227955688383,False
CANBK,2026-09-16,fyers_60m,7,True,0.0,True,0.0,True,-0.003490385628238938,True,0.0,True,0.0,True,0.0,True,0,0,0.2935746630168782,0.07372486887695175,True
CANBK,2026-09-16,fyers_1m_agg,7,True,0.0,True,0.0,True,-0.003490385628238938,True,0.0,True,0.0,True,0.0,True,0,0,0.2935746630168782,0.07372486887695175,True
CANBK,2026-09-16,yahoo_1h,6,True,-3.051757815342171e-06,True,0.029996337890622726,True,-0.3691250595074323,False,-0.04999999999999716,True,-3.051757815342171e-06,True,-3.051757815342171e-06,False,0,1,0.0,0.0,False
COFORGE,2026-09-16,fyers_60m,7,True,0.0,True,0.0,True,-0.0012025788945456285,True,0.0,True,0.0,True,0.0,True,0,0,0.26176078198784775,0.011980373415466424,True
COFORGE,2026-09-16,fyers_1m_agg,7,True,0.0,True,0.0,True,-0.0012025788945456285,True,0.0,True,0.0,True,0.0,True,0,0,0.26176078198784775,0.011980373415466424,True
COFORGE,2026-09-16,yahoo_1h,7,True,-0.20004882812509095,False,0.0999755859375,False,-0.26264912938240814,False,1.199951171875,False,-4.8828125045474735e-05,True,-4.8828125045474735e-05,True,0,1,0.0,0.016227565540640233,False
CUB,2026-09-16,fyers_60m,7,True,0.0,True,0.0,True,-0.0003576053345867953,True,0.0,True,0.009999999999990905,True,1.259999999999991,True,0,0,0.24232556124015428,0.04426442020012779,True
CUB,2026-09-16,fyers_1m_agg,7,True,0.0,True,0.0,True,-0.0003576053345867953,True,0.0,True,0.009999999999990905,True,1.259999999999991,True,0,0,0.24232556124015428,0.04426442020012779,True
CUB,2026-09-16,yahoo_1h,7,True,-0.0399932861328125,True,0.71999938964845,False,-0.24260618712528628,False,0.0800018310546875,False,0.009999999999990905,True,1.259999999999991,True,0,1,0.0,0.05844164141117602,False
DABUR,2026-09-16,fyers_60m,7,True,0.0,True,0.0,True,-0.0056434403233237285,True,0.0,True,0.0,True,0.0,True,0,0,0.2433827323924701,0.04118501649128318,True
DABUR,2026-09-16,fyers_1m_agg,7,True,0.0,True,0.0,True,-0.0056434403233237285,True,0.0,True,0.0,True,0.0,True,0,0,0.2433827323924701,0.04118501649128318,True
DABUR,2026-09-16,yahoo_1h,6,True,-0.05000610351561363,False,0.0,True,-0.24765321455224504,False,-0.8000122070312727,False,0.0,True,0.0,False,0,1,0.0,0.0,False
GRASIM,2026-09-16,fyers_60m,7,True,0.0,True,0.0,True,-0.0014849303408362821,True,0.0,True,0.0,True,0.0,True,0,0,0.11070506908149101,0.09248791190363062,True
GRASIM,2026-09-16,fyers_1m_agg,7,True,0.0,True,0.0,True,-0.0014849303408362821,True,0.0,True,0.0,True,0.0,True,0,0,0.11070506908149101,0.09248791190363062,True
GRASIM,2026-09-16,yahoo_1h,7,True,-1.800000000000182,False,0.900000000000091,False,-0.11202677293356884,False,-19.5,False,0.0,True,0.0,True,0,1,0.0,0.10576546587169491,False
HDFCBANK,2026-09-16,fyers_60m,7,True,0.0,True,0.0,True,-0.01241025975851826,False,0.0,True,0.0,True,0.0,True,0,0,0.18278201236168393,0.02728627823454991,False
HDFCBANK,2026-09-16,fyers_1m_agg,7,True,0.0,True,0.0,True,-0.01241025975851826,False,0.0,True,0.0,True,0.0,True,0,0,0.18278201236168393,0.02728627823454991,False
HDFCBANK,2026-09-16,yahoo_1h,7,True,-0.30002441406247726,False,0.19998779296872726,False,-0.19292470053892094,False,-0.8999999999999773,False,0.0,True,0.0,True,0,1,0.0,0.033388540258140774,False
INDIANB,2026-09-16,fyers_60m,7,True,0.0,True,0.0,True,-0.001970750190290469,True,0.0,True,0.0,True,0.0,True,0,0,0.2870403940478472,0.04724119892475903,True
INDIANB,2026-09-16,fyers_1m_agg,7,True,0.0,True,0.0,True,-0.001970750190290469,True,0.0,True,0.0,True,0.0,True,0,0,0.2870403940478472,0.04724119892475903,True
INDIANB,2026-09-16,yahoo_1h,7,True,-1.2207031204525265e-05,True,0.14997558593745453,False,-0.2884183211276051,False,0.0,True,0.0,True,0.0,True,0,1,0.0,0.06626361612250606,False
LATENTVIEW,2026-09-16,fyers_60m,7,True,0.0,True,0.0,True,-0.0006513192345842805,True,0.0,True,0.0,True,0.29999999999998295,True,0,0,0.4474996806359322,0.020740587196031692,True
LATENTVIEW,2026-09-16,fyers_1m_agg,7,True,0.0,True,0.0,True,-0.0006513192345842805,True,0.0,True,0.0,True,0.29999999999998295,True,0,0,0.4474996806359322,0.020740587196031692,True
LATENTVIEW,2026-09-16,yahoo_1h,7,True,-0.649993896484375,False,0.14999694824217613,False,-0.44790144653569947,False,-0.6999938964843864,False,-0.39999694824217613,False,-0.09999694824219318,True,0,1,0.0,0.03767323799626365,False
NATCOPHARM,2026-09-16,fyers_60m,7,True,-6.75,False,-6.519999999999982,False,-0.012681817720439713,False,-6.6200000000000045,False,-6.650000000000091,False,-4.0,True,0,0,0.34593953300928554,0.06425440219760337,False
NATCOPHARM,2026-09-16,fyers_1m_agg,7,True,-6.75,False,-6.519999999999982,False,-0.012681817720439713,False,-6.6200000000000045,False,-6.650000000000091,False,-4.0,True,0,0,0.34593953300928554,0.06425440219760337,False
NATCOPHARM,2026-09-16,yahoo_1h,7,True,-0.75,False,0.0,True,-0.3479166455201535,False,-6.100000000000023,False,-2.6500122070312955,False,-1.2207031204525265e-05,True,0,1,0.0,0.09837086294763911,False
POONAWALLA,2026-09-16,fyers_60m,7,True,0.0,True,0.0,True,-0.0003961405017583337,True,0.0,True,0.0,True,-0.9499999999999886,True,0,0,0.20714425670648792,0.047174133706943164,True
POONAWALLA,2026-09-16,fyers_1m_agg,7,True,0.0,True,0.0,True,-0.0003961405017583337,True,0.0,True,0.0,True,-0.9499999999999886,True,0,0,0.20714425670648792,0.047174133706943164,True
POONAWALLA,2026-09-16,yahoo_1h,7,True,-0.05000610351561363,False,0.04999389648435226,True,-0.207470120108622,False,-0.5,False,0.95001220703125,False,1.2207031261368684e-05,True,0,1,0.0,0.059477599044166427,False
PREMIERENE,2026-09-16,fyers_60m,7,True,0.0,True,0.0,True,-0.00024213004886600671,True,0.0,True,0.0,True,0.0,True,0,0,0.13326518317529137,0.0027014975641457433,True
PREMIERENE,2026-09-16,fyers_1m_agg,7,True,0.0,True,0.0,True,-0.00024213004886600671,True,0.0,True,0.0,True,0.0,True,0,0,0.13326518317529137,0.0027014975641457433,True
PREMIERENE,2026-09-16,yahoo_1h,7,True,-1.6000244140625455,False,-2.4414062522737368e-05,True,-0.1334368423923081,False,2.1999755859375227,False,0.0,True,0.0,True,0,1,0.0,0.0031164260279037187,False
PVRINOX,2026-09-16,fyers_60m,7,True,0.0,True,0.0,True,-0.0037151092066762376,True,0.0,True,0.0,True,-6.7999999999999545,True,0,0,0.13112088879111208,0.09908260917390826,True
PVRINOX,2026-09-16,fyers_1m_agg,7,True,0.0,True,0.0,True,-0.0037151092066762376,True,0.0,True,0.0,True,-6.7999999999999545,True,0,0,0.13112088879111208,0.09908260917390826,True
PVRINOX,2026-09-16,yahoo_1h,7,True,0.0,True,2.400000000000091,False,-0.13436859582022817,False,2.300048828125,False,6.7999755859375455,False,-2.441406240905053e-05,True,0,1,0.0,0.11397680660353471,False
RELIANCE,2026-09-16,fyers_60m,7,True,0.0,True,0.0,True,-0.005421390289721754,True,0.0,True,0.0,True,0.0,True,0,0,0.27363951383262786,0.07565569232951237,True
RELIANCE,2026-09-16,fyers_1m_agg,7,True,0.0,True,0.0,True,-0.005421390289721754,True,0.0,True,0.0,True,0.0,True,0,0,0.27363951383262786,0.07565569232951237,True
RELIANCE,2026-09-16,yahoo_1h,7,True,-0.199951171875,False,0.0,True,-0.27733238547457667,False,0.300048828125,False,0.0,True,0.0,True,0,1,0.0,0.1041184602246985,False
SAMMAANCAP,2026-09-16,fyers_60m,7,True,0.0,True,0.0,True,-0.0034135505429011004,True,0.0,True,0.0,True,-0.3400000000000034,True,0,0,0.39117480322723763,0.04328651593078857,True
SAMMAANCAP,2026-09-16,fyers_1m_agg,7,True,0.0,True,0.0,True,-0.0034135505429011004,True,0.0,True,0.0,True,-0.3400000000000034,True,0,0,0.39117480322723763,0.04328651593078857,True
SAMMAANCAP,2026-09-16,yahoo_1h,7,True,-0.25999572753906364,False,0.04999450683592954,True,-0.39322501512721186,False,0.6799987792968807,False,0.039999389648443184,True,-0.3000006103515602,True,0,1,0.0,0.07114979595100125,False
TCS,2026-09-16,fyers_60m,7,True,0.0,True,0.0,True,-0.015642023092879893,False,0.0,True,0.0,True,0.0,True,0,0,0.21133668004788864,0.04160590837128315,False
TCS,2026-09-16,fyers_1m_agg,7,True,0.0,True,0.0,True,-0.015642023092879893,False,0.0,True,0.0,True,0.0,True,0,0,0.21133668004788864,0.04160590837128315,False
TCS,2026-09-16,yahoo_1h,7,True,-1.000097656250091,False,0.60009765625,False,-0.22367333174368212,False,-2.199951171875,False,4.882812481810106e-05,True,4.882812481810106e-05,True,0,1,0.0,0.05275452671377522,False
TMCV,2026-09-16,fyers_60m,7,True,0.0,True,0.0,True,-0.002261385485995338,True,0.0,True,0.0,True,0.75,True,0,0,0.29860315916149344,0.09603384235884269,True
TMCV,2026-09-16,fyers_1m_agg,7,True,0.0,True,0.0,True,-0.002261385485995338,True,0.0,True,0.0,True,0.75,True,0,0,0.29860315916149344,0.09603384235884269,True
TMCV,2026-09-16,yahoo_1h,7,True,-0.35001220703122726,False,0.350006103515625,False,-0.30016608401578015,False,0.6999877929687273,False,0.0,True,0.75,True,0,1,0.0,0.1370157238712868,False
TMPV,2026-09-16,fyers_60m,7,True,0.0,True,0.0,True,-0.002092333703009937,True,0.0,True,0.0,True,0.0,True,0,0,0.4793020114531185,0.019539162645133078,True
TMPV,2026-09-16,fyers_1m_agg,7,True,0.0,True,0.0,True,-0.002092333703009937,True,0.0,True,0.0,True,0.0,True,0,0,0.4793020114531185,0.019539162645133078,True
TMPV,2026-09-16,yahoo_1h,7,True,-0.850006103515625,False,0.9000122070312386,False,-0.480354387288343,False,0.75,False,0.0,True,0.0,True,0,1,0.0,0.0375217939239356,False
VEDL,2026-09-16,fyers_60m,7,True,0.0,True,0.0,True,-0.010426410558921741,False,0.0,True,0.0,True,0.0,True,0,0,0.36147137638727445,0.04352128556641608,False
VEDL,2026-09-16,fyers_1m_agg,7,True,0.0,True,0.0,True,-0.010426410558921741,False,0.0,True,0.0,True,0.0,True,0,0,0.36147137638727445,0.04352128556641608,False
VEDL,2026-09-16,yahoo_1h,7,True,-0.05000610351561363,False,0.0500030517578125,False,-0.36808872553858774,False,-0.149993896484375,False,0.0,True,0.0,True,0,1,0.0,0.06815163878235819,False
VIJAYA,2026-09-16,fyers_60m,7,True,0.0,True,0.0,True,-0.0008571537416348144,True,0.0,True,0.0,True,-8.099999999999909,True,0,0,0.4133563798351582,0.0416171526979023,True
VIJAYA,2026-09-16,fyers_1m_agg,7,True,0.0,True,0.0,True,-0.0008571537416348144,True,0.0,True,0.0,True,-8.099999999999909,True,0,0,0.4133563798351582,0.0416171526979023,True
VIJAYA,2026-09-16,yahoo_1h,7,True,-0.40000000000009095,False,1.800048828125,False,-0.4139925586356652,False,-8.700000000000045,False,4.7999999999999545,False,-3.2999999999999545,True,0,1,0.0,0.07095725662278564,False
ZFCVINDIA,2026-09-16,fyers_60m,7,True,0.0,True,0.0,True,-0.0014099139210448203,True,0.0,True,0.0,True,-8.300000000000182,True,0,0,0.22304376904213422,0.18020361150330683,True
ZFCVINDIA,2026-09-16,fyers_1m_agg,7,True,0.0,True,0.0,True,-0.0014099139210448203,True,0.0,True,0.0,True,-8.300000000000182,True,0,0,0.22304376904213422,0.18020361150330683,True
ZFCVINDIA,2026-09-16,yahoo_1h,7,True,-1.5,False,1.699951171875,False,-0.22417631344612646,False,-1.5,False,8.300000000000182,False,0.0,True,0,1,0.0,0.2318986131037781,False
ACC,2026-09-17,fyers_60m,7,True,0.0,True,0.0,True,-0.002410957283161756,True,0.0,True,0.0,True,5.099999999999909,True,0,0,0.2706056787011639,0.10705018904292386,True
ACC,2026-09-17,fyers_1m_agg,7,True,0.0,True,0.0,True,-0.002410957283161756,True,0.0,True,0.0,True,5.099999999999909,True,0,0,0.2706056787011639,0.10705018904292386,True
ACC,2026-09-17,yahoo_1h,7,True,-0.09995117187509095,False,0.199951171875,False,-0.27237900840137264,False,2.2000000000000455,False,-5.099999999999909,False,0.0,True,0,1,0.0,0.14199174679324295,False
APTUS,2026-09-17,fyers_60m,7,True,0.0,True,0.0,True,-0.0005332102372996144,True,0.0,True,0.0,True,-0.6599999999999966,True,0,0,0.13269774701731793,0.14518893971931268,True
APTUS,2026-09-17,fyers_1m_agg,7,True,0.0,True,0.0,True,-0.0005332102372996144,True,0.0,True,0.0,True,-0.6599999999999966,True,0,0,0.13269774701731793,0.14518893971931268,True
APTUS,2026-09-17,yahoo_1h,7,True,4.8828125045474735e-06,True,2.4414062522737368e-06,True,-0.13316104381168664,False,1.75,False,0.660003662109375,False,3.662109378410605e-06,True,0,1,0.0,0.167402122505143,False
ASTERDM,2026-09-17,fyers_60m,7,True,0.0,True,0.0,True,-0.0014260142822027115,True,0.0,True,0.0,True,1.4500000000000455,True,0,0,0.17494331190994286,0.060075962829654855,True
ASTERDM,2026-09-17,fyers_1m_agg,7,True,0.0,True,0.0,True,-0.0014260142822027115,True,0.0,True,0.0,True,1.4500000000000455,True,0,0,0.17494331190994286,0.060075962829654855,True
ASTERDM,2026-09-17,yahoo_1h,7,True,-0.49997558593747726,False,-1.2207031204525265e-05,True,-0.17525006460396195,False,-6.95001220703125,False,-1.4499755859375227,False,2.4414062522737368e-05,True,0,1,0.0,0.07266113378268911,False
BOSCHLTD,2026-09-17,fyers_60m,7,True,0.0,True,0.0,True,-0.002301628402094482,True,0.0,True,0.0,True,0.0,True,0,0,0.22088932464386643,0.014014649057039044,True
BOSCHLTD,2026-09-17,fyers_1m_agg,7,True,0.0,True,0.0,True,-0.002301628402094482,True,0.0,True,0.0,True,0.0,True,0,0,0.22088932464386643,0.014014649057039044,True
BOSCHLTD,2026-09-17,yahoo_1h,7,True,0.0,True,95.0,False,-0.22274008861269348,False,15.0,False,0.0,True,0.0,True,0,1,0.0,0.0180633698549008,False
BRIGADE,2026-09-17,fyers_60m,7,True,0.0,True,0.0,True,-0.00248490621111333,True,0.0,True,0.0,True,-2.2999999999999545,True,0,0,0.1997920877851574,0.05049186639715083,True
BRIGADE,2026-09-17,fyers_1m_agg,0,False,,False,,False,,False,,False,,False,,False,0,0,,,False
BRIGADE,2026-09-17,yahoo_1h,7,True,-0.20002441406245453,False,-2.4414062522737368e-05,True,-0.20182277664264975,False,-0.1500244140625,False,2.3000244140624773,False,2.4414062522737368e-05,True,0,1,0.0,0.06307290338412977,False
CANBK,2026-09-17,fyers_60m,0,False,,False,,False,,False,,False,,False,,False,0,0,,,False
CANBK,2026-09-17,fyers_1m_agg,7,True,0.0,True,0.0,True,-0.0019198487040300515,True,0.0,True,0.0,True,0.0,True,0,0,0.2937276024971921,0.05261640021869341,True
CANBK,2026-09-17,yahoo_1h,7,True,-0.07000030517578182,False,0.03000213623046477,True,-0.2950849801073584,False,0.019998168945306816,True,1.5258789005656581e-06,True,1.5258789005656581e-06,True,0,1,0.0,0.07449875959158223,False
COFORGE,2026-09-17,fyers_60m,7,True,0.0,True,0.0,True,-0.0038775455489040303,True,0.0,True,0.0,True,0.0,True,0,0,0.2998655032324595,0.01717544484286794,True
COFORGE,2026-09-17,fyers_1m_agg,7,True,0.0,True,0.0,True,-0.0038775455489040303,True,0.0,True,0.0,True,0.0,True,0,0,0.2998655032324595,0.01717544484286794,True
COFORGE,2026-09-17,yahoo_1h,7,True,-0.30002441406259095,False,0.599999999999909,False,-0.30258413668692763,False,-0.20002441406245453,False,0.0,True,0.0,True,0,1,0.0,0.02452957432132611,False
CUB,2026-09-17,fyers_60m,7,True,0.0,True,0.0,True,-0.0017501370842005462,True,0.0,True,0.0,True,0.6800000000000068,True,0,0,0.25481748320586417,0.035333071951135706,True
CUB,2026-09-17,fyers_1m_agg,7,True,0.0,True,0.0,True,-0.0017501370842005462,True,0.0,True,0.0,True,0.6800000000000068,True,0,0,0.25481748320586417,0.035333071951135706,True
CUB,2026-09-17,yahoo_1h,7,True,-0.0099945068359375,True,0.80999755859375,False,-0.2561463323868642,False,1.0200042724609375,False,-0.67999267578125,False,7.32421875682121e-06,True,0,1,0.0,0.047415571989898764,False
DABUR,2026-09-17,fyers_60m,7,True,0.0,True,0.0,True,-0.0027956847137612724,True,0.0,True,0.0,True,0.0,True,0,0,0.1405028625716299,0.012445592768184842,True
DABUR,2026-09-17,fyers_1m_agg,7,True,0.0,True,0.0,True,-0.0027956847137612724,True,0.0,True,0.0,True,0.0,True,0,0,0.1405028625716299,0.012445592768184842,True
DABUR,2026-09-17,yahoo_1h,7,True,-0.14999999999997726,False,0.05000610351561363,False,-0.14291883092879148,False,0.20000610351564774,False,-1.2207031261368684e-05,True,-1.2207031261368684e-05,True,0,1,0.0,0.014407024197205161,False
GRASIM,2026-09-17,fyers_60m,7,True,0.0,True,0.0,True,-0.00028177103935582805,True,0.0,True,0.0,True,0.0,True,0,0,0.09807176346242445,0.015763299818423265,True
GRASIM,2026-09-17,fyers_1m_agg,7,True,0.0,True,0.0,True,-0.00028177103935582805,True,0.0,True,0.0,True,0.0,True,0,0,0.09807176346242445,0.015763299818423265,True
GRASIM,2026-09-17,yahoo_1h,6,True,0.0,True,0.0,True,-0.09832725538751647,False,-3.0,False,9.765625009094947e-05,True,9.765625009094947e-05,False,0,1,0.0,0.0,False
HDFCBANK,2026-09-17,fyers_60m,7,True,0.0,True,0.0,True,-0.02705894263289153,False,0.0,True,0.0,True,0.0,True,0,0,0.22849846500757334,0.03381224677205033,False
HDFCBANK,2026-09-17,fyers_1m_agg,7,True,0.0,True,0.0,True,-0.02705894263289153,False,0.0,True,0.0,True,0.0,True,0,0,0.22849846500757334,0.03381224677205033,False
HDFCBANK,2026-09-17,yahoo_1h,7,True,-0.10001220703122726,False,0.0,True,-0.24934491243055903,False,0.0999755859375,False,0.0,True,0.0,True,0,1,0.0,0.04382432401514013,False
INDIANB,2026-09-17,fyers_60m,7,True,0.0,True,0.0,True,-0.0023888153773735264,True,0.0,True,0.0,True,0.0,True,0,0,0.2757393987468164,0.012708314369627853,True
INDIANB,2026-09-17,fyers_1m_agg,7,True,0.0,True,0.0,True,-0.0023888153773735264,True,0.0,True,0.0,True,0.0,True,0,0,0.2757393987468164,0.012708314369627853,True
INDIANB,2026-09-17,yahoo_1h,7,True,-0.14999999999997726,False,0.04998779296875,True,-0.2775084414693902,False,0.54998779296875,False,0.0,True,0.0,True,0,1,0.0,0.017542419617550115,False
LATENTVIEW,2026-09-17,fyers_60m,7,True,0.0,True,0.0,True,-0.0037714946128832613,True,0.0,True,0.0,True,0.05000000000001137,True,0,0,0.17402198013413236,0.08598474707743844,True
LATENTVIEW,2026-09-17,fyers_1m_agg,7,True,0.0,True,0.0,True,-0.0037714946128832613,True,0.0,True,0.0,True,0.05000000000001137,True,0,0,0.17402198013413236,0.08598474707743844,True
LATENTVIEW,2026-09-17,yahoo_1h,7,True,-6.103515630684342e-06,True,0.09999999999999432,False,-0.17723631166291112,False,0.24999694824219887,False,-0.05000000000001137,False,0.0,True,0,1,0.0,0.10410060551152633,False
NATCOPHARM,2026-09-17,fyers_60m,7,True,-6.67999999999995,False,-6.559999999999945,False,-0.009987724584309786,True,-6.6200000000000045,False,-6.680000000000064,False,-4.980000000000018,True,0,0,0.1482512006217426,0.06876840978058063,False
NATCOPHARM,2026-09-17,fyers_1m_agg,7,True,-6.67999999999995,False,-6.559999999999945,False,-0.009987724584309786,True,-6.6200000000000045,False,-6.680000000000064,False,-4.980000000000018,True,0,0,0.1482512006217426,0.06876840978058063,False
NATCOPHARM,2026-09-17,yahoo_1h,7,True,-0.04998779296875,True,0.29998779296875,False,-0.14983642568087444,False,-2.3500000000000227,False,-1.7000000000000455,False,0.0,True,0,1,0.0,0.0807403211097908,False
POONAWALLA,2026-09-17,fyers_60m,7,True,0.0,True,0.0,True,-0.0006849085937541266,True,0.0,True,0.0,True,-0.30000000000001137,True,0,0,0.2573902778511902,0.18812305090121043,True
POONAWALLA,2026-09-17,fyers_1m_agg,7,True,0.0,True,0.0,True,-0.0006849085937541266,True,0.0,True,0.0,True,-0.30000000000001137,True,0,0,0.2573902778511902,0.18812305090121043,True
POONAWALLA,2026-09-17,yahoo_1h,7,True,-0.20001220703125,False,0.14998779296877274,False,-0.257916504536419,False,0.29998779296875,False,0.29998779296875,False,-1.2207031261368684e-05,True,0,1,0.0,0.2533021095064215,False
PREMIERENE,2026-09-17,fyers_60m,7,True,0.0,True,0.0,True,-0.015467745708104776,False,0.0,True,0.0,True,0.0,True,0,0,0.42463490283965066,0.04833110171263659,False
PREMIERENE,2026-09-17,fyers_1m_agg,7,True,0.0,True,0.0,True,-0.015467745708104776,False,0.0,True,0.0,True,0.0,True,0,0,0.42463490283965066,0.04833110171263659,False
PREMIERENE,2026-09-17,yahoo_1h,6,True,-0.5000122070312045,False,0.0,True,-0.43354743855208966,False,8.600000000000023,False,0.0,True,0.0,False,0,1,0.0,0.0,False
PVRINOX,2026-09-17,fyers_60m,7,True,0.0,True,0.0,True,-0.0014352907404923754,True,0.0,True,0.0,True,-2.7000000000000455,True,0,0,0.1852678308446692,0.05309961804091039,True
PVRINOX,2026-09-17,fyers_1m_agg,7,True,0.0,True,0.0,True,-0.0014352907404923754,True,0.0,True,0.0,True,-2.7000000000000455,True,0,0,0.1852678308446692,0.05309961804091039,True
PVRINOX,2026-09-17,yahoo_1h,7,True,0.0,True,-4.8828125045474735e-05,True,-0.18636191444255426,False,-2.9000244140625,False,0.0,True,-2.7000000000000455,True,0,1,0.0,0.06527239970271576,False
RELIANCE,2026-09-17,fyers_60m,7,True,0.0,True,0.0,True,-0.016432829285060613,False,0.0,True,0.0,True,0.0,True,0,0,0.16742930588225574,0.06499697790031411,False
RELIANCE,2026-09-17,fyers_1m_agg,7,True,0.0,True,0.0,True,-0.016432829285060613,False,0.0,True,0.0,True,0.0,True,0,0,0.16742930588225574,0.06499697790031411,False
RELIANCE,2026-09-17,yahoo_1h,7,True,-0.20004882812509095,False,0.0,True,-0.1810690071257253,False,-0.2999999999999545,False,2.441406240905053e-05,True,2.441406240905053e-05,True,0,1,0.0,0.07805989712535001,False
SAMMAANCAP,2026-09-17,fyers_60m,7,True,0.0,True,0.0,True,-0.0021578227513251846,True,0.0,True,0.0,True,-0.21000000000000796,True,0,0,0.3473389678493374,0.05016495200767656,True
SAMMAANCAP,2026-09-17,fyers_1m_agg,7,True,0.0,True,0.0,True,-0.0021578227513251846,True,0.0,True,0.0,True,-0.21000000000000796,True,0,0,0.3473389678493374,0.05016495200767656,True
SAMMAANCAP,2026-09-17,yahoo_1h,7,True,-0.18999511718749318,False,0.11999816894530113,False,-0.348758792023966,False,-0.25,False,0.2100012207031341,False,1.2207031261368684e-06,True,0,1,0.0,0.07685541937251601,False
TCS,2026-09-17,fyers_60m,7,True,0.0,True,0.0,True,-0.003133270649715997,True,0.0,True,0.0,True,0.0,True,0,0,0.14567520597518255,0.04122242884839557,True
TCS,2026-09-17,fyers_1m_agg,7,True,0.0,True,0.0,True,-0.003133270649715997,True,0.0,True,0.0,True,0.0,True,0,0,0.14567520597518255,0.04122242884839557,True
TCS,2026-09-17,yahoo_1h,7,True,-0.799951171874909,False,0.699951171875,False,-0.1483547674289128,False,6.10009765625,False,0.0,True,0.0,True,0,1,0.0,0.04825127041716424,False
TMCV,2026-09-17,fyers_60m,7,True,0.0,True,0.0,True,-0.0019853435119618987,True,0.0,True,0.0,True,0.3499999999999659,True,0,0,0.1298481016110944,0.11787583547261181,True
TMCV,2026-09-17,fyers_1m_agg,7,True,0.0,True,0.0,True,-0.0019853435119618987,True,0.0,True,0.0,True,0.3499999999999659,True,0,0,0.1298481016110944,0.11787583547261181,True
TMCV,2026-09-17,yahoo_1h,7,True,-0.35000000000002274,False,0.49998779296873863,False,-0.13157292980666302,False,0.399993896484375,False,1.2207031261368684e-05,True,0.35001220703122726,True,0,1,0.0,0.13545960257235656,False
TMPV,2026-09-17,fyers_60m,7,True,0.0,True,0.0,True,-0.0015774784001892504,True,0.0,True,0.0,True,0.0,True,0,0,0.1087944245828576,0.022018623427959374,True
TMPV,2026-09-17,fyers_1m_agg,7,True,0.0,True,0.0,True,-0.0015774784001892504,True,0.0,True,0.0,True,0.0,True,0,0,0.1087944245828576,0.022018623427959374,True
TMPV,2026-09-17,yahoo_1h,7,True,-1.2207031261368684e-05,True,0.29998779296875,False,-0.11020406243111448,False,-0.600006103515625,False,0.0,True,0.0,True,0,1,0.0,0.024701566093527545,False
VEDL,2026-09-17,fyers_60m,7,True,0.0,True,0.0,True,-0.008219038498046682,True,0.0,True,0.0,True,0.0,True,0,0,0.3360338482199535,0.0574926827717037,True
VEDL,2026-09-17,fyers_1m_agg,7,True,0.0,True,0.0,True,-0.008219038498046682,True,0.0,True,0.0,True,0.0,True,0,0,0.3360338482199535,0.0574926827717037,True
VEDL,2026-09-17,yahoo_1h,7,True,1.2207031261368684e-05,True,0.05000000000001137,False,-0.3414916181091784,False,0.0,True,1.2207031261368684e-05,True,1.2207031261368684e-05,True,0,1,0.0,0.08658847780404337,False
VIJAYA,2026-09-17,fyers_60m,7,True,0.0,True,0.0,True,-0.0006528280716070791,True,0.0,True,0.0,True,3.900000000000091,True,0,0,0.08653070806667279,0.06445784977187127,True
VIJAYA,2026-09-17,fyers_1m_agg,7,True,0.0,True,0.0,True,-0.0006528280716070791,True,0.0,True,0.0,True,3.900000000000091,True,0,0,0.08653070806667279,0.06445784977187127,True
VIJAYA,2026-09-17,yahoo_1h,7,True,-3.499975585937591,False,4.7999755859375455,False,-0.08713214668230734,False,-11.199951171875,False,-3.9000244140625,False,-2.441406240905053e-05,True,0,1,0.0,0.07055859117472875,False
ZFCVINDIA,2026-09-17,fyers_60m,7,True,0.0,True,0.0,True,-0.002028236229866773,True,0.0,True,0.0,True,4.800000000000182,True,0,0,0.11508727185781462,0.16159241252889137,True
ZFCVINDIA,2026-09-17,fyers_1m_agg,7,True,0.0,True,0.0,True,-0.002028236229866773,True,0.0,True,0.0,True,4.800000000000182,True,0,0,0.11508727185781462,0.16159241252889137,True
ZFCVINDIA,2026-09-17,yahoo_1h,7,True,-0.3999511718748181,False,2.0,False,-0.11700139192682442,False,0.0,True,-4.800048828125,False,-4.882812481810106e-05,True,0,1,0.0,0.1826329775255596,False
ACC,2026-09-18,fyers_60m,7,True,0.0,True,0.0,True,-0.0007424461920529801,True,0.0,True,0.0,True,12.299999999999955,True,0,0,0.12084976169703811,0.2217706130120407,True
ACC,2026-09-18,fyers_1m_agg,7,True,0.0,True,0.0,True,-0.0007424461920529801,True,0.0,True,0.0,True,12.299999999999955,True,0,0,0.12084976169703811,0.2217706130120407,True
ACC,2026-09-18,yahoo_1h,7,True,-1.999975585937591,False,0.40000000000009095,False,-0.12084540562913908,False,0.40000000000009095,False,-12.300048828125,False,-4.8828125045474735e-05,True,0,1,0.0,0.25281745261088845,False
APTUS,2026-09-18,fyers_60m,7,True,0.0,True,0.0,True,-0.0017917980340199796,True,0.0,True,0.0,True,-0.9900000000000091,True,0,0,0.08604698563891625,0.07535507011603151,True
APTUS,2026-09-18,fyers_1m_agg,7,True,0.0,True,0.0,True,-0.0017917980340199796,True,0.0,True,0.0,True,-0.9900000000000091,True,0,0,0.08604698563891625,0.07535507011603151,True
APTUS,2026-09-18,yahoo_1h,7,True,-1.7100006103515568,False,0.930003051757808,False,-0.08765300575168136,False,0.6999938964843864,False,0.9899926757812523,False,-7.32421875682121e-06,True,0,1,0.0,0.08248174331183021,False
ASTERDM,2026-09-18,fyers_60m,7,True,0.0,True,0.0,True,-0.00029820513915105576,True,0.0,True,0.0,True,-1.849999999999909,True,0,0,0.05707628469138629,0.25429818888452244,True
ASTERDM,2026-09-18,fyers_1m_agg,7,True,0.0,True,0.0,True,-0.00029820513915105576,True,0.0,True,0.0,True,-1.849999999999909,True,0,0,0.05707628469138629,0.25429818888452244,True
ASTERDM,2026-09-18,yahoo_1h,7,True,-2.4414062522737368e-05,True,0.04998779296875,True,-0.057363656217731825,False,-2.4414062522737368e-05,True,1.8499877929687045,False,-1.2207031204525265e-05,True,0,1,0.0,0.26968899028496646,False
BOSCHLTD,2026-09-18,fyers_60m,7,True,0.0,True,0.0,True,-0.0012413742743437146,True,0.0,True,0.0,True,0.0,True,0,0,0.2530433193200512,0.25984280753061595,True
BOSCHLTD,2026-09-18,fyers_1m_agg,7,True,0.0,True,0.0,True,-0.0012413742743437146,True,0.0,True,0.0,True,0.0,True,0,0,0.2530433193200512,0.25984280753061595,True
BOSCHLTD,2026-09-18,yahoo_1h,7,True,-20.0,False,0.0,True,-0.2534229070064625,False,405.0,False,0.0,True,0.0,True,0,1,0.0,0.3482492175273865,False
BRIGADE,2026-09-18,fyers_60m,7,True,0.0,True,0.0,True,-0.00024157126352273922,True,0.0,True,0.0,True,3.199999999999932,True,0,0,0.14341544238483947,0.15192350696148485,True
BRIGADE,2026-09-18,fyers_1m_agg,7,True,0.0,True,0.0,True,-0.00024157126352273922,True,0.0,True,0.0,True,3.199999999999932,True,0,0,0.14341544238483947,0.15192350696148485,True
BRIGADE,2026-09-18,yahoo_1h,7,True,-1.2207031204525265e-05,True,0.0,True,-0.14352784071301034,False,0.9000244140625,False,-3.1999877929687273,False,1.2207031204525265e-05,True,0,1,0.0,0.17732952823429038,False
CANBK,2026-09-18,fyers_60m,7,True,0.0,True,0.0,True,-0.003714688332505207,True,0.0,True,0.0,True,0.0,True,0,0,0.1283842597154636,0.19712727542108438,True
CANBK,2026-09-18,fyers_1m_agg,7,True,0.0,True,0.0,True,-0.003714688332505207,True,0.0,True,0.0,True,0.0,True,0,0,0.1283842597154636,0.19712727542108438,True
CANBK,2026-09-18,yahoo_1h,7,True,-0.02999938964843807,True,2.1362304636340923e-06,True,-0.13096119312158191,False,-2.4414062522737368e-06,True,-1.2207031261368684e-06,True,-1.2207031261368684e-06,True,0,1,0.0,0.2268012782276269,False
COFORGE,2026-09-18,fyers_60m,7,True,0.0,True,0.0,True,-0.007967993058735629,True,0.0,True,0.0,True,0.0,True,0,0,0.21070049529806967,0.1621740799409141,True
COFORGE,2026-09-18,fyers_1m_agg,7,True,0.0,True,0.0,True,-0.007967993058735629,True,0.0,True,0.0,True,0.0,True,0,0,0.21070049529806967,0.1621740799409141,True
COFORGE,2026-09-18,yahoo_1h,6,True,0.0,True,1.2999999999999545,False,-0.20982502229399147,False,0.199951171875,False,0.0,True,0.0,False,0,1,0.0,0.0,False
CUB,2026-09-18,fyers_60m,7,True,0.0,True,0.0,True,-0.0014084519865364008,True,0.0,True,0.0,True,0.09999999999999432,True,0,0,0.22887761186409464,0.09523423126086092,True
CUB,2026-09-18,fyers_1m_agg,7,True,0.0,True,0.0,True,-0.0014084519865364008,True,0.0,True,0.0,True,0.09999999999999432,True,0,0,0.22887761186409464,0.09523423126086092,True
CUB,2026-09-18,yahoo_1h,7,True,-0.08999938964842613,False,0.5699981689453182,False,-0.23003107334602488,False,0.5699981689453182,False,0.009993896484388642,True,0.10999389648438296,True,0,1,0.0,0.1234932778375566,False
DABUR,2026-09-18,fyers_60m,7,True,0.0,True,0.0,True,-0.0019930767664426796,True,0.0,True,0.0,True,0.0,True,0,0,0.08395964100308251,0.28880203508846386,True
DABUR,2026-09-18,fyers_1m_agg,7,True,0.0,True,0.0,True,-0.0019930767664426796,True,0.0,True,0.0,True,0.0,True,0,0,0.08395964100308251,0.28880203508846386,True
DABUR,2026-09-18,yahoo_1h,6,True,0.0,True,1.2207031261368684e-05,True,-0.08532315210751375,False,6.1035156022626325e-06,True,0.0,True,0.0,False,0,1,0.0,0.0,False
GRASIM,2026-09-18,fyers_60m,7,True,0.0,True,0.0,True,-0.000348568306939292,True,0.0,True,0.0,True,0.0,True,0,0,0.04312912512544777,0.2379588458072976,True
GRASIM,2026-09-18,fyers_1m_agg,7,True,0.0,True,0.0,True,-0.000348568306939292,True,0.0,True,0.0,True,0.0,True,0,0,0.04312912512544777,0.2379588458072976,True
GRASIM,2026-09-18,yahoo_1h,7,True,-4.882812481810106e-05,True,0.60009765625,False,-0.043386502204914225,False,12.300048828125,False,-4.882812481810106e-05,True,-4.882812481810106e-05,True,0,1,0.0,0.2487350134498116,False
HDFCBANK,2026-09-18,fyers_60m,7,True,0.0,True,0.0,True,-0.004730879215120743,True,0.0,True,0.0,True,0.0,True,0,0,0.097616533352238,0.19744350977997574,True
HDFCBANK,2026-09-18,fyers_1m_agg,7,True,0.0,True,0.0,True,-0.004730879215120743,True,0.0,True,0.0,True,0.0,True,0,0,0.097616533352238,0.19744350977997574,True
HDFCBANK,2026-09-18,yahoo_1h,7,True,-0.5000122070312045,False,0.6500244140625,False,-0.1012845199997665,False,2.25,False,0.0,True,0.0,True,0,1,0.0,0.2193247912709925,False
INDIANB,2026-09-18,fyers_60m,7,True,0.0,True,0.0,True,-0.0015949088623507229,True,0.0,True,0.0,True,0.0,True,0,0,0.3235475699414886,0.1634113032399111,True
INDIANB,2026-09-18,fyers_1m_agg,7,True,0.0,True,0.0,True,-0.0015949088623507229,True,0.0,True,0.0,True,0.0,True,0,0,0.3235475699414886,0.1634113032399111,True
INDIANB,2026-09-18,yahoo_1h,7,True,-1.1499877929687727,False,2.0999755859375,False,-0.3245964516313353,False,0.04998779296875,True,-1.2207031204525265e-05,True,-1.2207031204525265e-05,True,0,1,0.0,0.24158672784705046,False
LATENTVIEW,2026-09-18,fyers_60m,7,True,0.0,True,0.0,True,-0.0013609188168659534,True,0.0,True,0.0,True,0.5999999999999943,True,0,0,0.16832221320708643,0.13656486565259518,True
LATENTVIEW,2026-09-18,fyers_1m_agg,7,True,0.0,True,0.0,True,-0.0013609188168659534,True,0.0,True,0.0,True,0.5999999999999943,True,0,0,0.16832221320708643,0.13656486565259518,True
LATENTVIEW,2026-09-18,yahoo_1h,7,True,0.0,True,6.103515630684342e-06,True,-0.1696507237256136,False,-0.9499938964843864,False,-0.5999938964843636,False,6.103515630684342e-06,True,0,1,0.0,0.1637171495158876,False
NATCOPHARM,2026-09-18,fyers_60m,7,True,-6.699999999999932,False,-6.569999999999936,False,-0.00876058289448678,True,-6.669999999999959,False,-6.6200000000000045,False,-6.569999999999936,True,0,0,0.12106237527419063,0.20261862352184454,False
NATCOPHARM,2026-09-18,fyers_1m_agg,7,True,-6.699999999999932,False,-6.569999999999936,False,-0.00876058289448678,True,-6.669999999999959,False,-6.6200000000000045,False,-6.569999999999936,True,0,0,0.12106237527419063,0.20261862352184454,False
NATCOPHARM,2026-09-18,yahoo_1h,7,True,-1.6999877929687273,False,0.14998779296877274,False,-0.12148948300912842,False,-0.1500244140625,False,-0.049975585937545475,True,2.4414062522737368e-05,True,0,1,0.0,0.23027448243777623,False
POONAWALLA,2026-09-18,fyers_60m,7,True,0.0,True,0.0,True,-0.0001390361805365261,True,0.0,True,0.0,True,5.600000000000023,True,0,0,0.03740411836081471,0.1981309319358161,True
POONAWALLA,2026-09-18,fyers_1m_agg,7,True,0.0,True,0.0,True,-0.0001390361805365261,True,0.0,True,0.0,True,5.600000000000023,True,0,0,0.03740411836081471,0.1981309319358161,True
POONAWALLA,2026-09-18,yahoo_1h,7,True,-0.20001220703125,False,1.149993896484375,False,-0.0374377251224,False,1.850006103515625,False,-5.600006103515625,False,-6.1035156022626325e-06,True,0,1,0.0,0.20594746015250137,False
PREMIERENE,2026-09-18,fyers_60m,7,True,0.0,True,0.0,True,-0.002135053307127724,True,0.0,True,0.0,True,0.0,True,0,0,0.09661715290664986,0.18167847872362045,True
PREMIERENE,2026-09-18,fyers_1m_agg,7,True,0.0,True,0.0,True,-0.002135053307127724,True,0.0,True,0.0,True,0.0,True,0,0,0.09661715290664986,0.18167847872362045,True
PREMIERENE,2026-09-18,yahoo_1h,6,True,-1.2207031204525265e-05,True,0.20000000000004547,False,-0.09844742708855724,False,0.9000244140625,False,0.0,True,0.0,False,0,1,0.0,0.0,False
PVRINOX,2026-09-18,fyers_60m,7,True,0.0,True,0.0,True,-0.0006624558838646305,True,0.0,True,0.0,True,4.099999999999909,True,0,0,0.28516772386993544,0.11177781587519287,True
PVRINOX,2026-09-18,fyers_1m_agg,7,True,0.0,True,0.0,True,-0.0006624558838646305,True,0.0,True,0.0,True,4.099999999999909,True,0,0,0.28516772386993544,0.11177781587519287,True
PVRINOX,2026-09-18,yahoo_1h,7,True,-0.10004882812495453,False,3.0,False,-0.28565078676154254,False,0.0,True,1.2000000000000455,False,5.2999999999999545,True,0,1,0.0,0.1563540527180452,False
RELIANCE,2026-09-18,fyers_60m,7,True,0.0,True,0.0,True,-0.0034870722618260013,True,0.0,True,0.0,True,0.0,True,0,0,0.07121993053607699,0.49960315145719164,True
RELIANCE,2026-09-18,fyers_1m_agg,7,True,0.0,True,0.0,True,-0.0034870722618260013,True,0.0,True,0.0,True,0.0,True,0,0,0.07121993053607699,0.49960315145719164,True
RELIANCE,2026-09-18,yahoo_1h,7,True,-0.2999999999999545,False,2.441406240905053e-05,True,-0.07262955097679219,False,0.300048828125,False,2.441406240905053e-05,True,2.441406240905053e-05,True,0,1,0.0,0.5388194212655281,False
SAMMAANCAP,2026-09-18,fyers_60m,7,True,0.0,True,0.0,True,-0.0020410093361075245,True,0.0,True,0.0,True,-0.4199999999999875,True,0,0,0.1726105356397957,0.1314729567131569,True
SAMMAANCAP,2026-09-18,fyers_1m_agg,7,True,0.0,True,0.0,True,-0.0020410093361075245,True,0.0,True,0.0,True,-0.4199999999999875,True,0,0,0.1726105356397957,0.1314729567131569,True
SAMMAANCAP,2026-09-18,yahoo_1h,7,True,0.0,True,0.029992675781244316,True,-0.17360305525458086,False,0.100006103515625,False,0.05999755859375,False,-0.3600024414062375,True,0,1,0.0,0.15834237404741744,False
TCS,2026-09-18,fyers_60m,7,True,0.0,True,0.0,True,-0.006283681539534703,True,0.0,True,0.0,True,0.0,True,0,0,0.2463190249150167,0.2180450731643059,True
TCS,2026-09-18,fyers_1m_agg,7,True,0.0,True,0.0,True,-0.006283681539534703,True,0.0,True,0.0,True,0.0,True,0,0,0.2463190249150167,0.2180450731643059,True
TCS,2026-09-18,yahoo_1h,6,True,-2.300000000000182,False,0.4000976562501819,False,-0.2506382148136814,False,-2.199999999999818,False,0.0,True,0.0,False,0,1,0.0,0.0,False
TMCV,2026-09-18,fyers_60m,7,True,0.0,True,0.0,True,-0.0011214827426083245,True,0.0,True,0.0,True,-2.5499999999999545,True,0,0,0.1461273906777274,0.1771913138436018,True
TMCV,2026-09-18,fyers_1m_agg,7,True,0.0,True,0.0,True,-0.0011214827426083245,True,0.0,True,0.0,True,-2.5499999999999545,True,0,0,0.1461273906777274,0.1771913138436018,True
TMCV,2026-09-18,yahoo_1h,7,True,0.0,True,0.30000000000001137,False,-0.14699580858677255,False,-0.399993896484375,False,0.6499999999999773,False,-1.8999999999999773,True,0,1,0.0,0.20749841092231863,False
TMPV,2026-09-18,fyers_60m,7,True,0.0,True,0.0,True,-0.011281074265104081,False,0.0,True,0.0,True,0.0,True,0,0,0.20616050548082349,0.13938112669577046,False
TMPV,2026-09-18,fyers_1m_agg,7,True,0.0,True,0.0,True,-0.011281074265104081,False,0.0,True,0.0,True,0.0,True,0,0,0.20616050548082349,0.13938112669577046,False
TMPV,2026-09-18,yahoo_1h,7,True,-1.70001220703125,False,0.149993896484375,False,-0.21452403245042775,False,-1.3000122070312727,False,-1.2207031261368684e-05,True,-1.2207031261368684e-05,True,0,1,0.0,0.17618560730810706,False
VEDL,2026-09-18,fyers_60m,7,True,0.0,True,0.0,True,-0.003526575195729638,True,0.0,True,0.0,True,0.0,True,0,0,0.1790246588927297,0.3648403545112081,True
VEDL,2026-09-18,fyers_1m_agg,7,True,0.0,True,0.0,True,-0.003526575195729638,True,0.0,True,0.0,True,0.0,True,0,0,0.1790246588927297,0.3648403545112081,True
VEDL,2026-09-18,yahoo_1h,7,True,6.1035156022626325e-06,True,0.75,False,-0.18154401288425762,False,1.100006103515625,False,6.1035156022626325e-06,True,6.1035156022626325e-06,True,0,1,0.0,0.4446521085757942,False
VIJAYA,2026-09-18,fyers_60m,7,True,0.0,True,0.0,True,-0.004159820520103402,True,0.0,True,0.0,True,1.099999999999909,True,0,0,0.47733410354538236,0.08867427251065059,True
VIJAYA,2026-09-18,fyers_1m_agg,7,True,0.0,True,0.0,True,-0.004159820520103402,True,0.0,True,0.0,True,1.099999999999909,True,0,0,0.47733410354538236,0.08867427251065059,True
VIJAYA,2026-09-18,yahoo_1h,7,True,-1.4000244140625,False,2.800048828125,False,-0.47943639285675765,False,10.0,False,-1.0999755859375,False,2.441406240905053e-05,True,0,1,0.0,0.16872254606735365,False
ZFCVINDIA,2026-09-18,fyers_60m,7,True,0.0,True,0.0,True,-0.00037835685025034137,True,0.0,True,-2.900000000000091,False,-11.900000000000091,True,0,0,0.017584600454769242,0.3238992905258305,False
ZFCVINDIA,2026-09-18,fyers_1m_agg,7,True,0.0,True,0.0,True,-0.00037835685025034137,True,0.0,True,-2.900000000000091,False,-11.900000000000091,True,0,0,0.017584600454769242,0.3238992905258305,False
ZFCVINDIA,2026-09-18,yahoo_1h,7,True,-9.765625009094947e-05,True,1.0,False,-0.017976217569412836,False,1.39990234375,False,-3.0,False,-12.0,True,0,1,0.0,0.3296745953806623,False
ACC,2026-09-21,fyers_60m,7,True,0.0,True,0.0,True,-0.007184768291222608,True,0.0,True,0.0,True,-1.2999999999999545,True,0,0,0.3100199010975757,0.10050054275720662,True
ACC,2026-09-21,fyers_1m_agg,7,True,0.0,True,0.0,True,-0.007184768291222608,True,0.0,True,0.0,True,-1.2999999999999545,True,0,0,0.3100199010975757,0.10050054275720662,True
ACC,2026-09-21,yahoo_1h,7,True,-4.199951171875,False,4.0999755859375,False,-0.3155011375883128,False,-0.300048828125,False,1.300048828125,False,4.8828125045474735e-05,True,0,1,0.0,0.14559370216488082,False
APTUS,2026-09-21,fyers_60m,7,True,0.0,True,0.0,True,-0.0010599279122271953,True,0.0,True,0.0,True,0.9199999999999875,True,0,0,0.09183497064262672,0.13307565669478166,True
APTUS,2026-09-21,fyers_1m_agg,7,True,0.0,True,0.0,True,-0.0010599279122271953,True,0.0,True,0.0,True,0.9199999999999875,True,0,0,0.09183497064262672,0.13307565669478166,True
APTUS,2026-09-21,yahoo_1h,7,True,-0.5200030517578114,False,0.0099945068359375,True,-0.09278646967956589,False,-1.14999572753905,False,-0.9199957275390602,False,4.272460927268185e-06,True,0,1,0.0,0.1465428943409176,False
ASTERDM,2026-09-21,fyers_60m,7,True,0.0,True,0.0,True,-0.0014875028464055018,True,0.0,True,0.0,True,-1.5499999999999545,True,0,0,0.3393277561848761,0.06149191729107432,True
ASTERDM,2026-09-21,fyers_1m_agg,7,True,0.0,True,0.0,True,-0.0014875028464055018,True,0.0,True,0.0,True,-1.5499999999999545,True,0,0,0.3393277561848761,0.06149191729107432,True
ASTERDM,2026-09-21,yahoo_1h,7,True,-0.5,False,2.2000244140624545,False,-0.38840206481121986,False,-0.54998779296875,False,3.2999999999999545,False,1.75,True,0,1,0.0,0.02370550530226528,False
BOSCHLTD,2026-09-21,fyers_60m,7,True,0.0,True,0.0,True,-0.00441000441000441,True,0.0,True,0.0,True,0.0,True,0,0,0.3913813832816554,0.016958805290134785,True
BOSCHLTD,2026-09-21,fyers_1m_agg,7,True,0.0,True,0.0,True,-0.00441000441000441,True,0.0,True,0.0,True,0.0,True,0,0,0.3913813832816554,0.016958805290134785,True
BOSCHLTD,2026-09-21,yahoo_1h,7,True,0.0,True,0.0,True,-0.3938133938133938,False,0.0,True,0.0,True,0.0,True,0,1,0.0,0.02847640823113698,False
BRIGADE,2026-09-21,fyers_60m,7,True,0.0,True,0.0,True,-0.007130473004322239,True,0.0,True,0.0,True,-1.75,True,0,0,0.24419193782434392,0.13958533166088688,True
BRIGADE,2026-09-21,fyers_1m_agg,7,True,0.0,True,0.0,True,-0.007130473004322239,True,0.0,True,0.0,True,-1.75,True,0,0,0.24419193782434392,0.13958533166088688,True
BRIGADE,2026-09-21,yahoo_1h,7,True,-0.5500244140624773,False,2.3500244140625455,False,-0.24962516177871114,False,0.70001220703125,False,1.75,False,0.0,True,0,1,0.0,0.1846618459676002,False
CANBK,2026-09-21,fyers_60m,7,True,0.0,True,0.0,True,-0.020542191971536856,False,0.0,True,0.0,True,0.0,True,0,0,0.3772660760411295,0.013391337720250706,False
CANBK,2026-09-21,fyers_1m_agg,7,True,0.0,True,0.0,True,-0.020542191971536856,False,0.0,True,0.0,True,0.0,True,0,0,0.3772660760411295,0.013391337720250706,False
CANBK,2026-09-21,yahoo_1h,7,True,-0.030000915527338634,True,0.04999999999999716,True,-0.3887860623404749,False,0.01999999999999602,True,-3.051757815342171e-06,True,-3.051757815342171e-06,True,0,1,0.0,0.02345431157808687,False
COFORGE,2026-09-21,fyers_60m,7,True,0.0,True,0.0,True,-0.026278503179439625,False,0.0,True,0.0,True,0.0,True,0,0,0.4325094930738427,0.007875597552128867,False
COFORGE,2026-09-21,fyers_1m_agg,7,True,0.0,True,0.0,True,-0.026278503179439625,False,0.0,True,0.0,True,0.0,True,0,0,0.4325094930738427,0.007875597552128867,False
COFORGE,2026-09-21,yahoo_1h,7,True,-0.49997558593759095,False,0.199951171875,False,-0.44735864327349806,False,1.5999755859375,False,0.0,True,0.0,True,0,1,0.0,0.013924094489073753,False
CUB,2026-09-21,fyers_60m,7,True,0.0,True,0.0,True,-0.004555517862145348,True,0.0,True,0.0,True,-1.8400000000000034,True,0,0,0.20794558708453215,0.06925107432972394,True
CUB,2026-09-21,fyers_1m_agg,7,True,0.0,True,0.0,True,-0.004555517862145348,True,0.0,True,0.0,True,-1.8400000000000034,True,0,0,0.20794558708453215,0.06925107432972394,True
CUB,2026-09-21,yahoo_1h,7,True,-0.1299993896484466,False,0.9500030517578182,False,-0.273377170638068,False,0.100006103515625,False,1.7699951171875057,False,-0.07000488281249773,True,0,1,0.0,0.009755534154943325,False
DABUR,2026-09-21,fyers_60m,7,True,0.0,True,0.0,True,-0.007519334682859712,True,0.0,True,0.0,True,0.0,True,0,0,0.1510476261844579,0.02036407759994697,True
DABUR,2026-09-21,fyers_1m_agg,7,True,0.0,True,0.0,True,-0.007519334682859712,True,0.0,True,0.0,True,0.0,True,0,0,0.1510476261844579,0.02036407759994697,True
DABUR,2026-09-21,yahoo_1h,7,True,-0.09998779296876137,False,-1.2207031261368684e-05,True,-0.1569406052654413,False,-2.0,False,-1.2207031261368684e-05,True,-1.2207031261368684e-05,True,0,1,0.0,0.02454110891633335,False
GRASIM,2026-09-21,fyers_60m,7,True,0.0,True,0.0,True,-0.0035133689839572193,True,0.0,True,0.0,True,0.0,True,0,0,0.12724384602587702,0.044777641231492464,True
GRASIM,2026-09-21,fyers_1m_agg,7,True,0.0,True,0.0,True,-0.0035133689839572193,True,0.0,True,0.0,True,0.0,True,0,0,0.12724384602587702,0.044777641231492464,True
GRASIM,2026-09-21,yahoo_1h,6,True,4.882812481810106e-05,True,0.0,True,-0.1295133689839572,False,9.999902343749909,False,0.0,True,0.0,False,0,1,0.0,0.0,False
HDFCBANK,2026-09-21,fyers_60m,7,True,0.0,True,0.0,True,-0.010935362469630608,False,0.0,True,0.0,True,0.0,True,0,0,0.19107490035451824,0.015419807231679959,False
HDFCBANK,2026-09-21,fyers_1m_agg,7,True,0.0,True,0.0,True,-0.010935362469630608,False,0.0,True,0.0,True,0.0,True,0,0,0.19107490035451824,0.015419807231679959,False
HDFCBANK,2026-09-21,yahoo_1h,7,True,2.4414062522737368e-05,True,0.10002441406254547,False,-0.19954725520615224,False,-0.20001220703125,False,0.0,True,0.0,True,0,1,0.0,0.01952281109382646,False
INDIANB,2026-09-21,fyers_60m,7,True,0.0,True,0.0,True,-0.005777656606714529,True,0.0,True,0.0,True,0.0,True,0,0,0.3117014057198255,0.018558271587840177,True
INDIANB,2026-09-21,fyers_1m_agg,7,True,0.0,True,0.0,True,-0.005777656606714529,True,0.0,True,0.0,True,0.0,True,0,0,0.3117014057198255,0.018558271587840177,True
INDIANB,2026-09-21,yahoo_1h,6,True,-0.4500244140624545,False,0.14998779296877274,False,-0.31562308088443863,False,4.54998779296875,False,0.0,True,0.0,False,0,1,0.0,0.0,False
LATENTVIEW,2026-09-21,fyers_60m,7,True,0.0,True,0.0,True,-0.0049940247124735495,True,0.0,True,0.0,True,0.15000000000000568,True,0,0,0.17893800239109237,0.05042505247731492,True
LATENTVIEW,2026-09-21,fyers_1m_agg,7,True,0.0,True,0.0,True,-0.0049940247124735495,True,0.0,True,0.0,True,0.15000000000000568,True,0,0,0.17893800239109237,0.05042505247731492,True
LATENTVIEW,2026-09-21,yahoo_1h,7,True,-0.45001220703125,False,0.1999969482421875,False,-0.18201054720477147,False,1.1999938964843864,False,-0.15000305175780682,False,-3.0517578011313162e-06,True,0,1,0.0,0.06259047287154193,False
NATCOPHARM,2026-09-21,fyers_60m,7,True,-6.670000000000073,False,-6.559999999999945,False,-0.01463840459779283,False,-6.660000000000082,False,-8.220000000000027,False,-9.519999999999982,True,0,0,0.2010388091918874,0.03619867787921033,False
NATCOPHARM,2026-09-21,fyers_1m_agg,7,True,-6.670000000000073,False,-6.559999999999945,False,-0.01463840459779283,False,-6.660000000000082,False,-8.220000000000027,False,-9.519999999999982,True,0,0,0.2010388091918874,0.03619867787921033,False
NATCOPHARM,2026-09-21,yahoo_1h,7,True,-0.5499755859375455,False,-1.2207031204525265e-05,True,-0.23805409141968376,False,-2.2000000000000455,False,1.4000244140625,False,0.10002441406254547,True,0,1,0.0,0.005481212671051637,False
POONAWALLA,2026-09-21,fyers_60m,7,True,0.0,True,0.0,True,-0.006372939256683595,True,0.0,True,0.0,True,0.19999999999998863,True,0,0,0.37671073925546467,0.027037231678237357,True
POONAWALLA,2026-09-21,fyers_1m_agg,7,True,0.0,True,0.0,True,-0.006372939256683595,True,0.0,True,0.0,True,0.19999999999998863,True,0,0,0.37671073925546467,0.027037231678237357,True
POONAWALLA,2026-09-21,yahoo_1h,7,True,-0.649993896484375,False,0.5000061035156023,False,-0.3803968217657196,False,0.0,True,-0.19999999999998863,False,0.0,True,0,1,0.0,0.04385251550654721,False
PREMIERENE,2026-09-21,fyers_60m,7,True,0.0,True,0.0,True,-0.017268324173695018,False,0.0,True,0.0,True,0.0,True,0,0,0.2818223810270761,0.09957301214926462,False
PREMIERENE,2026-09-21,fyers_1m_agg,7,True,0.0,True,0.0,True,-0.017268324173695018,False,0.0,True,0.0,True,0.0,True,0,0,0.2818223810270761,0.09957301214926462,False
PREMIERENE,2026-09-21,yahoo_1h,6,True,2.4414062522737368e-05,True,1.2207031204525265e-05,True,-0.28937047607124333,False,-3.5,False,2.4414062522737368e-05,True,2.4414062522737368e-05,False,0,1,0.0,0.0,False
PVRINOX,2026-09-21,fyers_60m,7,True,0.0,True,0.0,True,-0.003919627016544952,True,0.0,True,0.0,True,2.7000000000000455,True,0,0,0.31434407823884125,0.12375244714387244,True
PVRINOX,2026-09-21,fyers_1m_agg,7,True,0.0,True,0.0,True,-0.003919627016544952,True,0.0,True,0.0,True,2.7000000000000455,True,0,0,0.31434407823884125,0.12375244714387244,True
PVRINOX,2026-09-21,yahoo_1h,7,True,-4.2000244140624545,False,0.49997558593759095,False,-0.4341318080446816,False,2.2999999999999545,False,-3.4000244140625,False,-0.7000244140624545,True,0,1,0.0,0.010906272065821386,False
RELIANCE,2026-09-21,fyers_60m,7,True,0.0,True,0.0,True,-0.012118352972824216,False,0.0,True,0.0,True,0.0,True,0,0,0.20753934853180986,0.053806276727965466,False
RELIANCE,2026-09-21,fyers_1m_agg,7,True,0.0,True,0.0,True,-0.012118352972824216,False,0.0,True,0.0,True,0.0,True,0,0,0.20753934853180986,0.053806276727965466,False
RELIANCE,2026-09-21,yahoo_1h,7,True,-0.19997558593740905,False,0.0,True,-0.21672966452814357,False,0.900000000000091,False,2.441406240905053e-05,True,2.441406240905053e-05,True,0,1,0.0,0.0683893321011023,False
SAMMAANCAP,2026-09-21,fyers_60m,7,True,0.0,True,0.0,True,-0.004440929931179133,True,0.0,True,0.05000000000001137,False,0.0800000000000125,True,0,0,0.15222132707574923,0.050570547211669134,False
SAMMAANCAP,2026-09-21,fyers_1m_agg,7,True,0.0,True,0.0,True,-0.004440929931179133,True,0.0,True,0.05000000000001137,False,0.0800000000000125,True,0,0,0.15222132707574923,0.050570547211669134,False
SAMMAANCAP,2026-09-21,yahoo_1h,7,True,-6.713867179541921e-06,True,0.21999511718749432,False,-0.1944713018731716,False,0.1999987792968625,False,-0.1599999999999966,False,-0.12999999999999545,True,0,1,0.0,0.01474155593361903,False
TCS,2026-09-21,fyers_60m,7,True,0.0,True,0.0,True,-0.011489563074826745,False,0.0,True,0.0,True,0.0,True,0,0,0.3552009499872181,0.029425819357465244,False
TCS,2026-09-21,fyers_1m_agg,7,True,0.0,True,0.0,True,-0.011489563074826745,False,0.0,True,0.0,True,0.0,True,0,0,0.3552009499872181,0.029425819357465244,False
TCS,2026-09-21,yahoo_1h,7,True,-0.5,False,3.099902343749818,False,-0.36217179342297595,False,0.0,True,-4.882812481810106e-05,True,-4.882812481810106e-05,True,0,1,0.0,0.04658303832020432,False
TMCV,2026-09-21,fyers_60m,7,True,0.0,True,0.0,True,-0.004489355101017973,True,0.0,True,0.0,True,0.0,True,0,0,0.20145558969424454,0.05576345432461777,True
TMCV,2026-09-21,fyers_1m_agg,7,True,0.0,True,0.0,True,-0.004489355101017973,True,0.0,True,0.0,True,0.0,True,0,0,0.20145558969424454,0.05576345432461777,True
TMCV,2026-09-21,yahoo_1h,7,True,-0.30000610351561363,False,0.05000000000001137,False,-0.20483890728806048,False,0.04999389648435226,True,0.0,True,0.0,True,0,1,0.0,0.07007154377626154,False
TMPV,2026-09-21,fyers_60m,7,True,0.0,True,0.0,True,-0.004939154717260311,True,0.0,True,0.0,True,0.0,True,0,0,0.26142170592066294,0.01166461514382582,True
TMPV,2026-09-21,fyers_1m_agg,7,True,0.0,True,0.0,True,-0.004939154717260311,True,0.0,True,0.0,True,0.0,True,0,0,0.26142170592066294,0.01166461514382582,True
TMPV,2026-09-21,yahoo_1h,7,True,-0.44999389648438637,False,0.10001220703122726,False,-0.26448203963552086,False,-1.1500061035156364,False,-6.1035156022626325e-06,True,-6.1035156022626325e-06,True,0,1,0.0,0.016571468110058524,False
VEDL,2026-09-21,fyers_60m,7,True,0.0,True,0.0,True,-0.010014631722853927,False,0.0,True,0.0,True,0.0,True,0,0,0.2945610508565574,0.022112977364673658,False
VEDL,2026-09-21,fyers_1m_agg,7,True,0.0,True,0.0,True,-0.010014631722853927,False,0.0,True,0.0,True,0.0,True,0,0,0.2945610508565574,0.022112977364673658,False
VEDL,2026-09-21,yahoo_1h,7,True,-0.649993896484375,False,0.100006103515625,False,-0.3007463739251396,False,-0.649993896484375,False,0.0,True,0.0,True,0,1,0.0,0.032568063471592405,False
VIJAYA,2026-09-21,fyers_60m,7,True,0.0,True,0.0,True,-0.0029491642479164528,True,0.0,True,0.0,True,-10.099999999999909,True,0,0,0.20572295077363736,0.04553836361423905,True
VIJAYA,2026-09-21,fyers_1m_agg,7,True,0.0,True,0.0,True,-0.0029491642479164528,True,0.0,True,0.0,True,-10.099999999999909,True,0,0,0.20572295077363736,0.04553836361423905,True
VIJAYA,2026-09-21,yahoo_1h,7,True,2.441406240905053e-05,True,4.8828125045474735e-05,True,-0.2080560714519034,False,-0.7999999999999545,False,10.0999755859375,False,-2.441406240905053e-05,True,0,1,0.0,0.05730885264448006,False
ZFCVINDIA,2026-09-21,fyers_60m,7,True,0.0,True,0.0,True,-0.0020012104095218884,True,0.0,True,-12.099999999999909,False,-11.799999999999727,True,0,0,0.14439224754804855,0.06592171543617649,False
ZFCVINDIA,2026-09-21,fyers_1m_agg,7,True,0.0,True,0.0,True,-0.0020012104095218884,True,0.0,True,-12.099999999999909,False,-11.799999999999727,True,0,0,0.14439224754804855,0.06592171543617649,False
ZFCVINDIA,2026-09-21,yahoo_1h,7,True,-6.10009765625,False,1.5,False,-0.20713334678232803,False,-22.60009765625,False,-0.20004882812509095,False,0.09995117187509095,True,0,1,0.0,0.006025077348965967,False
ACC,2026-09-22,fyers_60m,7,True,0.0,True,0.0,True,-0.0028297398141887663,True,0.0,True,0.0,True,1.3999999999998636,True,0,0,0.18579859367152185,0.053917629331993976,True
ACC,2026-09-22,fyers_1m_agg,7,True,0.0,True,0.0,True,-0.0028297398141887663,True,0.0,True,0.0,True,1.3999999999998636,True,0,0,0.18579859367152185,0.053917629331993976,True
ACC,2026-09-22,yahoo_1h,7,True,0.0,True,0.20000000000004547,False,-0.1881150927804072,False,0.0,True,-1.400048828124909,False,-4.8828125045474735e-05,True,0,1,0.0,0.06622251010147744,False
APTUS,2026-09-22,fyers_60m,7,True,0.0,True,0.0,True,-0.0006237624622833967,True,0.0,True,0.0,True,-0.0800000000000125,True,0,0,0.05518034760625869,0.06951816604288891,True
APTUS,2026-09-22,fyers_1m_agg,7,True,0.0,True,0.0,True,-0.0006237624622833967,True,0.0,True,0.0,True,-0.0800000000000125,True,0,0,0.05518034760625869,0.06951816604288891,True
APTUS,2026-09-22,yahoo_1h,7,True,-0.16999938964843864,False,0.5500030517578125,False,-0.05577109235244794,False,0.5500030517578125,False,0.0800018310546875,False,1.8310546749944479e-06,True,0,1,0.0,0.07357389454782544,False
ASTERDM,2026-09-22,fyers_60m,7,True,0.0,True,0.0,True,-0.000694413638488601,True,0.0,True,0.0,True,0.09999999999990905,True,0,0,0.1763926521984842,0.04619266893062819,True
ASTERDM,2026-09-22,fyers_1m_agg,7,True,0.0,True,0.0,True,-0.000694413638488601,True,0.0,True,0.0,True,0.09999999999990905,True,0,0,0.1763926521984842,0.04619266893062819,True
ASTERDM,2026-09-22,yahoo_1h,7,True,-1.2499877929687955,False,-1.2207031204525265e-05,True,-0.1769679887255889,False,-1.75,False,-0.09998779296870453,False,1.2207031204525265e-05,True,0,1,0.0,0.05609016882815351,False
BOSCHLTD,2026-09-22,fyers_60m,7,True,0.0,True,0.0,True,-0.002358623013421688,True,0.0,True,0.0,True,0.0,True,0,0,0.20112580917534478,0.051224317478187446,True
BOSCHLTD,2026-09-22,fyers_1m_agg,7,True,0.0,True,0.0,True,-0.002358623013421688,True,0.0,True,0.0,True,0.0,True,0,0,0.20112580917534478,0.051224317478187446,True
BOSCHLTD,2026-09-22,yahoo_1h,6,True,0.0,True,0.0,True,-0.2031785252990397,False,-65.0,False,0.0,True,0.0,False,0,1,0.0,0.0,False
BRIGADE,2026-09-22,fyers_60m,7,True,0.0,True,0.0,True,-0.0007350518338275923,True,0.0,True,0.0,True,-0.09999999999990905,True,0,0,0.1441978780148423,0.09147437384044527,True
BRIGADE,2026-09-22,fyers_1m_agg,7,True,0.0,True,0.0,True,-0.0007350518338275923,True,0.0,True,0.0,True,-0.09999999999990905,True,0,0,0.1441978780148423,0.09147437384044527,True
BRIGADE,2026-09-22,yahoo_1h,7,True,-3.0999755859375,False,1.2207031204525265e-05,True,-0.14485590449395483,False,1.8000122070312727,False,0.09998779296870453,False,-1.2207031204525265e-05,True,0,1,0.0,0.10710263120008807,False
CANBK,2026-09-22,fyers_60m,7,True,0.0,True,0.0,True,-0.0078022317287454014,True,0.0,True,0.0,True,0.0,True,0,0,0.2474512684700021,0.018854599857816883,True
CANBK,2026-09-22,fyers_1m_agg,7,True,0.0,True,0.0,True,-0.0078022317287454014,True,0.0,True,0.0,True,0.0,True,0,0,0.2474512684700021,0.018854599857816883,True
CANBK,2026-09-22,yahoo_1h,7,True,-0.3199972534179665,False,0.03999633789062784,True,-0.2533242436111601,False,-0.10000183105468352,False,1.5258789005656581e-06,True,1.5258789005656581e-06,True,0,1,0.0,0.025232766766107886,False
COFORGE,2026-09-22,fyers_60m,7,True,0.0,True,0.0,True,-0.005207996191509393,True,0.0,True,0.0,True,0.0,True,0,0,0.35007392459279696,0.00682577270761691,True
COFORGE,2026-09-22,fyers_1m_agg,7,True,0.0,True,0.0,True,-0.005207996191509393,True,0.0,True,0.0,True,0.0,True,0,0,0.35007392459279696,0.00682577270761691,True
COFORGE,2026-09-22,yahoo_1h,7,True,-3.0,False,2.441406240905053e-05,True,-0.3533636887296373,False,1.0,False,0.0,True,0.0,True,0,1,0.0,0.010480565147147337,False
CUB,2026-09-22,fyers_60m,7,True,0.0,True,0.0,True,-0.0019554091900126805,True,0.0,True,0.0,True,0.6299999999999955,True,0,0,0.14000090489755235,0.03736952679799259,True
CUB,2026-09-22,fyers_1m_agg,7,True,0.0,True,0.0,True,-0.0019554091900126805,True,0.0,True,0.0,True,0.6299999999999955,True,0,0,0.14000090489755235,0.03736952679799259,True
CUB,2026-09-22,yahoo_1h,7,True,-0.47000244140625114,False,0.0,True,-0.1414891579014587,False,-6.103515630684342e-06,True,-0.4400061035156284,False,0.18999389648436704,True,0,1,0.0,0.04366262136180242,False
DABUR,2026-09-22,fyers_60m,7,True,0.0,True,0.0,True,-0.0023800369685767096,True,0.0,True,0.0,True,0.0,True,0,0,0.1198675442698741,0.019216160310565406,True
DABUR,2026-09-22,fyers_1m_agg,7,True,0.0,True,0.0,True,-0.0023800369685767096,True,0.0,True,0.0,True,0.0,True,0,0,0.1198675442698741,0.019216160310565406,True
DABUR,2026-09-22,yahoo_1h,7,True,6.1035156022626325e-06,True,1.2207031261368684e-05,True,-0.12198890942698706,False,-0.5999877929687614,False,6.1035156022626325e-06,True,6.1035156022626325e-06,True,0,1,0.0,0.020915192293117533,False
GRASIM,2026-09-22,fyers_60m,7,True,0.0,True,0.0,True,-0.0009120545616437763,True,0.0,True,0.0,True,0.0,True,0,0,0.08106062466326452,0.02495128620312606,True
GRASIM,2026-09-22,fyers_1m_agg,7,True,0.0,True,0.0,True,-0.0009120545616437763,True,0.0,True,0.0,True,0.0,True,0,0,0.08106062466326452,0.02495128620312606,True
GRASIM,2026-09-22,yahoo_1h,7,True,-3.900097656250182,False,0.0,True,-0.08190452000964007,False,2.5,False,-4.882812481810106e-05,True,-4.882812481810106e-05,True,0,1,0.0,0.027150864684227567,False
HDFCBANK,2026-09-22,fyers_60m,7,True,0.0,True,0.0,True,-0.024968782117768037,False,0.0,True,0.0,True,0.0,True,0,0,0.35260844764613586,0.03313857560122881,False
HDFCBANK,2026-09-22,fyers_1m_agg,7,True,0.0,True,0.0,True,-0.024968782117768037,False,0.0,True,0.0,True,0.0,True,0,0,0.35260844764613586,0.03313857560122881,False
HDFCBANK,2026-09-22,yahoo_1h,7,True,-1.2207031204525265e-05,True,-2.4414062522737368e-05,True,-0.3687787753853752,False,2.8500122070312273,False,-2.4414062522737368e-05,True,-2.4414062522737368e-05,True,0,1,0.0,0.0511869674339881,False
INDIANB,2026-09-22,fyers_60m,7,True,0.0,True,0.0,True,-0.0036440241411588316,True,0.0,True,0.0,True,0.0,True,0,0,0.22260557132539768,0.029210531080447653,True
INDIANB,2026-09-22,fyers_1m_agg,7,True,0.0,True,0.0,True,-0.0036440241411588316,True,0.0,True,0.0,True,0.0,True,0,0,0.22260557132539768,0.029210531080447653,True
INDIANB,2026-09-22,yahoo_1h,7,True,-4.1499755859374545,False,0.0,True,-0.22544843745928533,False,0.4500244140624545,False,-1.2207031204525265e-05,True,-1.2207031204525265e-05,True,0,1,0.0,0.03757281528273421,False
LATENTVIEW,2026-09-22,fyers_60m,7,True,0.0,True,0.0,True,-0.003905816993890233,True,0.0,True,0.0,True,-0.45000000000001705,True,0,0,0.30246069048585383,0.0949745355520352,True
LATENTVIEW,2026-09-22,fyers_1m_agg,7,True,0.0,True,0.0,True,-0.003905816993890233,True,0.0,True,0.0,True,-0.45000000000001705,True,0,0,0.30246069048585383,0.0949745355520352,True
LATENTVIEW,2026-09-22,yahoo_1h,7,True,-0.8000000000000114,False,0.3499999999999943,False,-0.3052079733439401,False,-0.8000000000000114,False,0.4500030517578182,False,3.0517578011313162e-06,True,0,1,0.0,0.13615162265142558,False
NATCOPHARM,2026-09-22,fyers_60m,7,True,-6.67999999999995,False,-6.560000000000059,False,-0.009372623543449093,True,-6.669999999999959,False,-6.639999999999986,False,-5.789999999999964,True,0,0,0.0749749002529533,0.044213041437400576,False
NATCOPHARM,2026-09-22,fyers_1m_agg,7,True,-6.67999999999995,False,-6.560000000000059,False,-0.009372623543449093,True,-6.669999999999959,False,-6.639999999999986,False,-5.789999999999964,True,0,0,0.0749749002529533,0.044213041437400576,False
NATCOPHARM,2026-09-22,yahoo_1h,7,True,0.0,True,-2.4414062522737368e-05,True,-0.07614671344636453,False,0.7000000000000455,False,-0.8500122070312273,False,-1.2207031204525265e-05,True,0,1,0.0,0.04779664275290766,False
POONAWALLA,2026-09-22,fyers_60m,7,True,0.0,True,0.0,True,-0.00213964278371841,True,0.0,True,0.0,True,-1.0499999999999545,True,0,0,0.2049355459012891,0.3680280708537243,True
POONAWALLA,2026-09-22,fyers_1m_agg,7,True,0.0,True,0.0,True,-0.00213964278371841,True,0.0,True,0.0,True,-1.0499999999999545,True,0,0,0.2049355459012891,0.3680280708537243,True
POONAWALLA,2026-09-22,yahoo_1h,7,True,-0.34999389648436363,False,0.8000000000000114,False,-0.20682705950135916,False,1.6999938964843864,False,1.0499938964843523,False,-6.1035156022626325e-06,True,0,1,0.0,0.4629859553348288,False
PREMIERENE,2026-09-22,fyers_60m,7,True,0.0,True,0.0,True,-0.004219546182483725,True,0.0,True,0.0,True,0.0,True,0,0,0.1973201955298161,0.02436269427454545,True
PREMIERENE,2026-09-22,fyers_1m_agg,7,True,0.0,True,0.0,True,-0.004219546182483725,True,0.0,True,0.0,True,0.0,True,0,0,0.1973201955298161,0.02436269427454545,True
PREMIERENE,2026-09-22,yahoo_1h,7,True,-3.79998779296875,False,1.2207031204525265e-05,True,-0.20071296354069174,False,-2.3999877929687727,False,1.2207031204525265e-05,True,1.2207031204525265e-05,True,0,1,0.0,0.03058402540480847,False
PVRINOX,2026-09-22,fyers_60m,7,True,0.0,True,0.0,True,-0.0036460665194859997,True,0.0,True,0.0,True,0.20000000000004547,True,0,0,0.308650615539963,0.05604034905131695,True
PVRINOX,2026-09-22,fyers_1m_agg,7,True,0.0,True,0.0,True,-0.0036460665194859997,True,0.0,True,0.0,True,0.20000000000004547,True,0,0,0.308650615539963,0.05604034905131695,True
PVRINOX,2026-09-22,yahoo_1h,7,True,-1.4999511718749545,False,0.0,True,-0.31119705226972144,False,1.300048828125,False,-0.199951171875,False,4.8828125045474735e-05,True,0,1,0.0,0.08376697360802406,False
RELIANCE,2026-09-22,fyers_60m,7,True,0.0,True,0.0,True,-0.004855407559599175,True,0.0,True,0.0,True,0.0,True,0,0,0.12938980760778815,0.07430445091036453,True
RELIANCE,2026-09-22,fyers_1m_agg,7,True,0.0,True,0.0,True,-0.004855407559599175,True,0.0,True,0.0,True,0.0,True,0,0,0.12938980760778815,0.07430445091036453,True
RELIANCE,2026-09-22,yahoo_1h,7,True,2.441406240905053e-05,True,0.29995117187490905,False,-0.13361435426832602,False,1.700048828125091,False,2.441406240905053e-05,True,2.441406240905053e-05,True,0,1,0.0,0.08542043192078463,False
SAMMAANCAP,2026-09-22,fyers_60m,7,True,0.0,True,0.0,True,-0.009391472072224436,True,0.0,True,0.4000000000000057,False,-0.11000000000001364,True,0,0,0.29017088762174986,0.10087372974166826,False
SAMMAANCAP,2026-09-22,fyers_1m_agg,7,True,0.0,True,0.0,True,-0.009391472072224436,True,0.0,True,0.4000000000000057,False,-0.11000000000001364,True,0,0,0.29017088762174986,0.10087372974166826,False
SAMMAANCAP,2026-09-22,yahoo_1h,7,True,-3.0517578011313162e-06,True,0.0200042724609375,True,-0.2968714555892463,False,0.0,True,0.4000000000000057,False,-0.11000000000001364,True,0,1,0.0,0.14225042641959307,False
TCS,2026-09-22,fyers_60m,7,True,0.0,True,0.0,True,-0.0027564632582779713,True,0.0,True,0.0,True,0.0,True,0,0,0.1454797285482785,0.009472172618842737,True
TCS,2026-09-22,fyers_1m_agg,7,True,0.0,True,0.0,True,-0.0027564632582779713,True,0.0,True,0.0,True,0.0,True,0,0,0.1454797285482785,0.009472172618842737,True
TCS,2026-09-22,yahoo_1h,7,True,-3.899951171874818,False,0.6999023437501819,False,-0.14783682989699923,False,-3.799951171874909,False,0.0,True,0.0,True,0,1,0.0,0.01107803833198475,False
TMCV,2026-09-22,fyers_60m,7,True,0.0,True,0.0,True,-0.0018934505095303676,True,0.0,True,0.0,True,-0.20000000000004547,True,0,0,0.2809051680781729,0.08411400015235261,True
TMCV,2026-09-22,fyers_1m_agg,7,True,0.0,True,0.0,True,-0.0018934505095303676,True,0.0,True,0.0,True,-0.20000000000004547,True,0,0,0.2809051680781729,0.08411400015235261,True
TMCV,2026-09-22,yahoo_1h,7,True,0.0,True,0.9000061035156364,False,-0.28226799875408226,False,0.29998779296875,False,-0.5000061035156023,False,-0.7000061035156477,True,0,1,0.0,0.1172610907843753,False
TMPV,2026-09-22,fyers_60m,7,True,0.0,True,0.0,True,-0.002567087381762649,True,0.0,True,0.0,True,0.0,True,0,0,0.13510297523858317,0.013475211549487415,True
TMPV,2026-09-22,fyers_1m_agg,7,True,0.0,True,0.0,True,-0.002567087381762649,True,0.0,True,0.0,True,0.0,True,0,0,0.13510297523858317,0.013475211549487415,True
TMPV,2026-09-22,yahoo_1h,7,True,-1.2207031261368684e-05,True,0.29998779296875,False,-0.13733766088635818,False,0.35001220703122726,False,-1.2207031261368684e-05,True,-1.2207031261368684e-05,True,0,1,0.0,0.015675502833444793,False
VEDL,2026-09-22,fyers_60m,7,True,0.0,True,0.0,True,-0.010239970183621657,False,0.0,True,0.0,True,0.0,True,0,0,0.21355614790334917,0.054882417057379465,False
VEDL,2026-09-22,fyers_1m_agg,7,True,0.0,True,0.0,True,-0.010239970183621657,False,0.0,True,0.0,True,0.0,True,0,0,0.21355614790334917,0.054882417057379465,False
VEDL,2026-09-22,yahoo_1h,7,True,6.1035156022626325e-06,True,0.25001220703126137,False,-0.2216111545728287,False,0.0,True,0.0,True,0.0,True,0,1,0.0,0.06979685655182125,False
VIJAYA,2026-09-22,fyers_60m,7,True,0.0,True,0.0,True,-0.0011470458478976481,True,0.0,True,0.5,False,-2.5,True,0,0,0.1655409537529049,0.08928013263933246,False
VIJAYA,2026-09-22,fyers_1m_agg,7,True,0.0,True,0.0,True,-0.0011470458478976481,True,0.0,True,0.5,False,-2.5,True,0,0,0.1655409537529049,0.08928013263933246,False
VIJAYA,2026-09-22,yahoo_1h,7,True,-0.7999999999999545,False,0.09999999999990905,False,-0.16636915871992397,False,6.7000000000000455,False,0.5,False,-2.5,True,0,1,0.0,0.10712977211108668,False
ZFCVINDIA,2026-09-22,fyers_60m,7,True,0.0,True,0.0,True,-0.0007073633880814943,True,0.0,True,0.0,True,-12.199999999999818,True,0,0,0.09779123686949938,0.13976719977287783,True
ZFCVINDIA,2026-09-22,fyers_1m_agg,7,True,0.0,True,0.0,True,-0.0007073633880814943,True,0.0,True,0.0,True,-12.199999999999818,True,0,0,0.09779123686949938,0.13976719977287783,True
ZFCVINDIA,2026-09-22,yahoo_1h,7,True,-0.900000000000091,False,1.400048828124909,False,-0.09843320900885906,False,-11.299951171874909,False,12.199951171875,False,-4.882812481810106e-05,True,0,1,0.0,0.15491314928253755,False
ACC,2026-09-23,fyers_60m,7,True,0.0,True,0.0,True,-0.0009977409638554217,True,0.0,True,0.0,True,2.599999999999909,True,0,0,0.3803493696647634,0.04818437070118906,True
ACC,2026-09-23,fyers_1m_agg,7,True,0.0,True,0.0,True,-0.0009977409638554217,True,0.0,True,0.0,True,2.599999999999909,True,0,0,0.3803493696647634,0.04818437070118906,True
ACC,2026-09-23,yahoo_1h,7,True,-2.441406240905053e-05,True,1.300048828125,False,-0.4291039156626506,False,-0.09999999999990905,False,-2.5999755859375,False,2.441406240905053e-05,True,0,2,0.0,0.0,False
APTUS,2026-09-23,fyers_60m,7,True,0.0,True,0.0,True,-0.0007736215284207945,True,0.0,True,0.0,True,-0.3300000000000125,True,0,0,0.07959100411462765,0.04552593543734918,True
APTUS,2026-09-23,fyers_1m_agg,7,True,0.0,True,0.0,True,-0.0007736215284207945,True,0.0,True,0.0,True,-0.3300000000000125,True,0,0,0.07959100411462765,0.04552593543734918,True
APTUS,2026-09-23,yahoo_1h,7,True,-0.17000244140623977,False,0.010004272460946595,True,-0.12579661211918575,False,-0.8899999999999864,False,0.3300018310546875,False,1.8310546749944479e-06,True,0,2,0.0,0.0,False
ASTERDM,2026-09-23,fyers_60m,7,True,0.0,True,0.0,True,-0.017480309425739297,False,0.0,True,0.0,True,1.9500000000000455,True,0,0,0.3023910602663503,0.08267915066068315,False
ASTERDM,2026-09-23,fyers_1m_agg,7,True,0.0,True,0.0,True,-0.017480309425739297,False,0.0,True,0.0,True,1.9500000000000455,True,0,0,0.3023910602663503,0.08267915066068315,False
ASTERDM,2026-09-23,yahoo_1h,7,True,0.0,True,5.649999999999977,False,-0.31459795174944816,False,5.649999999999977,False,-1.95001220703125,False,-1.2207031204525265e-05,True,0,1,0.0,0.11854322053664032,False
BOSCHLTD,2026-09-23,fyers_60m,7,True,0.0,True,0.0,True,-0.004669120948190716,True,0.0,True,0.0,True,0.0,True,0,0,0.26720793865584125,0.02986017140279657,True
BOSCHLTD,2026-09-23,fyers_1m_agg,7,True,0.0,True,0.0,True,-0.004669120948190716,True,0.0,True,0.0,True,0.0,True,0,0,0.26720793865584125,0.02986017140279657,True
BOSCHLTD,2026-09-23,yahoo_1h,7,True,-70.0,False,20.0,False,-0.30223579060788364,False,-95.0,False,0.0,True,0.0,True,0,2,0.0,0.0,False
BRIGADE,2026-09-23,fyers_60m,7,True,0.0,True,0.0,True,-0.004788070863448779,True,0.0,True,1.0,False,0.049999999999954525,True,0,0,0.21458109005933698,0.061501981717794224,False
BRIGADE,2026-09-23,fyers_1m_agg,7,True,0.0,True,0.0,True,-0.004788070863448779,True,0.0,True,1.0,False,0.049999999999954525,True,0,0,0.21458109005933698,0.061501981717794224,False
BRIGADE,2026-09-23,yahoo_1h,7,True,-0.10001220703122726,False,0.8500000000000227,False,-0.2184728333979343,False,1.4999877929687955,False,1.0,False,0.049999999999954525,True,0,1,0.0,0.07831052892610205,False
CANBK,2026-09-23,fyers_60m,7,True,0.0,True,0.0,True,-0.0013145467423213333,True,0.0,True,0.0,True,0.0,True,0,0,0.2761199108298214,0.01975673880179049,True
CANBK,2026-09-23,fyers_1m_agg,7,True,0.0,True,0.0,True,-0.0013145467423213333,True,0.0,True,0.0,True,0.0,True,0,0,0.2761199108298214,0.01975673880179049,True
CANBK,2026-09-23,yahoo_1h,6,True,3.051757815342171e-06,True,0.12000091552734204,False,-0.27707193384681206,False,0.09000091552734091,False,0.0,True,0.0,False,0,1,0.0,0.0,False
COFORGE,2026-09-23,fyers_60m,0,False,,False,,False,,False,,False,,False,,False,0,0,,,False
COFORGE,2026-09-23,fyers_1m_agg,0,False,,False,,False,,False,,False,,False,,False,0,0,,,False
COFORGE,2026-09-23,yahoo_1h,7,True,-0.09995117187509095,False,1.900000000000091,False,-0.3193876720136797,False,-4.0999755859375,False,2.441406240905053e-05,True,2.441406240905053e-05,True,0,2,0.0,0.0,False
CUB,2026-09-23,fyers_60m,7,True,0.0,True,0.0,True,-0.007643884183572976,True,0.0,True,-1.5,False,0.1599999999999966,True,0,0,0.23147668846284541,0.085411592094942,False
CUB,2026-09-23,fyers_1m_agg,7,True,0.0,True,0.0,True,-0.007643884183572976,True,0.0,True,-1.5,False,0.1599999999999966,True,0,0,0.23147668846284541,0.085411592094942,False
CUB,2026-09-23,yahoo_1h,7,True,-0.03999999999999204,True,0.12999633789061704,False,-0.2373543431160134,False,0.839996337890625,False,-1.5,False,0.1599999999999966,True,0,1,0.0,0.11114187365959081,False
DABUR,2026-09-23,fyers_60m,7,True,0.0,True,0.0,True,-0.0007915394429102177,True,0.0,True,0.0,True,0.0,True,0,0,0.3323388444778494,0.04300882670817655,True
DABUR,2026-09-23,fyers_1m_agg,7,True,0.0,True,0.0,True,-0.0007915394429102177,True,0.0,True,0.0,True,0.0,True,0,0,0.3323388444778494,0.04300882670817655,True
DABUR,2026-09-23,yahoo_1h,7,True,-0.19999999999998863,False,-6.1035156022626325e-06,True,-0.33287948136606743,False,0.9999877929687386,False,-6.1035156022626325e-06,True,-6.1035156022626325e-06,True,0,1,0.0,0.06448614972190107,False
GRASIM,2026-09-23,fyers_60m,7,True,0.0,True,0.0,True,-0.0009136170243785096,True,0.0,True,0.0,True,0.0,True,0,0,0.06683285705599805,0.07612816927099167,True
GRASIM,2026-09-23,fyers_1m_agg,7,True,0.0,True,0.0,True,-0.0009136170243785096,True,0.0,True,0.0,True,0.0,True,0,0,0.06683285705599805,0.07612816927099167,True
GRASIM,2026-09-23,yahoo_1h,6,True,-1.5,False,9.765625009094947e-05,True,-0.06768784427689399,False,1.5,False,0.0,True,0.0,False,0,1,0.0,0.0,False
HDFCBANK,2026-09-23,fyers_60m,7,True,0.0,True,0.0,True,-0.02713306601119763,False,0.0,True,0.0,True,0.0,True,0,0,0.25526959428378965,0.04354722979655234,False
HDFCBANK,2026-09-23,fyers_1m_agg,7,True,0.0,True,0.0,True,-0.02713306601119763,False,0.0,True,0.0,True,0.0,True,0,0,0.25526959428378965,0.04354722979655234,False
HDFCBANK,2026-09-23,yahoo_1h,7,True,-0.049999999999954525,True,0.0999755859375,False,-0.2754604633630626,False,1.6999755859375227,False,0.0,True,0.0,True,0,1,0.0,0.05847538609834732,False
INDIANB,2026-09-23,fyers_60m,7,True,0.0,True,0.0,True,-0.0019656432613690635,True,0.0,True,0.0,True,0.0,True,0,0,0.09422761756503095,0.033102837826181605,True
INDIANB,2026-09-23,fyers_1m_agg,7,True,0.0,True,0.0,True,-0.0019656432613690635,True,0.0,True,0.0,True,0.0,True,0,0,0.09422761756503095,0.033102837826181605,True
INDIANB,2026-09-23,yahoo_1h,7,True,-0.049975585937545475,True,0.14999999999997726,False,-0.13324150766272924,False,1.0,False,0.0,True,0.0,True,0,2,0.0,0.0,False
LATENTVIEW,2026-09-23,fyers_60m,7,True,0.0,True,0.0,True,-0.0018584040689268036,True,0.0,True,0.0,True,0.29999999999998295,True,0,0,0.21543515216585504,0.06943858617619114,True
LATENTVIEW,2026-09-23,fyers_1m_agg,7,True,0.0,True,0.0,True,-0.0018584040689268036,True,0.0,True,0.0,True,0.29999999999998295,True,0,0,0.21543515216585504,0.06943858617619114,True
LATENTVIEW,2026-09-23,yahoo_1h,7,True,-0.0500030517578125,False,0.25000305175780113,False,-0.2170335278207767,False,3.0517578011313162e-06,True,-3.0517578011313162e-06,True,0.2999969482421818,True,0,1,0.0,0.08835877966248988,False
NATCOPHARM,2026-09-23,fyers_60m,7,True,-6.840000000000032,False,-6.600000000000023,False,-0.009680095879044897,True,-6.639999999999986,False,-6.840000000000032,False,-4.440000000000055,True,0,0,0.29982933035437226,0.05693849686588469,False
NATCOPHARM,2026-09-23,fyers_1m_agg,7,True,-6.840000000000032,False,-6.600000000000023,False,-0.009680095879044897,True,-6.639999999999986,False,-6.840000000000032,False,-4.440000000000055,True,0,0,0.29982933035437226,0.05693849686588469,False
NATCOPHARM,2026-09-23,yahoo_1h,7,True,0.0,True,1.4000244140625,False,-0.30091884084693155,False,1.8500000000000227,False,0.0,True,2.3999999999999773,True,0,1,0.0,0.0813229708819806,False
POONAWALLA,2026-09-23,fyers_60m,7,True,0.0,True,0.0,True,-0.0025755038954230576,True,0.0,True,0.0,True,0.14999999999997726,True,0,0,0.09464522831861992,0.08477824337816565,True
POONAWALLA,2026-09-23,fyers_1m_agg,7,True,0.0,True,0.0,True,-0.0025755038954230576,True,0.0,True,0.0,True,0.14999999999997726,True,0,0,0.09464522831861992,0.08477824337816565,True
POONAWALLA,2026-09-23,yahoo_1h,7,True,1.2207031261368684e-05,True,0.0,True,-0.09707427223671666,False,0.6999877929687273,False,-0.04998779296875,True,0.10001220703122726,True,0,1,0.0,0.0935762150958062,False
PREMIERENE,2026-09-23,fyers_60m,7,True,0.0,True,0.0,True,-0.0025264932381365017,True,0.0,True,0.0,True,0.0,True,0,0,0.22325022930761496,0.007908013964321782,True
PREMIERENE,2026-09-23,fyers_1m_agg,7,True,0.0,True,0.0,True,-0.0025264932381365017,True,0.0,True,0.0,True,0.0,True,0,0,0.22325022930761496,0.007908013964321782,True
PREMIERENE,2026-09-23,yahoo_1h,6,True,-0.10002441406254547,False,0.29998779296875,False,-0.43401928520668326,False,-0.7999999999999545,False,0.0,True,0.0,False,0,2,0.0,0.0,False
PVRINOX,2026-09-23,fyers_60m,7,True,0.0,True,0.0,True,-0.001309406527079774,True,0.0,True,0.0,True,-9.5,True,0,0,0.13435476083445716,0.057008890664801956,True
PVRINOX,2026-09-23,fyers_1m_agg,7,True,0.0,True,0.0,True,-0.001309406527079774,True,0.0,True,0.0,True,-9.5,True,0,0,0.13435476083445716,0.057008890664801956,True
PVRINOX,2026-09-23,yahoo_1h,7,True,4.8828125045474735e-05,True,0.40004882812490905,False,-0.13482106855886303,False,4.8828125045474735e-05,True,0.0,True,-9.5,True,0,1,0.0,0.06763207268411861,False
RELIANCE,2026-09-23,fyers_60m,7,True,0.0,True,0.0,True,-0.007546652030735456,True,0.0,True,0.0,True,0.0,True,0,0,0.15208436029454878,0.06492349274666794,True
RELIANCE,2026-09-23,fyers_1m_agg,7,True,0.0,True,0.0,True,-0.007546652030735456,True,0.0,True,0.0,True,0.0,True,0,0,0.15208436029454878,0.06492349274666794,True
RELIANCE,2026-09-23,yahoo_1h,7,True,4.8828125045474735e-05,True,0.29995117187490905,False,-0.15848412269661286,False,2.699951171875,False,0.0,True,0.0,True,0,1,0.0,0.07649414566455631,False
SAMMAANCAP,2026-09-23,fyers_60m,7,True,0.0,True,0.0,True,-0.0028374950546603207,True,0.0,True,0.0,True,-0.28000000000000114,True,0,0,0.43171502830667824,0.10038036128734228,True
SAMMAANCAP,2026-09-23,fyers_1m_agg,7,True,0.0,True,0.0,True,-0.0028374950546603207,True,0.0,True,0.0,True,-0.28000000000000114,True,0,0,0.43171502830667824,0.10038036128734228,True
SAMMAANCAP,2026-09-23,yahoo_1h,7,True,-0.059995117187497726,False,0.0099945068359375,True,-0.43332815323835394,False,0.2100067138671875,False,-3.0517578011313162e-06,True,-0.28000305175780227,True,0,1,0.0,0.17664630095797496,False
TCS,2026-09-23,fyers_60m,7,True,0.0,True,0.0,True,-0.006048280337210252,True,0.0,True,0.0,True,0.0,True,0,0,0.27101155615271677,0.031060659417659477,True
TCS,2026-09-23,fyers_1m_agg,7,True,0.0,True,0.0,True,-0.006048280337210252,True,0.0,True,0.0,True,0.0,True,0,0,0.27101155615271677,0.031060659417659477,True
TCS,2026-09-23,yahoo_1h,7,True,-1.599902343749818,False,0.40000000000009095,False,-0.3062993122425846,False,3.300048828125,False,9.765625009094947e-05,True,9.765625009094947e-05,True,0,2,0.0,0.0,False
TMCV,2026-09-23,fyers_60m,7,True,0.0,True,0.0,True,-0.0009881440061210128,True,0.0,True,0.0,True,0.10000000000002274,True,0,0,0.07820950625864917,0.0329434017027192,True
TMCV,2026-09-23,fyers_1m_agg,7,True,0.0,True,0.0,True,-0.0009881440061210128,True,0.0,True,0.0,True,0.10000000000002274,True,0,0,0.07820950625864917,0.0329434017027192,True
TMCV,2026-09-23,yahoo_1h,7,True,-0.20001220703125,False,0.04998779296875,True,-0.11203286437246612,False,0.40000610351563637,False,-0.09998779296876137,False,1.2207031261368684e-05,True,0,2,0.0,0.0,False
TMPV,2026-09-23,fyers_60m,7,True,0.0,True,0.0,True,-0.0034008021102095586,True,0.0,True,0.0,True,0.0,True,0,0,0.23615467636225285,0.03442291567676371,True
TMPV,2026-09-23,fyers_1m_agg,7,True,0.0,True,0.0,True,-0.0034008021102095586,True,0.0,True,0.0,True,0.0,True,0,0,0.23615467636225285,0.03442291567676371,True
TMPV,2026-09-23,yahoo_1h,7,True,-0.04999389648435226,True,0.05000000000001137,False,-0.2387542846284983,False,0.10001220703122726,False,0.0,True,0.0,True,0,1,0.0,0.04505587426502449,False
VEDL,2026-09-23,fyers_60m,7,True,0.0,True,0.0,True,-0.002502659752375669,True,0.0,True,0.0,True,0.0,True,0,0,0.2831793889940889,0.028299435166285,True
VEDL,2026-09-23,fyers_1m_agg,7,True,0.0,True,0.0,True,-0.002502659752375669,True,0.0,True,0.0,True,0.0,True,0,0,0.2831793889940889,0.028299435166285,True
VEDL,2026-09-23,yahoo_1h,7,True,-0.20000610351564774,False,0.8499877929687614,False,-0.2849741992302589,False,0.24998779296873863,False,0.0,True,0.0,True,0,1,0.0,0.039608099717432316,False
VIJAYA,2026-09-23,fyers_60m,7,True,0.0,True,0.0,True,-0.0009316681159281803,True,0.0,True,-2.0,False,7.2999999999999545,True,0,0,0.13191810891074904,0.04343709201509275,False
VIJAYA,2026-09-23,fyers_1m_agg,7,True,0.0,True,0.0,True,-0.0009316681159281803,True,0.0,True,-2.0,False,7.2999999999999545,True,0,0,0.13191810891074904,0.04343709201509275,False
VIJAYA,2026-09-23,yahoo_1h,7,True,-2.441406240905053e-05,True,-4.8828125045474735e-05,True,-0.13268387306380255,False,6.0,False,-2.0,False,7.2999999999999545,True,0,1,0.0,0.050074092028358795,False
ZFCVINDIA,2026-09-23,fyers_60m,7,True,0.0,True,0.0,True,-0.0006521795841702971,True,0.0,True,0.0,True,-1.099999999999909,True,0,0,0.18873342382792105,0.10316383000939751,True
ZFCVINDIA,2026-09-23,fyers_1m_agg,7,True,0.0,True,0.0,True,-0.0006521795841702971,True,0.0,True,0.0,True,-1.099999999999909,True,0,0,0.18873342382792105,0.10316383000939751,True
ZFCVINDIA,2026-09-23,yahoo_1h,7,True,0.0,True,0.500097656250091,False,-0.29233297680849396,False,-22.90004882812491,False,1.099951171875091,False,-4.882812481810106e-05,True,0,2,0.0,0.0,False
ACC,2026-09-24,fyers_60m,7,True,0.0,True,0.0,True,-0.0017291387773315484,True,0.0,True,0.0,True,0.6000000000001364,True,0,0,0.1051125887020171,0.0436274235905459,True
ACC,2026-09-24,fyers_1m_agg,7,True,0.0,True,0.0,True,-0.0017291387773315484,True,0.0,True,0.0,True,0.6000000000001364,True,0,0,0.1051125887020171,0.0436274235905459,True
ACC,2026-09-24,yahoo_1h,3,True,-2.441406240905053e-05,True,7.5,False,-0.784805890227577,False,-3.0,False,2.9999511718749545,False,3.599951171875091,False,0,0,0.484862623120788,0.0,False
APTUS,2026-09-24,fyers_60m,7,True,0.0,True,0.0,True,-0.0027547463101766523,True,0.0,True,0.0,True,-0.4199999999999875,True,0,0,0.10352191734071015,0.051314230454467556,True
APTUS,2026-09-24,fyers_1m_agg,7,True,0.0,True,0.0,True,-0.0027547463101766523,True,0.0,True,0.0,True,-0.4199999999999875,True,0,0,0.10352191734071015,0.051314230454467556,True
APTUS,2026-09-24,yahoo_1h,3,True,-0.899993896484375,False,0.3200048828124977,False,-0.629135690341494,False,-1.0,False,-0.57000732421875,False,-0.9900073242187375,False,0,0,0.2634935475602646,0.0,False
ASTERDM,2026-09-24,fyers_60m,7,True,0.0,True,0.0,True,-0.00043536641517878964,True,0.0,True,0.0,True,-5.449999999999932,True,0,0,0.23839198113662757,0.05013333676459708,True
ASTERDM,2026-09-24,fyers_1m_agg,7,True,0.0,True,0.0,True,-0.00043536641517878964,True,0.0,True,0.0,True,-5.449999999999932,True,0,0,0.23839198113662757,0.05013333676459708,True
ASTERDM,2026-09-24,yahoo_1h,3,True,-1.75,False,1.1500244140625,False,-0.5436195990770489,False,2.70001220703125,False,7.0999877929687045,False,1.6499877929687727,False,0,0,0.5163363051078167,0.0,False
BOSCHLTD,2026-09-24,fyers_60m,7,True,0.0,True,0.0,True,-0.008970145165708026,True,0.0,True,0.0,True,0.0,True,0,0,0.2850134733641954,0.030539625509569544,True
BOSCHLTD,2026-09-24,fyers_1m_agg,7,True,0.0,True,0.0,True,-0.008970145165708026,True,0.0,True,0.0,True,0.0,True,0,0,0.2850134733641954,0.030539625509569544,True
BOSCHLTD,2026-09-24,yahoo_1h,3,True,0.0,True,60.0,False,-0.5079430293070392,False,-145.0,False,235.0,False,235.0,False,0,0,0.5282493737823546,0.0,False
BRIGADE,2026-09-24,fyers_60m,7,True,0.0,True,0.0,True,-0.0028323772682437606,True,0.0,True,0.0,True,-2.2000000000000455,True,0,0,0.15252626285512189,0.09225846738764029,True
BRIGADE,2026-09-24,fyers_1m_agg,7,True,0.0,True,0.0,True,-0.0028323772682437606,True,0.0,True,0.0,True,-2.2000000000000455,True,0,0,0.15252626285512189,0.09225846738764029,True
BRIGADE,2026-09-24,yahoo_1h,3,True,-0.9000244140625,False,9.499987792968795,False,-0.6951667741206681,False,-2.20001220703125,False,4.70001220703125,False,2.5000122070312045,False,0,0,0.4946221009056563,0.0,False
CANBK,2026-09-24,fyers_60m,7,True,0.0,True,0.0,True,-0.006313562944510553,True,0.0,True,0.0,True,0.0,True,0,0,0.32603740927676644,0.007222848852831583,True
CANBK,2026-09-24,fyers_1m_agg,7,True,0.0,True,0.0,True,-0.006313562944510553,True,0.0,True,0.0,True,0.0,True,0,0,0.32603740927676644,0.007222848852831583,True
CANBK,2026-09-24,yahoo_1h,3,True,-0.2400009155273466,False,-3.0517577442878974e-07,True,-0.6307004652809459,False,-0.3800003051757841,False,-1.2000030517578182,False,-1.2000030517578182,False,0,0,0.7155690535659363,0.0,False
COFORGE,2026-09-24,fyers_60m,7,True,0.0,True,0.0,True,-0.004857081835332645,True,0.0,True,0.0,True,0.0,True,0,0,0.26794168092987153,0.008347775387163294,True
COFORGE,2026-09-24,fyers_1m_agg,7,True,0.0,True,0.0,True,-0.004857081835332645,True,0.0,True,0.0,True,0.0,True,0,0,0.26794168092987153,0.008347775387163294,True
COFORGE,2026-09-24,yahoo_1h,3,True,-0.20004882812509095,False,2.599951171875091,False,-0.5088936745808564,False,-1.300048828125,False,14.900048828124909,False,14.900048828124909,False,0,0,0.4876002507855168,0.0,False
CUB,2026-09-24,fyers_60m,7,True,0.0,True,0.0,True,-0.002235992162748267,True,0.0,True,0.0,True,3.8799999999999955,True,0,0,0.04574784180539802,0.03303484164522909,True
CUB,2026-09-24,fyers_1m_agg,7,True,0.0,True,0.0,True,-0.002235992162748267,True,0.0,True,0.0,True,3.8799999999999955,True,0,0,0.04574784180539802,0.03303484164522909,True
CUB,2026-09-24,yahoo_1h,3,True,-0.14999877929687955,False,4.279995727539074,False,-0.45736870442640565,False,0.0,True,0.12999877929686932,False,4.009998779296865,False,0,0,0.07486385135016686,0.0,False
DABUR,2026-09-24,fyers_60m,7,True,0.0,True,0.0,True,-0.00516167302308282,True,0.0,True,0.0,True,0.0,True,0,0,0.2768754350259122,0.01875585293930254,True
DABUR,2026-09-24,fyers_1m_agg,7,True,0.0,True,0.0,True,-0.00516167302308282,True,0.0,True,0.0,True,0.0,True,0,0,0.2768754350259122,0.01875585293930254,True
DABUR,2026-09-24,yahoo_1h,3,True,-0.25000610351560226,False,2.0999877929687614,False,-0.5686044467406475,False,-0.24998779296873863,False,0.25001220703126137,False,0.25001220703126137,False,0,0,0.6039471386155906,0.0,False
GRASIM,2026-09-24,fyers_60m,7,True,0.0,True,0.0,True,-0.00208130895450823,True,0.0,True,0.0,True,0.0,True,0,0,0.08273290288015274,0.046609277633797304,True
GRASIM,2026-09-24,fyers_1m_agg,7,True,0.0,True,0.0,True,-0.00208130895450823,True,0.0,True,0.0,True,0.0,True,0,0,0.08273290288015274,0.046609277633797304,True
GRASIM,2026-09-24,yahoo_1h,3,True,-1.000048828124818,False,0.500097656250091,False,-0.6324336251267668,False,0.10009765625,False,20.5,False,20.5,False,0,0,0.20540496859992613,0.0,False
HDFCBANK,2026-09-24,fyers_60m,7,True,0.0,True,0.0,True,-0.03380556015963919,False,0.0,True,0.0,True,0.0,True,0,0,0.18811793561648227,0.023356988188576826,False
HDFCBANK,2026-09-24,fyers_1m_agg,7,True,0.0,True,0.0,True,-0.03380556015963919,False,0.0,True,0.0,True,0.0,True,0,0,0.18811793561648227,0.023356988188576826,False
HDFCBANK,2026-09-24,yahoo_1h,3,True,-0.05001220703127274,False,3.2999999999999545,False,-0.5288511040705262,False,3.79998779296875,False,1.3500000000000227,False,1.3500000000000227,False,0,0,0.3204736219636121,0.0,False
INDIANB,2026-09-24,fyers_60m,7,True,0.0,True,0.0,True,-0.005366003575411901,True,0.0,True,0.0,True,0.0,True,0,0,0.28921676714808775,0.02153484161845686,True
INDIANB,2026-09-24,fyers_1m_agg,7,True,0.0,True,0.0,True,-0.005366003575411901,True,0.0,True,0.0,True,0.0,True,0,0,0.28921676714808775,0.02153484161845686,True
INDIANB,2026-09-24,yahoo_1h,3,True,-0.7499877929687955,False,2.9999755859374773,False,-0.5738031099446373,False,0.0,True,-1.8499755859375,False,-1.8499755859375,False,0,0,0.6036975723044319,0.0,False
LATENTVIEW,2026-09-24,fyers_60m,7,True,0.0,True,0.0,True,-0.0027706200940042468,True,0.0,True,0.0,True,0.25,True,0,0,0.10202616822429907,0.10510056074766355,True
LATENTVIEW,2026-09-24,fyers_1m_agg,7,True,0.0,True,0.0,True,-0.0027706200940042468,True,0.0,True,0.0,True,0.25,True,0,0,0.10202616822429907,0.10510056074766355,True
LATENTVIEW,2026-09-24,yahoo_1h,3,True,-0.9000000000000057,False,4.25,False,-0.6722943955336054,False,-0.9000000000000057,False,3.799996948242182,False,4.049996948242182,False,0,0,0.30784212011175727,0.0,False
NATCOPHARM,2026-09-24,fyers_60m,7,True,-6.960000000000036,False,-6.779999999999973,False,-0.013627330187635654,False,-6.7999999999999545,False,-6.810000000000059,False,-6.710000000000036,True,0,0,0.42648341257886685,0.07609118102593156,False
NATCOPHARM,2026-09-24,fyers_1m_agg,7,True,-6.960000000000036,False,-6.779999999999973,False,-0.013627330187635654,False,-6.7999999999999545,False,-6.810000000000059,False,-6.710000000000036,True,0,0,0.42648341257886685,0.07609118102593156,False
NATCOPHARM,2026-09-24,yahoo_1h,3,True,-1.0,False,2.75,False,-0.35387763820916474,False,0.0,True,6.050024414062477,False,6.1500244140625,False,0,0,0.6493826212987535,0.0,False
POONAWALLA,2026-09-24,fyers_60m,7,True,0.0,True,0.0,True,-0.0057928328612914925,True,0.0,True,0.0,True,0.19999999999998863,True,0,0,0.289046470966816,0.09408197657992531,True
POONAWALLA,2026-09-24,fyers_1m_agg,7,True,0.0,True,0.0,True,-0.0057928328612914925,True,0.0,True,0.0,True,0.19999999999998863,True,0,0,0.289046470966816,0.09408197657992531,True
POONAWALLA,2026-09-24,yahoo_1h,3,True,-0.8000000000000114,False,0.8000000000000114,False,-0.48214586990311475,False,1.6999877929687273,False,-1.0,False,-0.8000000000000114,False,0,0,0.47803912665995435,0.0,False
PREMIERENE,2026-09-24,fyers_60m,7,True,0.0,True,0.0,True,-0.0038852591360910033,True,0.0,True,0.0,True,0.0,True,0,0,0.1326179190768216,0.010867578407203917,True
PREMIERENE,2026-09-24,fyers_1m_agg,7,True,0.0,True,0.0,True,-0.0038852591360910033,True,0.0,True,0.0,True,0.0,True,0,0,0.1326179190768216,0.010867578407203917,True
PREMIERENE,2026-09-24,yahoo_1h,3,True,0.0,True,13.0,False,-0.7662158751322221,False,1.70001220703125,False,1.5,False,1.5,False,0,0,0.5108623091060435,0.0,False
PVRINOX,2026-09-24,fyers_60m,7,True,0.0,True,0.0,True,-0.011821720964623923,False,0.0,True,0.0,True,5.2999999999999545,True,0,0,0.28632817664947774,0.07329492865986321,False
PVRINOX,2026-09-24,fyers_1m_agg,7,True,0.0,True,0.0,True,-0.011821720964623923,False,0.0,True,0.0,True,5.2999999999999545,True,0,0,0.28632817664947774,0.07329492865986321,False
PVRINOX,2026-09-24,yahoo_1h,3,True,-1.699951171875,False,23.4000244140625,False,-0.43910076524930736,False,0.800024414062591,False,12.5,False,17.799999999999955,False,0,0,0.4714786020028112,0.0,False
RELIANCE,2026-09-24,fyers_60m,7,True,0.0,True,0.0,True,-0.015422375868073324,False,0.0,True,0.0,True,0.0,True,0,0,0.1636527589023811,0.02530137557966241,False
RELIANCE,2026-09-24,fyers_1m_agg,7,True,0.0,True,0.0,True,-0.015422375868073324,False,0.0,True,0.0,True,0.0,True,0,0,0.1636527589023811,0.02530137557966241,False
RELIANCE,2026-09-24,yahoo_1h,3,True,-0.40004882812490905,False,12.399975585937455,False,-0.6086300466216287,False,-0.599999999999909,False,12.499951171874955,False,12.499951171874955,False,0,0,0.37248775313775667,0.0,False
SAMMAANCAP,2026-09-24,fyers_60m,7,True,0.0,True,0.0,True,-0.004594563372075502,True,0.0,True,0.0,True,0.29999999999998295,True,0,0,0.2800848222001042,0.053578010815965846,True
SAMMAANCAP,2026-09-24,fyers_1m_agg,7,True,0.0,True,0.0,True,-0.004594563372075502,True,0.0,True,0.0,True,0.29999999999998295,True,0,0,0.2800848222001042,0.053578010815965846,True
SAMMAANCAP,2026-09-24,yahoo_1h,3,True,-0.4199999999999875,False,1.399993896484375,False,-0.5319424492953078,False,0.02000732421873863,True,0.6500000000000057,False,0.9499999999999886,False,0,0,0.5381261103292343,0.0,False
TCS,2026-09-24,fyers_60m,7,True,0.0,True,0.0,True,-0.007095058563199524,True,0.0,True,0.0,True,0.0,True,0,0,0.2271775628228376,0.0833191280024254,True
TCS,2026-09-24,fyers_1m_agg,7,True,0.0,True,0.0,True,-0.007095058563199524,True,0.0,True,0.0,True,0.0,True,0,0,0.2271775628228376,0.0833191280024254,True
TCS,2026-09-24,yahoo_1h,3,True,-9.765625009094947e-05,True,1.599951171875091,False,-0.5548469836913615,False,-7.300048828125,False,6.60009765625,False,6.60009765625,False,0,0,0.4343679985301698,0.0,False
TMCV,2026-09-24,fyers_60m,7,True,0.0,True,0.0,True,-0.0035662912131986277,True,0.0,True,0.0,True,0.4500000000000455,True,0,0,0.27379531872364365,0.13486641660544607,True
TMCV,2026-09-24,fyers_1m_agg,7,True,0.0,True,0.0,True,-0.0035662912131986277,True,0.0,True,0.0,True,0.4500000000000455,True,0,0,0.27379531872364365,0.13486641660544607,True
TMCV,2026-09-24,yahoo_1h,3,True,-0.19999389648438637,False,11.449999999999989,False,-0.5753510369586292,False,-0.05001220703127274,False,5.600012207031227,False,6.050012207031273,False,0,0,0.5592764965758392,0.0,False
TMPV,2026-09-24,fyers_60m,7,True,0.0,True,0.0,True,-0.003575047228820664,True,0.0,True,0.0,True,0.0,True,0,0,0.12154323340392444,0.021477979336431894,True
TMPV,2026-09-24,fyers_1m_agg,7,True,0.0,True,0.0,True,-0.003575047228820664,True,0.0,True,0.0,True,0.0,True,0,0,0.12154323340392444,0.021477979336431894,True
TMPV,2026-09-24,yahoo_1h,3,True,-0.09999389648436363,False,3.649993896484375,False,-0.44561894819956316,False,-0.5000122070312614,False,4.04998779296875,False,4.04998779296875,False,0,0,0.2014246593753675,0.0,False
VEDL,2026-09-24,fyers_60m,7,True,0.0,True,0.0,True,-0.008388163390933474,True,0.0,True,0.0,True,0.0,True,0,0,0.2544571649417521,0.08025885513395839,True
VEDL,2026-09-24,fyers_1m_agg,7,True,0.0,True,0.0,True,-0.008388163390933474,True,0.0,True,0.0,True,0.0,True,0,0,0.2544571649417521,0.08025885513395839,True
VEDL,2026-09-24,yahoo_1h,3,True,-0.04999389648435226,True,1.5999877929687614,False,-0.5878257046124082,False,-1.3500122070312273,False,-0.70001220703125,False,-0.70001220703125,False,0,0,0.5008180002730934,0.0,False
VIJAYA,2026-09-24,fyers_60m,7,True,0.0,True,0.0,True,-0.00984476321477697,True,0.0,True,3.2000000000000455,False,-0.5,True,0,0,0.26748893607731844,0.05805830637639167,False
VIJAYA,2026-09-24,fyers_1m_agg,7,True,0.0,True,0.0,True,-0.00984476321477697,True,0.0,True,3.2000000000000455,False,-0.5,True,0,0,0.26748893607731844,0.05805830637639167,False
VIJAYA,2026-09-24,yahoo_1h,3,True,-2.700048828125091,False,27.5,False,-0.6034682648850461,False,-6.400000000000091,False,31.600024414062545,False,27.9000244140625,False,0,0,0.6060110508189004,0.0,False
ZFCVINDIA,2026-09-24,fyers_60m,7,True,0.0,True,0.0,True,-0.0001402268016095598,True,0.0,True,0.0,True,-5.5,True,0,0,0.13184387519283888,0.05155582114306969,True
ZFCVINDIA,2026-09-24,fyers_1m_agg,7,True,0.0,True,0.0,True,-0.0001402268016095598,True,0.0,True,0.0,True,-5.5,True,0,0,0.13184387519283888,0.05155582114306969,True
ZFCVINDIA,2026-09-24,yahoo_1h,3,True,-15.300000000000182,False,4.800000000000182,False,-0.7721741251066943,False,-7.900000000000091,False,-10.0,False,-15.5,False,0,0,0.5660190537358167,0.0,False
ACC,2026-09-25,fyers_60m,7,True,0.0,True,0.0,True,-0.012670801969051456,False,0.0,True,0.0,True,-1.400000000000091,True,0,0,0.3371788852371051,0.04402262615422452,False
ACC,2026-09-25,fyers_1m_agg,7,True,0.0,True,0.0,True,-0.012670801969051456,False,0.0,True,0.0,True,-1.400000000000091,True,0,0,0.3371788852371051,0.04402262615422452,False
ACC,2026-09-25,yahoo_1h,0,False,,False,,False,,False,,False,,False,,False,0,0,,,False
APTUS,2026-09-25,fyers_60m,7,True,0.0,True,0.0,True,-0.0007370021225974083,True,0.0,True,0.0,True,-0.5999999999999943,True,0,0,0.13342608766458738,0.0506949136750524,True
APTUS,2026-09-25,fyers_1m_agg,7,True,0.0,True,0.0,True,-0.0007370021225974083,True,0.0,True,0.0,True,-0.5999999999999943,True,0,0,0.13342608766458738,0.0506949136750524,True
APTUS,2026-09-25,yahoo_1h,0,False,,False,,False,,False,,False,,False,,False,0,0,,,False
ASTERDM,2026-09-25,fyers_60m,7,True,0.0,True,0.0,True,-0.00030690267269069726,True,0.0,True,0.0,True,-0.6499999999999773,True,0,0,0.46732601710708194,0.03165026018785971,True
ASTERDM,2026-09-25,fyers_1m_agg,7,True,0.0,True,0.0,True,-0.00030690267269069726,True,0.0,True,0.0,True,-0.6499999999999773,True,0,0,0.46732601710708194,0.03165026018785971,True
ASTERDM,2026-09-25,yahoo_1h,0,False,,False,,False,,False,,False,,False,,False,0,0,,,False
BOSCHLTD,2026-09-25,fyers_60m,7,True,0.0,True,0.0,True,-0.0010078506259282834,True,0.0,True,0.0,True,0.0,True,0,0,0.14894068921573833,0.008389529018212712,True
BOSCHLTD,2026-09-25,fyers_1m_agg,7,True,0.0,True,0.0,True,-0.0010078506259282834,True,0.0,True,0.0,True,0.0,True,0,0,0.14894068921573833,0.008389529018212712,True
BOSCHLTD,2026-09-25,yahoo_1h,0,False,,False,,False,,False,,False,,False,,False,0,0,,,False
BRIGADE,2026-09-25,fyers_60m,7,True,0.0,True,0.0,True,-0.0007948503580945007,True,0.0,True,0.0,True,-1.0,True,0,0,0.07259088286208887,0.08155551891847333,True
BRIGADE,2026-09-25,fyers_1m_agg,7,True,0.0,True,0.0,True,-0.0007948503580945007,True,0.0,True,0.0,True,-1.0,True,0,0,0.07259088286208887,0.08155551891847333,True
BRIGADE,2026-09-25,yahoo_1h,0,False,,False,,False,,False,,False,,False,,False,0,0,,,False
CANBK,2026-09-25,fyers_60m,7,True,0.0,True,0.0,True,-0.004260044315873109,True,0.0,True,0.0,True,0.0,True,0,0,0.33639563252168964,0.025211177652880702,True
CANBK,2026-09-25,fyers_1m_agg,7,True,0.0,True,0.0,True,-0.004260044315873109,True,0.0,True,0.0,True,0.0,True,0,0,0.33639563252168964,0.025211177652880702,True
CANBK,2026-09-25,yahoo_1h,0,False,,False,,False,,False,,False,,False,,False,0,0,,,False
COFORGE,2026-09-25,fyers_60m,7,True,0.0,True,0.0,True,-0.005803377438669843,True,0.0,True,0.0,True,0.0,True,0,0,0.2596719816854771,0.006662558923570931,True
COFORGE,2026-09-25,fyers_1m_agg,7,True,0.0,True,0.0,True,-0.005803377438669843,True,0.0,True,0.0,True,0.0,True,0,0,0.2596719816854771,0.006662558923570931,True
COFORGE,2026-09-25,yahoo_1h,0,False,,False,,False,,False,,False,,False,,False,0,0,,,False
CUB,2026-09-25,fyers_60m,7,True,0.0,True,0.0,True,-0.0076498210684414055,True,0.0,True,0.0,True,-2.4199999999999875,True,0,0,0.1923694299174189,0.08001716535368912,True
CUB,2026-09-25,fyers_1m_agg,7,True,0.0,True,0.0,True,-0.0076498210684414055,True,0.0,True,0.0,True,-2.4199999999999875,True,0,0,0.1923694299174189,0.08001716535368912,True
CUB,2026-09-25,yahoo_1h,0,False,,False,,False,,False,,False,,False,,False,0,0,,,False
DABUR,2026-09-25,fyers_60m,7,True,0.0,True,0.0,True,-0.0020202254420873538,True,0.0,True,0.0,True,0.0,True,0,0,0.2863839402405943,0.0408391758685386,True
DABUR,2026-09-25,fyers_1m_agg,7,True,0.0,True,0.0,True,-0.0020202254420873538,True,0.0,True,0.0,True,0.0,True,0,0,0.2863839402405943,0.0408391758685386,True
DABUR,2026-09-25,yahoo_1h,0,False,,False,,False,,False,,False,,False,,False,0,0,,,False
GRASIM,2026-09-25,fyers_60m,7,True,0.0,True,0.0,True,-0.000815864227779983,True,0.0,True,0.0,True,0.0,True,0,0,0.06114143445370104,0.027111138716999102,True
GRASIM,2026-09-25,fyers_1m_agg,7,True,0.0,True,0.0,True,-0.000815864227779983,True,0.0,True,0.0,True,0.0,True,0,0,0.06114143445370104,0.027111138716999102,True
GRASIM,2026-09-25,yahoo_1h,0,False,,False,,False,,False,,False,,False,,False,0,0,,,False
HDFCBANK,2026-09-25,fyers_60m,7,True,0.0,True,0.0,True,-0.027502698076273882,False,0.0,True,0.0,True,0.0,True,0,0,0.20826319045992697,0.012605206540915528,False
HDFCBANK,2026-09-25,fyers_1m_agg,7,True,0.0,True,0.0,True,-0.027502698076273882,False,0.0,True,0.0,True,0.0,True,0,0,0.20826319045992697,0.012605206540915528,False
HDFCBANK,2026-09-25,yahoo_1h,0,False,,False,,False,,False,,False,,False,,False,0,0,,,False
INDIANB,2026-09-25,fyers_60m,7,True,0.0,True,0.0,True,-0.0014494153091474426,True,0.0,True,0.0,True,0.0,True,0,0,0.17907259433182252,0.014014267630735846,True
INDIANB,2026-09-25,fyers_1m_agg,7,True,0.0,True,0.0,True,-0.0014494153091474426,True,0.0,True,0.0,True,0.0,True,0,0,0.17907259433182252,0.014014267630735846,True
INDIANB,2026-09-25,yahoo_1h,0,False,,False,,False,,False,,False,,False,,False,0,0,,,False
LATENTVIEW,2026-09-25,fyers_60m,7,True,0.0,True,0.0,True,-0.0016063816449348044,True,0.0,True,0.0,True,-0.6999999999999886,True,0,0,0.28344229828403095,0.061729364026653896,True
LATENTVIEW,2026-09-25,fyers_1m_agg,7,True,0.0,True,0.0,True,-0.0016063816449348044,True,0.0,True,0.0,True,-0.6999999999999886,True,0,0,0.28344229828403095,0.061729364026653896,True
LATENTVIEW,2026-09-25,yahoo_1h,0,False,,False,,False,,False,,False,,False,,False,0,0,,,False
NATCOPHARM,2026-09-25,fyers_60m,7,True,-6.920000000000073,False,-6.789999999999964,False,-0.011497887729369886,False,-6.8700000000000045,False,-6.819999999999936,False,-9.219999999999914,True,0,0,0.22629174220115003,0.052894645459591445,False
NATCOPHARM,2026-09-25,fyers_1m_agg,7,True,-6.920000000000073,False,-6.789999999999964,False,-0.011497887729369886,False,-6.8700000000000045,False,-6.819999999999936,False,-9.219999999999914,True,0,0,0.22629174220115003,0.052894645459591445,False
NATCOPHARM,2026-09-25,yahoo_1h,0,False,,False,,False,,False,,False,,False,,False,0,0,,,False
POONAWALLA,2026-09-25,fyers_60m,7,True,0.0,True,0.0,True,-0.0005913980677387618,True,0.0,True,-0.75,False,-0.6999999999999886,True,0,0,0.10253625641511734,0.022332055952010182,False
POONAWALLA,2026-09-25,fyers_1m_agg,7,True,0.0,True,0.0,True,-0.0005913980677387618,True,0.0,True,-0.75,False,-0.6999999999999886,True,0,0,0.10253625641511734,0.022332055952010182,False
POONAWALLA,2026-09-25,yahoo_1h,0,False,,False,,False,,False,,False,,False,,False,0,0,,,False
PREMIERENE,2026-09-25,fyers_60m,7,True,0.0,True,0.0,True,-0.0029707666026989404,True,0.0,True,0.0,True,0.0,True,0,0,0.23904775537619607,0.012704669830538336,True
PREMIERENE,2026-09-25,fyers_1m_agg,7,True,0.0,True,0.0,True,-0.0029707666026989404,True,0.0,True,0.0,True,0.0,True,0,0,0.23904775537619607,0.012704669830538336,True
PREMIERENE,2026-09-25,yahoo_1h,0,False,,False,,False,,False,,False,,False,,False,0,0,,,False
PVRINOX,2026-09-25,fyers_60m,7,True,0.0,True,0.0,True,-0.0031080590771332224,True,0.0,True,-8.0,False,-4.599999999999909,True,0,0,0.515287675925356,0.04874125892840417,False
PVRINOX,2026-09-25,fyers_1m_agg,7,True,0.0,True,0.0,True,-0.0031080590771332224,True,0.0,True,-8.0,False,-4.599999999999909,True,0,0,0.515287675925356,0.04874125892840417,False
PVRINOX,2026-09-25,yahoo_1h,0,False,,False,,False,,False,,False,,False,,False,0,0,,,False
RELIANCE,2026-09-25,fyers_60m,7,True,0.0,True,0.0,True,-0.031377830514124835,False,0.0,True,0.0,True,0.0,True,0,0,0.28765604287756147,0.016050405179126655,False
RELIANCE,2026-09-25,fyers_1m_agg,7,True,0.0,True,0.0,True,-0.031377830514124835,False,0.0,True,0.0,True,0.0,True,0,0,0.28765604287756147,0.016050405179126655,False
RELIANCE,2026-09-25,yahoo_1h,0,False,,False,,False,,False,,False,,False,,False,0,0,,,False
SAMMAANCAP,2026-09-25,fyers_60m,7,True,0.0,True,0.0,True,-0.004134200412464726,True,0.0,True,0.03999999999999204,True,-0.040000000000020464,True,0,0,0.18784881143579718,0.05976352259761778,True
SAMMAANCAP,2026-09-25,fyers_1m_agg,7,True,0.0,True,0.0,True,-0.004134200412464726,True,0.0,True,0.03999999999999204,True,-0.040000000000020464,True,0,0,0.18784881143579718,0.05976352259761778,True
SAMMAANCAP,2026-09-25,yahoo_1h,0,False,,False,,False,,False,,False,,False,,False,0,0,,,False
TCS,2026-09-25,fyers_60m,7,True,0.0,True,0.0,True,-0.011756644959375501,False,0.0,True,0.0,True,0.0,True,0,0,0.301553300703442,0.013366427462879613,False
TCS,2026-09-25,fyers_1m_agg,7,True,0.0,True,0.0,True,-0.011756644959375501,False,0.0,True,0.0,True,0.0,True,0,0,0.301553300703442,0.013366427462879613,False
TCS,2026-09-25,yahoo_1h,0,False,,False,,False,,False,,False,,False,,False,0,0,,,False
TMCV,2026-09-25,fyers_60m,7,True,0.0,True,0.0,True,-0.0027843716244335503,True,0.0,True,0.0,True,-1.5,True,0,0,0.16279111027002732,0.1570707992579851,True
TMCV,2026-09-25,fyers_1m_agg,7,True,0.0,True,0.0,True,-0.0027843716244335503,True,0.0,True,0.0,True,-1.5,True,0,0,0.16279111027002732,0.1570707992579851,True
TMCV,2026-09-25,yahoo_1h,0,False,,False,,False,,False,,False,,False,,False,0,0,,,False
TMPV,2026-09-25,fyers_60m,7,True,0.0,True,0.0,True,-0.0013027652969443818,True,0.0,True,0.0,True,0.0,True,0,0,0.20600469594908588,0.00941432640044492,True
TMPV,2026-09-25,fyers_1m_agg,7,True,0.0,True,0.0,True,-0.0013027652969443818,True,0.0,True,0.0,True,0.0,True,0,0,0.20600469594908588,0.00941432640044492,True
TMPV,2026-09-25,yahoo_1h,0,False,,False,,False,,False,,False,,False,,False,0,0,,,False
VEDL,2026-09-25,fyers_60m,7,True,0.0,True,0.0,True,-0.0052790050762929796,True,0.0,True,0.0,True,0.0,True,0,0,0.31910143409062053,0.05252953057298541,True
VEDL,2026-09-25,fyers_1m_agg,7,True,0.0,True,0.0,True,-0.0052790050762929796,True,0.0,True,0.0,True,0.0,True,0,0,0.31910143409062053,0.05252953057298541,True
VEDL,2026-09-25,yahoo_1h,0,False,,False,,False,,False,,False,,False,,False,0,0,,,False
VIJAYA,2026-09-25,fyers_60m,7,True,0.0,True,0.0,True,-0.00010312113295751409,True,0.0,True,0.0,True,-3.599999999999909,True,0,0,0.3446319914744405,0.06660593351438689,True
VIJAYA,2026-09-25,fyers_1m_agg,7,True,0.0,True,0.0,True,-0.00010312113295751409,True,0.0,True,0.0,True,-3.599999999999909,True,0,0,0.3446319914744405,0.06660593351438689,True
VIJAYA,2026-09-25,yahoo_1h,0,False,,False,,False,,False,,False,,False,,False,0,0,,,False
ZFCVINDIA,2026-09-25,fyers_60m,7,True,0.0,True,0.0,True,-0.00017289571506786156,True,0.0,True,0.0,True,-2.799999999999727,True,0,0,0.16554745367034615,0.09130472375133297,True
ZFCVINDIA,2026-09-25,fyers_1m_agg,7,True,0.0,True,0.0,True,-0.00017289571506786156,True,0.0,True,0.0,True,-2.799999999999727,True,0,0,0.16554745367034615,0.09130472375133297,True
ZFCVINDIA,2026-09-25,yahoo_1h,0,False,,False,,False,,False,,False,,False,,False,0,0,,,False
ACC,2026-09-28,fyers_60m,7,True,0.0,True,0.0,True,-0.0022028901390986617,True,0.0,True,0.0,True,0.5,True,0,0,0.18861089995703473,0.15472122153551243,True
ACC,2026-09-28,fyers_1m_agg,7,True,0.0,True,0.0,True,-0.0022028901390986617,True,0.0,True,0.0,True,0.5,True,0,0,0.18861089995703473,0.15472122153551243,True
ACC,2026-09-28,yahoo_1h,0,False,,False,,False,,False,,False,,False,,False,0,0,,,False
APTUS,2026-09-28,fyers_60m,7,True,0.0,True,0.0,True,-0.001757385101091888,True,0.0,True,0.0,True,1.0699999999999932,True,0,0,0.2107270721598876,0.040478319871123915,True
APTUS,2026-09-28,fyers_1m_agg,7,True,0.0,True,0.0,True,-0.001757385101091888,True,0.0,True,0.0,True,1.0699999999999932,True,0,0,0.2107270721598876,0.040478319871123915,True
APTUS,2026-09-28,yahoo_1h,0,False,,False,,False,,False,,False,,False,,False,0,0,,,False
ASTERDM,2026-09-28,fyers_60m,7,True,0.0,True,0.0,True,-0.001147006091381864,True,0.0,True,0.0,True,-0.35000000000002274,True,0,0,0.22894554941134498,0.05724149720537519,True
ASTERDM,2026-09-28,fyers_1m_agg,7,True,0.0,True,0.0,True,-0.001147006091381864,True,0.0,True,0.0,True,-0.35000000000002274,True,0,0,0.22894554941134498,0.05724149720537519,True
ASTERDM,2026-09-28,yahoo_1h,0,False,,False,,False,,False,,False,,False,,False,0,0,,,False
BOSCHLTD,2026-09-28,fyers_60m,7,True,0.0,True,0.0,True,-0.0013805798435342844,True,0.0,True,0.0,True,0.0,True,0,0,0.16905859117840685,0.018104015799868336,True
BOSCHLTD,2026-09-28,fyers_1m_agg,7,True,0.0,True,0.0,True,-0.0013805798435342844,True,0.0,True,0.0,True,0.0,True,0,0,0.16905859117840685,0.018104015799868336,True
BOSCHLTD,2026-09-28,yahoo_1h,0,False,,False,,False,,False,,False,,False,,False,0,0,,,False
BRIGADE,2026-09-28,fyers_60m,7,True,0.0,True,0.0,True,-0.002953972979161896,True,0.0,True,0.0,True,-1.8999999999999773,True,0,0,0.28613835235754803,0.08049884017362945,True
BRIGADE,2026-09-28,fyers_1m_agg,7,True,0.0,True,0.0,True,-0.002953972979161896,True,0.0,True,0.0,True,-1.8999999999999773,True,0,0,0.28613835235754803,0.08049884017362945,True
BRIGADE,2026-09-28,yahoo_1h,0,False,,False,,False,,False,,False,,False,,False,0,0,,,False
CANBK,2026-09-28,fyers_60m,7,True,0.0,True,0.0,True,-0.0030218849290702342,True,0.0,True,0.0,True,0.0,True,0,0,0.2696023779887976,0.012110000289093571,True
CANBK,2026-09-28,fyers_1m_agg,7,True,0.0,True,0.0,True,-0.0030218849290702342,True,0.0,True,0.0,True,0.0,True,0,0,0.2696023779887976,0.012110000289093571,True
CANBK,2026-09-28,yahoo_1h,0,False,,False,,False,,False,,False,,False,,False,0,0,,,False
COFORGE,2026-09-28,fyers_60m,7,True,0.0,True,0.0,True,-0.0023866911139282286,True,0.0,True,0.0,True,0.0,True,0,0,0.22007726219151935,0.005282006999045585,True
COFORGE,2026-09-28,fyers_1m_agg,7,True,0.0,True,0.0,True,-0.0023866911139282286,True,0.0,True,0.0,True,0.0,True,0,0,0.22007726219151935,0.005282006999045585,True
COFORGE,2026-09-28,yahoo_1h,0,False,,False,,False,,False,,False,,False,,False,0,0,,,False
CUB,2026-09-28,fyers_60m,7,True,0.0,True,0.0,True,-0.00025619197982301614,True,0.0,True,0.0,True,0.009999999999990905,True,0,0,0.09928324574754352,0.04491640631430413,True
CUB,2026-09-28,fyers_1m_agg,7,True,0.0,True,0.0,True,-0.00025619197982301614,True,0.0,True,0.0,True,0.009999999999990905,True,0,0,0.09928324574754352,0.04491640631430413,True
CUB,2026-09-28,yahoo_1h,0,False,,False,,False,,False,,False,,False,,False,0,0,,,False
DABUR,2026-09-28,fyers_60m,7,True,0.0,True,0.0,True,-0.0009219013821507409,True,0.0,True,0.0,True,0.0,True,0,0,0.13557435612684207,0.016395784472634383,True
DABUR,2026-09-28,fyers_1m_agg,7,True,0.0,True,0.0,True,-0.0009219013821507409,True,0.0,True,0.0,True,0.0,True,0,0,0.13557435612684207,0.016395784472634383,True
DABUR,2026-09-28,yahoo_1h,0,False,,False,,False,,False,,False,,False,,False,0,0,,,False
GRASIM,2026-09-28,fyers_60m,7,True,0.0,True,0.0,True,-0.00031999571553853674,True,0.0,True,0.0,True,0.0,True,0,0,0.1794679138440439,0.0468762974689478,True
GRASIM,2026-09-28,fyers_1m_agg,7,True,0.0,True,0.0,True,-0.00031999571553853674,True,0.0,True,0.0,True,0.0,True,0,0,0.1794679138440439,0.0468762974689478,True
GRASIM,2026-09-28,yahoo_1h,0,False,,False,,False,,False,,False,,False,,False,0,0,,,False
HDFCBANK,2026-09-28,fyers_60m,7,True,0.0,True,0.0,True,-0.01182362879441421,False,0.0,True,0.0,True,0.0,True,0,0,0.3137197092621396,0.019867413936826585,False
HDFCBANK,2026-09-28,fyers_1m_agg,7,True,0.0,True,0.0,True,-0.01182362879441421,False,0.0,True,0.0,True,0.0,True,0,0,0.3137197092621396,0.019867413936826585,False
HDFCBANK,2026-09-28,yahoo_1h,0,False,,False,,False,,False,,False,,False,,False,0,0,,,False
INDIANB,2026-09-28,fyers_60m,7,True,0.0,True,0.0,True,-0.004516456537142229,True,0.0,True,0.0,True,0.0,True,0,0,0.1637741159881652,0.014052158750105957,True
INDIANB,2026-09-28,fyers_1m_agg,7,True,0.0,True,0.0,True,-0.004516456537142229,True,0.0,True,0.0,True,0.0,True,0,0,0.1637741159881652,0.014052158750105957,True
INDIANB,2026-09-28,yahoo_1h,0,False,,False,,False,,False,,False,,False,,False,0,0,,,False
LATENTVIEW,2026-09-28,fyers_60m,7,True,0.0,True,0.0,True,-0.010789597134978662,False,0.0,True,0.0,True,0.9000000000000057,True,0,0,0.3537174979180161,0.06252313315443694,False
LATENTVIEW,2026-09-28,fyers_1m_agg,7,True,0.0,True,0.0,True,-0.010789597134978662,False,0.0,True,0.0,True,0.9000000000000057,True,0,0,0.3537174979180161,0.06252313315443694,False
LATENTVIEW,2026-09-28,yahoo_1h,0,False,,False,,False,,False,,False,,False,,False,0,0,,,False
NATCOPHARM,2026-09-28,fyers_60m,7,True,-6.990000000000009,False,-6.7000000000000455,False,-0.013525759890375817,False,-6.849999999999909,False,-6.740000000000009,False,-7.289999999999964,True,0,0,0.43393136922356285,0.03069325321832954,False
NATCOPHARM,2026-09-28,fyers_1m_agg,7,True,-6.990000000000009,False,-6.7000000000000455,False,-0.013525759890375817,False,-6.849999999999909,False,-6.740000000000009,False,-7.289999999999964,True,0,0,0.43393136922356285,0.03069325321832954,False
NATCOPHARM,2026-09-28,yahoo_1h,0,False,,False,,False,,False,,False,,False,,False,0,0,,,False
POONAWALLA,2026-09-28,fyers_60m,7,True,0.0,True,0.0,True,-0.0015343779151811223,True,0.0,True,0.0,True,0.35000000000002274,True,0,0,0.07992946190476626,0.058485551849065294,True
POONAWALLA,2026-09-28,fyers_1m_agg,7,True,0.0,True,0.0,True,-0.0015343779151811223,True,0.0,True,0.0,True,0.35000000000002274,True,0,0,0.07992946190476626,0.058485551849065294,True
POONAWALLA,2026-09-28,yahoo_1h,0,False,,False,,False,,False,,False,,False,,False,0,0,,,False
PREMIERENE,2026-09-28,fyers_60m,7,True,0.0,True,0.0,True,-0.0015142000664442896,True,0.0,True,0.0,True,0.0,True,0,0,0.1427487530014992,0.0050553083622704945,True
PREMIERENE,2026-09-28,fyers_1m_agg,7,True,0.0,True,0.0,True,-0.0015142000664442896,True,0.0,True,0.0,True,0.0,True,0,0,0.1427487530014992,0.0050553083622704945,True
PREMIERENE,2026-09-28,yahoo_1h,0,False,,False,,False,,False,,False,,False,,False,0,0,,,False
PVRINOX,2026-09-28,fyers_60m,7,True,0.0,True,0.0,True,-0.00219210840972499,True,0.0,True,0.0,True,-1.0,True,0,0,0.25024965048931497,0.048069411684401334,True
PVRINOX,2026-09-28,fyers_1m_agg,7,True,0.0,True,0.0,True,-0.00219210840972499,True,0.0,True,0.0,True,-1.0,True,0,0,0.25024965048931497,0.048069411684401334,True
PVRINOX,2026-09-28,yahoo_1h,0,False,,False,,False,,False,,False,,False,,False,0,0,,,False
RELIANCE,2026-09-28,fyers_60m,7,True,0.0,True,0.0,True,-0.01323484642248188,False,0.0,True,0.0,True,0.0,True,0,0,0.23257522318787716,0.03573516776975433,False
RELIANCE,2026-09-28,fyers_1m_agg,7,True,0.0,True,0.0,True,-0.01323484642248188,False,0.0,True,0.0,True,0.0,True,0,0,0.23257522318787716,0.03573516776975433,False
RELIANCE,2026-09-28,yahoo_1h,0,False,,False,,False,,False,,False,,False,,False,0,0,,,False
SAMMAANCAP,2026-09-28,fyers_60m,7,True,0.0,True,0.0,True,-0.003843968266228249,True,0.0,True,0.0,True,-0.01999999999998181,True,0,0,0.2485866984195114,0.10414921529397919,True
SAMMAANCAP,2026-09-28,fyers_1m_agg,7,True,0.0,True,0.0,True,-0.003843968266228249,True,0.0,True,0.0,True,-0.01999999999998181,True,0,0,0.2485866984195114,0.10414921529397919,True
SAMMAANCAP,2026-09-28,yahoo_1h,0,False,,False,,False,,False,,False,,False,,False,0,0,,,False
TCS,2026-09-28,fyers_60m,7,True,0.0,True,0.0,True,-0.009493095172298151,True,0.0,True,0.0,True,0.0,True,0,0,0.3075172040872342,0.04394253415752978,True
TCS,2026-09-28,fyers_1m_agg,7,True,0.0,True,0.0,True,-0.009493095172298151,True,0.0,True,0.0,True,0.0,True,0,0,0.3075172040872342,0.04394253415752978,True
TCS,2026-09-28,yahoo_1h,0,False,,False,,False,,False,,False,,False,,False,0,0,,,False
TMCV,2026-09-28,fyers_60m,7,True,0.0,True,0.0,True,-0.003445440819662465,True,0.0,True,0.0,True,1.0500000000000114,True,0,0,0.2276847059000807,0.1309772129817597,True
TMCV,2026-09-28,fyers_1m_agg,7,True,0.0,True,0.0,True,-0.003445440819662465,True,0.0,True,0.0,True,1.0500000000000114,True,0,0,0.2276847059000807,0.1309772129817597,True
TMCV,2026-09-28,yahoo_1h,0,False,,False,,False,,False,,False,,False,,False,0,0,,,False
TMPV,2026-09-28,fyers_60m,7,True,0.0,True,0.0,True,-0.003119574911253779,True,0.0,True,0.0,True,0.0,True,0,0,0.1986359054680692,0.01007042952257904,True
TMPV,2026-09-28,fyers_1m_agg,7,True,0.0,True,0.0,True,-0.003119574911253779,True,0.0,True,0.0,True,0.0,True,0,0,0.1986359054680692,0.01007042952257904,True
TMPV,2026-09-28,yahoo_1h,0,False,,False,,False,,False,,False,,False,,False,0,0,,,False
VEDL,2026-09-28,fyers_60m,7,True,0.0,True,0.0,True,-0.010641007126723695,False,0.0,True,0.0,True,0.0,True,0,0,0.40116323318754976,0.026469229159248375,False
VEDL,2026-09-28,fyers_1m_agg,7,True,0.0,True,0.0,True,-0.010641007126723695,False,0.0,True,0.0,True,0.0,True,0,0,0.40116323318754976,0.026469229159248375,False
VEDL,2026-09-28,yahoo_1h,0,False,,False,,False,,False,,False,,False,,False,0,0,,,False
VIJAYA,2026-09-28,fyers_60m,7,True,0.0,True,0.0,True,-0.0006979034216388302,True,0.0,True,0.0,True,-11.200000000000045,True,0,0,0.3257945391577215,0.1127470677152096,True
VIJAYA,2026-09-28,fyers_1m_agg,7,True,0.0,True,0.0,True,-0.0006979034216388302,True,0.0,True,0.0,True,-11.200000000000045,True,0,0,0.3257945391577215,0.1127470677152096,True
VIJAYA,2026-09-28,yahoo_1h,0,False,,False,,False,,False,,False,,False,,False,0,0,,,False
ZFCVINDIA,2026-09-28,fyers_60m,7,True,0.0,True,0.0,True,-0.0003689476311391801,True,0.0,True,0.0,True,1.099999999999909,True,0,0,0.05548198002605297,0.046233174120712116,True
ZFCVINDIA,2026-09-28,fyers_1m_agg,7,True,0.0,True,0.0,True,-0.0003689476311391801,True,0.0,True,0.0,True,1.099999999999909,True,0,0,0.05548198002605297,0.046233174120712116,True
ZFCVINDIA,2026-09-28,yahoo_1h,0,False,,False,,False,,False,,False,,False,,False,0,0,,,False
ACC,2026-09-29,fyers_60m,7,True,0.0,True,0.0,True,-0.00034306255082724546,True,0.0,True,0.0,True,-2.599999999999909,True,0,0,0.1169875607401756,0.34580814171294816,True
ACC,2026-09-29,fyers_1m_agg,7,True,0.0,True,0.0,True,-0.00034306255082724546,True,0.0,True,0.0,True,-2.599999999999909,True,0,0,0.1169875607401756,0.34580814171294816,True
ACC,2026-09-29,yahoo_1h,0,False,,False,,False,,False,,False,,False,,False,0,0,,,False
APTUS,2026-09-29,fyers_60m,7,True,0.0,True,0.0,True,-0.00013620752677839977,True,0.0,True,0.0,True,0.6899999999999977,True,0,0,0.043819719889453775,0.04184419401962547,True
APTUS,2026-09-29,fyers_1m_agg,7,True,0.0,True,0.0,True,-0.00013620752677839977,True,0.0,True,0.0,True,0.6899999999999977,True,0,0,0.043819719889453775,0.04184419401962547,True
APTUS,2026-09-29,yahoo_1h,0,False,,False,,False,,False,,False,,False,,False,0,0,,,False
ASTERDM,2026-09-29,fyers_60m,7,True,0.0,True,0.0,True,0.001473292847016842,True,0.0,True,0.0,True,1.5,True,0,0,0.03443216345559129,0.39179339590549234,True
ASTERDM,2026-09-29,fyers_1m_agg,7,True,0.0,True,0.0,True,0.001473292847016842,True,0.0,True,0.0,True,1.5,True,0,0,0.03443216345559129,0.39179339590549234,True
ASTERDM,2026-09-29,yahoo_1h,0,False,,False,,False,,False,,False,,False,,False,0,0,,,False
BOSCHLTD,2026-09-29,fyers_60m,7,True,0.0,True,0.0,True,-0.017736714324251415,False,0.0,True,0.0,True,0.0,True,0,0,0.2209406110538963,0.2614486783384827,False
BOSCHLTD,2026-09-29,fyers_1m_agg,7,True,0.0,True,0.0,True,-0.017736714324251415,False,0.0,True,0.0,True,0.0,True,0,0,0.2209406110538963,0.2614486783384827,False
BOSCHLTD,2026-09-29,yahoo_1h,0,False,,False,,False,,False,,False,,False,,False,0,0,,,False
BRIGADE,2026-09-29,fyers_60m,7,True,0.0,True,0.0,True,-0.0009079615343322955,True,0.0,True,0.0,True,-1.0499999999999545,True,0,0,0.0882075717895422,0.3327694352934675,True
BRIGADE,2026-09-29,fyers_1m_agg,7,True,0.0,True,0.0,True,-0.0009079615343322955,True,0.0,True,0.0,True,-1.0499999999999545,True,0,0,0.0882075717895422,0.3327694352934675,True
BRIGADE,2026-09-29,yahoo_1h,0,False,,False,,False,,False,,False,,False,,False,0,0,,,False
CANBK,2026-09-29,fyers_60m,7,True,0.0,True,0.0,True,-0.00513370166851009,True,0.0,True,0.0,True,0.0,True,0,0,0.3851796275244496,0.08535910229818092,True
CANBK,2026-09-29,fyers_1m_agg,7,True,0.0,True,0.0,True,-0.00513370166851009,True,0.0,True,0.0,True,0.0,True,0,0,0.3851796275244496,0.08535910229818092,True
CANBK,2026-09-29,yahoo_1h,0,False,,False,,False,,False,,False,,False,,False,0,0,,,False
COFORGE,2026-09-29,fyers_60m,7,True,0.0,True,0.0,True,-0.006693197233492279,True,0.0,True,0.0,True,0.0,True,0,0,0.21689013896046175,0.12786196597607624,True
COFORGE,2026-09-29,fyers_1m_agg,7,True,0.0,True,0.0,True,-0.006693197233492279,True,0.0,True,0.0,True,0.0,True,0,0,0.21689013896046175,0.12786196597607624,True
COFORGE,2026-09-29,yahoo_1h,0,False,,False,,False,,False,,False,,False,,False,0,0,,,False
CUB,2026-09-29,fyers_60m,7,True,0.0,True,0.0,True,-0.0017828633106004876,True,0.0,True,0.0,True,0.4900000000000091,True,0,0,0.1889187814971906,0.18299747057044108,True
CUB,2026-09-29,fyers_1m_agg,0,False,,False,,False,,False,,False,,False,,False,0,0,,,False
CUB,2026-09-29,yahoo_1h,0,False,,False,,False,,False,,False,,False,,False,0,0,,,False
DABUR,2026-09-29,fyers_60m,0,False,,False,,False,,False,,False,,False,,False,0,0,,,False
DABUR,2026-09-29,fyers_1m_agg,0,False,,False,,False,,False,,False,,False,,False,0,0,,,False
DABUR,2026-09-29,yahoo_1h,0,False,,False,,False,,False,,False,,False,,False,0,0,,,False
GRASIM,2026-09-29,fyers_60m,7,True,0.0,True,0.0,True,-0.0018045316105054596,True,0.0,True,0.0,True,0.0,True,0,0,0.05533828841344818,0.22045533481522644,True
GRASIM,2026-09-29,fyers_1m_agg,7,True,0.0,True,0.0,True,-0.0018045316105054596,True,0.0,True,0.0,True,0.0,True,0,0,0.05533828841344818,0.22045533481522644,True
GRASIM,2026-09-29,yahoo_1h,0,False,,False,,False,,False,,False,,False,,False,0,0,,,False
HDFCBANK,2026-09-29,fyers_60m,7,True,0.0,True,0.0,True,-0.044328688103193056,False,0.0,True,0.0,True,0.0,True,0,0,0.19969440968397223,0.23290115159380476,False
HDFCBANK,2026-09-29,fyers_1m_agg,7,True,0.0,True,0.0,True,-0.044328688103193056,False,0.0,True,0.0,True,0.0,True,0,0,0.19969440968397223,0.23290115159380476,False
HDFCBANK,2026-09-29,yahoo_1h,0,False,,False,,False,,False,,False,,False,,False,0,0,,,False
INDIANB,2026-09-29,fyers_60m,7,True,0.0,True,0.0,True,-0.0048078776252079266,True,0.0,True,0.0,True,0.0,True,0,0,0.14248109940039477,0.08085136493985326,True
INDIANB,2026-09-29,fyers_1m_agg,7,True,0.0,True,0.0,True,-0.0048078776252079266,True,0.0,True,0.0,True,0.0,True,0,0,0.14248109940039477,0.08085136493985326,True
INDIANB,2026-09-29,yahoo_1h,0,False,,False,,False,,False,,False,,False,,False,0,0,,,False
LATENTVIEW,2026-09-29,fyers_60m,7,True,0.0,True,0.0,True,-0.0027221469500663337,True,0.0,True,0.0,True,-0.4000000000000057,True,0,0,0.15062914721496437,0.2638190376957627,True
LATENTVIEW,2026-09-29,fyers_1m_agg,7,True,0.0,True,0.0,True,-0.0027221469500663337,True,0.0,True,0.0,True,-0.4000000000000057,True,0,0,0.15062914721496437,0.2638190376957627,True
LATENTVIEW,2026-09-29,yahoo_1h,0,False,,False,,False,,False,,False,,False,,False,0,0,,,False
NATCOPHARM,2026-09-29,fyers_60m,7,True,-6.92999999999995,False,-6.740000000000009,False,-0.012758581674408664,False,-6.780000000000086,False,-6.860000000000014,False,-7.360000000000014,True,0,0,0.30154384412252067,0.054613147586022474,False
NATCOPHARM,2026-09-29,fyers_1m_agg,7,True,-6.92999999999995,False,-6.740000000000009,False,-0.012758581674408664,False,-6.780000000000086,False,-6.860000000000014,False,-7.360000000000014,True,0,0,0.30154384412252067,0.054613147586022474,False
NATCOPHARM,2026-09-29,yahoo_1h,0,False,,False,,False,,False,,False,,False,,False,0,0,,,False
POONAWALLA,2026-09-29,fyers_60m,7,True,0.0,True,0.0,True,-0.0015458699818190753,True,0.0,True,0.0,True,-1.0,True,0,0,0.12015035773447627,0.14155832267856458,True
POONAWALLA,2026-09-29,fyers_1m_agg,7,True,0.0,True,0.0,True,-0.0015458699818190753,True,0.0,True,0.0,True,-1.0,True,0,0,0.12015035773447627,0.14155832267856458,True
POONAWALLA,2026-09-29,yahoo_1h,0,False,,False,,False,,False,,False,,False,,False,0,0,,,False
PREMIERENE,2026-09-29,fyers_60m,7,True,0.0,True,0.0,True,-0.0011311153996416716,True,0.0,True,0.0,True,0.0,True,0,0,0.11855802088343302,0.03602685621681946,True
PREMIERENE,2026-09-29,fyers_1m_agg,7,True,0.0,True,0.0,True,-0.0011311153996416716,True,0.0,True,0.0,True,0.0,True,0,0,0.11855802088343302,0.03602685621681946,True
PREMIERENE,2026-09-29,yahoo_1h,0,False,,False,,False,,False,,False,,False,,False,0,0,,,False
PVRINOX,2026-09-29,fyers_60m,7,True,0.0,True,0.0,True,-0.0008803194126959445,True,0.0,True,0.0,True,-0.09999999999990905,True,0,0,0.23571559869122458,0.054993076234942345,True
PVRINOX,2026-09-29,fyers_1m_agg,7,True,0.0,True,0.0,True,-0.0008803194126959445,True,0.0,True,0.0,True,-0.09999999999990905,True,0,0,0.23571559869122458,0.054993076234942345,True
PVRINOX,2026-09-29,yahoo_1h,0,False,,False,,False,,False,,False,,False,,False,0,0,,,False
RELIANCE,2026-09-29,fyers_60m,7,True,0.0,True,0.0,True,-0.013985456659502692,False,0.0,True,0.0,True,0.0,True,0,0,0.17423647621641272,0.3311276510613636,False
RELIANCE,2026-09-29,fyers_1m_agg,7,True,0.0,True,0.0,True,-0.013985456659502692,False,0.0,True,0.0,True,0.0,True,0,0,0.17423647621641272,0.3311276510613636,False
RELIANCE,2026-09-29,yahoo_1h,0,False,,False,,False,,False,,False,,False,,False,0,0,,,False
SAMMAANCAP,2026-09-29,fyers_60m,7,True,0.0,True,0.0,True,-0.0026816947279540227,True,0.0,True,0.22999999999998977,False,-0.030000000000001137,True,0,0,0.28924181739485605,0.0624356700012802,False
SAMMAANCAP,2026-09-29,fyers_1m_agg,7,True,0.0,True,0.0,True,-0.0026816947279540227,True,0.0,True,0.22999999999998977,False,-0.030000000000001137,True,0,0,0.28924181739485605,0.0624356700012802,False
SAMMAANCAP,2026-09-29,yahoo_1h,0,False,,False,,False,,False,,False,,False,,False,0,0,,,False
TCS,2026-09-29,fyers_60m,7,True,0.0,True,0.0,True,-0.009131361312619386,True,0.0,True,0.0,True,0.0,True,0,0,0.10976289780454192,0.225446982893893,True
TCS,2026-09-29,fyers_1m_agg,7,True,0.0,True,0.0,True,-0.009131361312619386,True,0.0,True,0.0,True,0.0,True,0,0,0.10976289780454192,0.225446982893893,True
TCS,2026-09-29,yahoo_1h,0,False,,False,,False,,False,,False,,False,,False,0,0,,,False
TMCV,2026-09-29,fyers_60m,7,True,0.0,True,0.0,True,-0.003839292600572338,True,0.0,True,0.0,True,0.75,True,0,0,0.19477802535474115,0.16933500112616237,True
TMCV,2026-09-29,fyers_1m_agg,7,True,0.0,True,0.0,True,-0.003839292600572338,True,0.0,True,0.0,True,0.75,True,0,0,0.19477802535474115,0.16933500112616237,True
TMCV,2026-09-29,yahoo_1h,0,False,,False,,False,,False,,False,,False,,False,0,0,,,False
TMPV,2026-09-29,fyers_60m,7,True,0.0,True,0.0,True,-0.00412346767189813,True,0.0,True,0.0,True,0.0,True,0,0,0.3147272811394339,0.07315793384940124,True
TMPV,2026-09-29,fyers_1m_agg,7,True,0.0,True,0.0,True,-0.00412346767189813,True,0.0,True,0.0,True,0.0,True,0,0,0.3147272811394339,0.07315793384940124,True
TMPV,2026-09-29,yahoo_1h,0,False,,False,,False,,False,,False,,False,,False,0,0,,,False
VEDL,2026-09-29,fyers_60m,7,True,0.0,True,0.0,True,-0.005717114769820804,True,0.0,True,0.0,True,0.0,True,0,0,0.21938191828302414,0.08876631988291425,True
VEDL,2026-09-29,fyers_1m_agg,7,True,0.0,True,0.0,True,-0.005717114769820804,True,0.0,True,0.0,True,0.0,True,0,0,0.21938191828302414,0.08876631988291425,True
VEDL,2026-09-29,yahoo_1h,0,False,,False,,False,,False,,False,,False,,False,0,0,,,False
VIJAYA,2026-09-29,fyers_60m,7,True,0.0,True,0.0,True,-0.0025312372042236918,True,0.0,True,0.0,True,19.0,True,0,0,0.1565263904265509,0.18456505243254673,True
VIJAYA,2026-09-29,fyers_1m_agg,7,True,0.0,True,0.0,True,-0.0025312372042236918,True,0.0,True,0.0,True,19.0,True,0,0,0.1565263904265509,0.18456505243254673,True
VIJAYA,2026-09-29,yahoo_1h,0,False,,False,,False,,False,,False,,False,,False,0,0,,,False
ZFCVINDIA,2026-09-29,fyers_60m,7,True,0.0,True,0.0,True,-0.0012004242275911099,True,0.0,True,0.0,True,4.199999999999818,True,0,0,0.261901983663944,0.21063010501750293,True
ZFCVINDIA,2026-09-29,fyers_1m_agg,7,True,0.0,True,0.0,True,-0.0012004242275911099,True,0.0,True,0.0,True,4.199999999999818,True,0,0,0.261901983663944,0.21063010501750293,True
ZFCVINDIA,2026-09-29,yahoo_1h,0,False,,False,,False,,False,,False,,False,,False,0,0,,,False
ACC,2026-09-30,fyers_60m,7,True,0.0,True,0.0,True,-0.0010660479408029849,True,0.0,True,0.0,True,-0.599999999999909,True,0,0,0.3279555548580486,0.05273152434909525,True
ACC,2026-09-30,fyers_1m_agg,7,True,0.0,True,0.0,True,-0.0010660479408029849,True,0.0,True,0.0,True,-0.599999999999909,True,0,0,0.3279555548580486,0.05273152434909525,True
ACC,2026-09-30,yahoo_1h,0,False,,False,,False,,False,,False,,False,,False,0,0,,,False
APTUS,2026-09-30,fyers_60m,7,True,0.0,True,0.0,True,-0.0006863007411177892,True,0.0,True,0.0,True,-1.5300000000000011,True,0,0,0.0794223060521925,0.1384825275824426,True
APTUS,2026-09-30,fyers_1m_agg,7,True,0.0,True,0.0,True,-0.0006863007411177892,True,0.0,True,0.0,True,-1.5300000000000011,True,0,0,0.0794223060521925,0.1384825275824426,True
APTUS,2026-09-30,yahoo_1h,0,False,,False,,False,,False,,False,,False,,False,0,0,,,False
ASTERDM,2026-09-30,fyers_60m,7,True,0.0,True,0.0,True,-0.0004790692758041033,True,0.0,True,0.0,True,-1.1499999999999773,True,0,0,0.2103154161968912,0.08149403093780543,True
ASTERDM,2026-09-30,fyers_1m_agg,7,True,0.0,True,0.0,True,-0.0004790692758041033,True,0.0,True,0.0,True,-1.1499999999999773,True,0,0,0.2103154161968912,0.08149403093780543,True
ASTERDM,2026-09-30,yahoo_1h,0,False,,False,,False,,False,,False,,False,,False,0,0,,,False
BOSCHLTD,2026-09-30,fyers_60m,7,True,0.0,True,0.0,True,-0.003421727972626176,True,0.0,True,0.0,True,0.0,True,0,0,0.25784087157477714,0.04443710795642126,True
BOSCHLTD,2026-09-30,fyers_1m_agg,7,True,0.0,True,0.0,True,-0.003421727972626176,True,0.0,True,0.0,True,0.0,True,0,0,0.25784087157477714,0.04443710795642126,True
BOSCHLTD,2026-09-30,yahoo_1h,0,False,,False,,False,,False,,False,,False,,False,0,0,,,False
BRIGADE,2026-09-30,fyers_60m,7,True,0.0,True,0.0,True,-0.0024705867820077753,True,0.0,True,0.0,True,-1.8500000000000227,True,0,0,0.13840362165136122,0.03828810102128728,True
BRIGADE,2026-09-30,fyers_1m_agg,7,True,0.0,True,0.0,True,-0.0024705867820077753,True,0.0,True,0.0,True,-1.8500000000000227,True,0,0,0.13840362165136122,0.03828810102128728,True
BRIGADE,2026-09-30,yahoo_1h,0,False,,False,,False,,False,,False,,False,,False,0,0,,,False
CANBK,2026-09-30,fyers_60m,7,True,0.0,True,0.0,True,-0.007378498616233412,True,0.0,True,0.0,True,0.0,True,0,0,0.2500606431902042,0.10984734092924828,True
CANBK,2026-09-30,fyers_1m_agg,7,True,0.0,True,0.0,True,-0.007378498616233412,True,0.0,True,0.0,True,0.0,True,0,0,0.2500606431902042,0.10984734092924828,True
CANBK,2026-09-30,yahoo_1h,0,False,,False,,False,,False,,False,,False,,False,0,0,,,False
COFORGE,2026-09-30,fyers_60m,7,True,0.0,True,0.0,True,-0.002499633870922157,True,0.0,True,0.0,True,0.0,True,0,0,0.3130440298106201,0.02729313143196776,True
COFORGE,2026-09-30,fyers_1m_agg,7,True,0.0,True,0.0,True,-0.002499633870922157,True,0.0,True,0.0,True,0.0,True,0,0,0.3130440298106201,0.02729313143196776,True
COFORGE,2026-09-30,yahoo_1h,0,False,,False,,False,,False,,False,,False,,False,0,0,,,False
CUB,2026-09-30,fyers_60m,7,True,0.0,True,0.0,True,-0.0002639225261737473,True,0.0,True,0.0,True,-1.0400000000000205,True,0,0,0.06468078646868927,0.07951413173664443,True
CUB,2026-09-30,fyers_1m_agg,7,True,0.0,True,0.0,True,-0.0002639225261737473,True,0.0,True,0.0,True,-1.0400000000000205,True,0,0,0.06468078646868927,0.07951413173664443,True
CUB,2026-09-30,yahoo_1h,0,False,,False,,False,,False,,False,,False,,False,0,0,,,False
DABUR,2026-09-30,fyers_60m,7,True,0.0,True,0.0,True,-0.0035742206461700397,True,0.0,True,0.0,True,0.0,True,0,0,0.12523569606297194,0.03668679409766291,True
DABUR,2026-09-30,fyers_1m_agg,7,True,0.0,True,0.0,True,-0.0035742206461700397,True,0.0,True,0.0,True,0.0,True,0,0,0.12523569606297194,0.03668679409766291,True
DABUR,2026-09-30,yahoo_1h,0,False,,False,,False,,False,,False,,False,,False,0,0,,,False
GRASIM,2026-09-30,fyers_60m,7,True,0.0,True,0.0,True,-0.0015351797142066602,True,0.0,True,0.0,True,0.0,True,0,0,0.09772989353428625,0.12829297290532507,True
GRASIM,2026-09-30,fyers_1m_agg,7,True,0.0,True,0.0,True,-0.0015351797142066602,True,0.0,True,0.0,True,0.0,True,0,0,0.09772989353428625,0.12829297290532507,True
GRASIM,2026-09-30,yahoo_1h,0,False,,False,,False,,False,,False,,False,,False,0,0,,,False
HDFCBANK,2026-09-30,fyers_60m,7,True,0.0,True,0.0,True,-0.031161756478312885,False,0.0,True,0.0,True,0.0,True,0,0,0.2423804494310492,0.11005622148867933,False
HDFCBANK,2026-09-30,fyers_1m_agg,7,True,0.0,True,0.0,True,-0.031161756478312885,False,0.0,True,0.0,True,0.0,True,0,0,0.2423804494310492,0.11005622148867933,False
HDFCBANK,2026-09-30,yahoo_1h,0,False,,False,,False,,False,,False,,False,,False,0,0,,,False
INDIANB,2026-09-30,fyers_60m,7,True,0.0,True,0.0,True,-0.0037550119069340933,True,0.0,True,0.0,True,0.0,True,0,0,0.21262205407761117,0.047173267010553285,True
INDIANB,2026-09-30,fyers_1m_agg,7,True,0.0,True,0.0,True,-0.0037550119069340933,True,0.0,True,0.0,True,0.0,True,0,0,0.21262205407761117,0.047173267010553285,True
INDIANB,2026-09-30,yahoo_1h,0,False,,False,,False,,False,,False,,False,,False,0,0,,,False
LATENTVIEW,2026-09-30,fyers_60m,7,True,0.0,True,0.0,True,-0.003701254904827247,True,0.0,True,0.0,True,-0.4000000000000057,True,0,0,0.34425491471162023,0.09525286378870491,True
LATENTVIEW,2026-09-30,fyers_1m_agg,7,True,0.0,True,0.0,True,-0.003701254904827247,True,0.0,True,0.0,True,-0.4000000000000057,True,0,0,0.34425491471162023,0.09525286378870491,True
LATENTVIEW,2026-09-30,yahoo_1h,0,False,,False,,False,,False,,False,,False,,False,0,0,,,False
NATCOPHARM,2026-09-30,fyers_60m,7,True,-6.909999999999968,False,-6.690000000000055,False,-0.011602591722422301,False,-6.8799999999999955,False,-6.730000000000018,False,-8.230000000000018,True,0,0,0.17118797695011836,0.0817487773462368,False
NATCOPHARM,2026-09-30,fyers_1m_agg,7,True,-6.909999999999968,False,-6.690000000000055,False,-0.011602591722422301,False,-6.8799999999999955,False,-6.730000000000018,False,-8.230000000000018,True,0,0,0.17118797695011836,0.0817487773462368,False
NATCOPHARM,2026-09-30,yahoo_1h,0,False,,False,,False,,False,,False,,False,,False,0,0,,,False
POONAWALLA,2026-09-30,fyers_60m,7,True,0.0,True,0.0,True,-0.0016961258216973186,True,0.0,True,0.0,True,1.3999999999999773,True,0,0,0.33840558486805006,0.0668616299689778,True
POONAWALLA,2026-09-30,fyers_1m_agg,7,True,0.0,True,0.0,True,-0.0016961258216973186,True,0.0,True,0.0,True,1.3999999999999773,True,0,0,0.33840558486805006,0.0668616299689778,True
POONAWALLA,2026-09-30,yahoo_1h,0,False,,False,,False,,False,,False,,False,,False,0,0,,,False
PREMIERENE,2026-09-30,fyers_60m,7,True,0.0,True,0.0,True,-0.006225486382513394,True,0.0,True,0.0,True,0.0,True,0,0,0.2131376524450582,0.009019381907580802,True
PREMIERENE,2026-09-30,fyers_1m_agg,7,True,0.0,True,0.0,True,-0.006225486382513394,True,0.0,True,0.0,True,0.0,True,0,0,0.2131376524450582,0.009019381907580802,True
PREMIERENE,2026-09-30,yahoo_1h,0,False,,False,,False,,False,,False,,False,,False,0,0,,,False
PVRINOX,2026-09-30,fyers_60m,7,True,0.0,True,0.0,True,-0.0001940458848211122,True,0.0,True,0.0,True,5.2999999999999545,True,0,0,0.21844665655932066,0.04028358700146547,True
PVRINOX,2026-09-30,fyers_1m_agg,7,True,0.0,True,0.0,True,-0.0001940458848211122,True,0.0,True,0.0,True,5.2999999999999545,True,0,0,0.21844665655932066,0.04028358700146547,True
PVRINOX,2026-09-30,yahoo_1h,0,False,,False,,False,,False,,False,,False,,False,0,0,,,False
RELIANCE,2026-09-30,fyers_60m,7,True,0.0,True,0.0,True,-0.025693376155728698,False,0.0,True,0.0,True,0.0,True,0,0,0.19120746572420907,0.08656190700258849,False
RELIANCE,2026-09-30,fyers_1m_agg,7,True,0.0,True,0.0,True,-0.025693376155728698,False,0.0,True,0.0,True,0.0,True,0,0,0.19120746572420907,0.08656190700258849,False
RELIANCE,2026-09-30,yahoo_1h,0,False,,False,,False,,False,,False,,False,,False,0,0,,,False
SAMMAANCAP,2026-09-30,fyers_60m,7,True,0.0,True,0.0,True,-0.002442183123297133,True,0.0,True,-0.4000000000000057,False,-0.4399999999999977,True,0,0,0.3658294170337558,0.10326519468727158,False
SAMMAANCAP,2026-09-30,fyers_1m_agg,7,True,0.0,True,0.0,True,-0.002442183123297133,True,0.0,True,-0.4000000000000057,False,-0.4399999999999977,True,0,0,0.3658294170337558,0.10326519468727158,False
SAMMAANCAP,2026-09-30,yahoo_1h,0,False,,False,,False,,False,,False,,False,,False,0,0,,,False
TCS,2026-09-30,fyers_60m,7,True,0.0,True,0.0,True,-0.02280369486588676,False,0.0,True,0.0,True,0.0,True,0,0,0.2896691757310641,0.07718906422952972,False
TCS,2026-09-30,fyers_1m_agg,7,True,0.0,True,0.0,True,-0.02280369486588676,False,0.0,True,0.0,True,0.0,True,0,0,0.2896691757310641,0.07718906422952972,False
TCS,2026-09-30,yahoo_1h,0,False,,False,,False,,False,,False,,False,,False,0,0,,,False
TMCV,2026-09-30,fyers_60m,7,True,0.0,True,0.0,True,-0.0015267848317142506,True,0.0,True,0.0,True,-1.6499999999999773,True,0,0,0.1220499008953322,0.08952771531329745,True
TMCV,2026-09-30,fyers_1m_agg,7,True,0.0,True,0.0,True,-0.0015267848317142506,True,0.0,True,0.0,True,-1.6499999999999773,True,0,0,0.1220499008953322,0.08952771531329745,True
TMCV,2026-09-30,yahoo_1h,0,False,,False,,False,,False,,False,,False,,False,0,0,,,False
TMPV,2026-09-30,fyers_60m,7,True,0.0,True,0.0,True,-0.002324613476466993,True,0.0,True,0.0,True,0.0,True,0,0,0.29414885943099706,0.03540314789418749,True
TMPV,2026-09-30,fyers_1m_agg,7,True,0.0,True,0.0,True,-0.002324613476466993,True,0.0,True,0.0,True,0.0,True,0,0,0.29414885943099706,0.03540314789418749,True
TMPV,2026-09-30,yahoo_1h,0,False,,False,,False,,False,,False,,False,,False,0,0,,,False
VEDL,2026-09-30,fyers_60m,7,True,0.0,True,0.0,True,-0.00795489126150727,True,0.0,True,0.0,True,0.0,True,0,0,0.24618268572540028,0.10089447638285283,True
VEDL,2026-09-30,fyers_1m_agg,7,True,0.0,True,0.0,True,-0.00795489126150727,True,0.0,True,0.0,True,0.0,True,0,0,0.24618268572540028,0.10089447638285283,True
VEDL,2026-09-30,yahoo_1h,0,False,,False,,False,,False,,False,,False,,False,0,0,,,False
VIJAYA,2026-09-30,fyers_60m,7,True,0.0,True,0.0,True,-0.004722202760456807,True,0.0,True,0.0,True,2.2000000000000455,True,0,0,0.3112856901503632,0.06318634904544687,True
VIJAYA,2026-09-30,fyers_1m_agg,7,True,0.0,True,0.0,True,-0.004722202760456807,True,0.0,True,0.0,True,2.2000000000000455,True,0,0,0.3112856901503632,0.06318634904544687,True
VIJAYA,2026-09-30,yahoo_1h,0,False,,False,,False,,False,,False,,False,,False,0,0,,,False
ZFCVINDIA,2026-09-30,fyers_60m,7,True,0.0,True,0.0,True,-0.00018414901905234083,True,0.0,True,0.0,True,-6.0,True,0,0,0.050706979116488624,0.0918789493071888,True
ZFCVINDIA,2026-09-30,fyers_1m_agg,7,True,0.0,True,0.0,True,-0.00018414901905234083,True,0.0,True,0.0,True,-6.0,True,0,0,0.050706979116488624,0.0918789493071888,True
ZFCVINDIA,2026-09-30,yahoo_1h,0,False,,False,,False,,False,,False,,False,,False,0,0,,,False
ACC,2026-10-01,fyers_60m,7,True,0.0,True,0.0,True,-0.001836947129940197,True,0.0,True,0.0,True,-1.7999999999999545,True,0,0,0.23734774696175526,0.02469447151922461,True
ACC,2026-10-01,fyers_1m_agg,7,True,0.0,True,0.0,True,-0.001836947129940197,True,0.0,True,0.0,True,-1.7999999999999545,True,0,0,0.23734774696175526,0.02469447151922461,True
ACC,2026-10-01,yahoo_1h,0,False,,False,,False,,False,,False,,False,,False,0,0,,,False
APTUS,2026-10-01,fyers_60m,7,True,0.0,True,0.0,True,-0.000482591285397209,True,0.0,True,0.0,True,-1.4000000000000057,True,0,0,0.16855677049304918,0.22430828714250406,True
APTUS,2026-10-01,fyers_1m_agg,7,True,0.0,True,0.0,True,-0.000482591285397209,True,0.0,True,0.0,True,-1.4000000000000057,True,0,0,0.16855677049304918,0.22430828714250406,True
APTUS,2026-10-01,yahoo_1h,0,False,,False,,False,,False,,False,,False,,False,0,0,,,False
ASTERDM,2026-10-01,fyers_60m,7,True,0.0,True,0.0,True,-0.0016741816940059864,True,0.0,True,1.0,False,0.10000000000002274,True,0,0,0.19418151956509253,0.09330039845630819,False
ASTERDM,2026-10-01,fyers_1m_agg,7,True,0.0,True,0.0,True,-0.0016741816940059864,True,0.0,True,1.0,False,0.10000000000002274,True,0,0,0.19418151956509253,0.09330039845630819,False
ASTERDM,2026-10-01,yahoo_1h,0,False,,False,,False,,False,,False,,False,,False,0,0,,,False
BOSCHLTD,2026-10-01,fyers_60m,7,True,0.0,True,0.0,True,-0.0009470476817919789,True,0.0,True,0.0,True,0.0,True,0,0,0.14344887276923712,0.010283147178831966,True
BOSCHLTD,2026-10-01,fyers_1m_agg,7,True,0.0,True,0.0,True,-0.0009470476817919789,True,0.0,True,0.0,True,0.0,True,0,0,0.14344887276923712,0.010283147178831966,True
BOSCHLTD,2026-10-01,yahoo_1h,0,False,,False,,False,,False,,False,,False,,False,0,0,,,False
BRIGADE,2026-10-01,fyers_60m,7,True,0.0,True,0.0,True,-0.0036065310061931953,True,0.0,True,0.0,True,2.8500000000000227,True,0,0,0.14159649213442513,0.04289579727740036,True
BRIGADE,2026-10-01,fyers_1m_agg,7,True,0.0,True,0.0,True,-0.0036065310061931953,True,0.0,True,0.0,True,2.8500000000000227,True,0,0,0.14159649213442513,0.04289579727740036,True
BRIGADE,2026-10-01,yahoo_1h,0,False,,False,,False,,False,,False,,False,,False,0,0,,,False
CANBK,2026-10-01,fyers_60m,7,True,0.0,True,0.0,True,-0.0015972537011787512,True,0.0,True,0.0,True,0.0,True,0,0,0.21652363592720084,0.024832966502567864,True
CANBK,2026-10-01,fyers_1m_agg,7,True,0.0,True,0.0,True,-0.0015972537011787512,True,0.0,True,0.0,True,0.0,True,0,0,0.21652363592720084,0.024832966502567864,True
CANBK,2026-10-01,yahoo_1h,0,False,,False,,False,,False,,False,,False,,False,0,0,,,False
COFORGE,2026-10-01,fyers_60m,7,True,0.0,True,0.0,True,-0.0021812949135291177,True,0.0,True,0.0,True,0.0,True,0,0,0.15448005224509703,0.0031662451650422145,True
COFORGE,2026-10-01,fyers_1m_agg,7,True,0.0,True,0.0,True,-0.0021812949135291177,True,0.0,True,0.0,True,0.0,True,0,0,0.15448005224509703,0.0031662451650422145,True
COFORGE,2026-10-01,yahoo_1h,0,False,,False,,False,,False,,False,,False,,False,0,0,,,False
CUB,2026-10-01,fyers_60m,7,True,0.0,True,0.0,True,-0.001329015220239051,True,0.0,True,-0.47999999999998977,False,-0.5199999999999818,True,0,0,0.07824853918799964,0.039356443997961475,False
CUB,2026-10-01,fyers_1m_agg,7,True,0.0,True,0.0,True,-0.001329015220239051,True,0.0,True,-0.47999999999998977,False,-0.5199999999999818,True,0,0,0.07824853918799964,0.039356443997961475,False
CUB,2026-10-01,yahoo_1h,0,False,,False,,False,,False,,False,,False,,False,0,0,,,False
DABUR,2026-10-01,fyers_60m,7,True,0.0,True,0.0,True,-0.000698102740847482,True,0.0,True,0.0,True,0.0,True,0,0,0.07247896077133513,0.013485566811982172,True
DABUR,2026-10-01,fyers_1m_agg,7,True,0.0,True,0.0,True,-0.000698102740847482,True,0.0,True,0.0,True,0.0,True,0,0,0.07247896077133513,0.013485566811982172,True
DABUR,2026-10-01,yahoo_1h,0,False,,False,,False,,False,,False,,False,,False,0,0,,,False
GRASIM,2026-10-01,fyers_60m,7,True,0.0,True,0.0,True,-0.0008702893603878344,True,0.0,True,0.0,True,0.0,True,0,0,0.18738859115662965,0.026297542866222715,True
GRASIM,2026-10-01,fyers_1m_agg,7,True,0.0,True,0.0,True,-0.0008702893603878344,True,0.0,True,0.0,True,0.0,True,0,0,0.18738859115662965,0.026297542866222715,True
GRASIM,2026-10-01,yahoo_1h,0,False,,False,,False,,False,,False,,False,,False,0,0,,,False
HDFCBANK,2026-10-01,fyers_60m,7,True,0.0,True,0.0,True,-0.019453858836635828,False,0.0,True,0.0,True,0.0,True,0,0,0.14291038140354936,0.04043591704652822,False
HDFCBANK,2026-10-01,fyers_1m_agg,7,True,0.0,True,0.0,True,-0.019453858836635828,False,0.0,True,0.0,True,0.0,True,0,0,0.14291038140354936,0.04043591704652822,False
HDFCBANK,2026-10-01,yahoo_1h,0,False,,False,,False,,False,,False,,False,,False,0,0,,,False
INDIANB,2026-10-01,fyers_60m,7,True,0.0,True,0.0,True,-0.0014641223011295935,True,0.0,True,0.0,True,0.0,True,0,0,0.13078583372239933,0.04367781458781132,True
INDIANB,2026-10-01,fyers_1m_agg,7,True,0.0,True,0.0,True,-0.0014641223011295935,True,0.0,True,0.0,True,0.0,True,0,0,0.13078583372239933,0.04367781458781132,True
INDIANB,2026-10-01,yahoo_1h,0,False,,False,,False,,False,,False,,False,,False,0,0,,,False
LATENTVIEW,2026-10-01,fyers_60m,7,True,0.0,True,0.0,True,-0.0015703688943606677,True,0.0,True,0.0,True,1.5,True,0,0,0.2556148207985365,0.06667933807719265,True
LATENTVIEW,2026-10-01,fyers_1m_agg,7,True,0.0,True,0.0,True,-0.0015703688943606677,True,0.0,True,0.0,True,1.5,True,0,0,0.2556148207985365,0.06667933807719265,True
LATENTVIEW,2026-10-01,yahoo_1h,0,False,,False,,False,,False,,False,,False,,False,0,0,,,False
NATCOPHARM,2026-10-01,fyers_60m,7,True,0.0,True,0.0,True,-0.006585962491375525,True,0.0,True,0.0,True,-2.2999999999999545,True,0,0,0.34515020134416524,0.030795134065749043,True
NATCOPHARM,2026-10-01,fyers_1m_agg,7,True,0.0,True,0.0,True,-0.006585962491375525,True,0.0,True,0.0,True,-2.2999999999999545,True,0,0,0.34515020134416524,0.030795134065749043,True
NATCOPHARM,2026-10-01,yahoo_1h,0,False,,False,,False,,False,,False,,False,,False,0,0,,,False
POONAWALLA,2026-10-01,fyers_60m,7,True,0.0,True,0.0,True,-0.0010197674982534188,True,0.0,True,0.0,True,0.10000000000002274,True,0,0,0.10539519590207061,0.043266272251460035,True
POONAWALLA,2026-10-01,fyers_1m_agg,7,True,0.0,True,0.0,True,-0.0010197674982534188,True,0.0,True,0.0,True,0.10000000000002274,True,0,0,0.10539519590207061,0.043266272251460035,True
POONAWALLA,2026-10-01,yahoo_1h,0,False,,False,,False,,False,,False,,False,,False,0,0,,,False
PREMIERENE,2026-10-01,fyers_60m,7,True,0.0,True,0.0,True,-0.0010808818916147867,True,0.0,True,0.0,True,0.0,True,0,0,0.23500074733899615,0.0031531345305598046,True
PREMIERENE,2026-10-01,fyers_1m_agg,7,True,0.0,True,0.0,True,-0.0010808818916147867,True,0.0,True,0.0,True,0.0,True,0,0,0.23500074733899615,0.0031531345305598046,True
PREMIERENE,2026-10-01,yahoo_1h,0,False,,False,,False,,False,,False,,False,,False,0,0,,,False
PVRINOX,2026-10-01,fyers_60m,7,True,0.0,True,0.0,True,-0.004251952315834395,True,0.0,True,0.0,True,4.7000000000000455,True,0,0,0.14410130637169027,0.06241866459782772,True
PVRINOX,2026-10-01,fyers_1m_agg,7,True,0.0,True,0.0,True,-0.004251952315834395,True,0.0,True,0.0,True,4.7000000000000455,True,0,0,0.14410130637169027,0.06241866459782772,True
PVRINOX,2026-10-01,yahoo_1h,0,False,,False,,False,,False,,False,,False,,False,0,0,,,False
RELIANCE,2026-10-01,fyers_60m,7,True,0.0,True,0.0,True,-0.021191838089784875,False,0.0,True,0.0,True,0.0,True,0,0,0.17254776615321038,0.06708320418952268,False
RELIANCE,2026-10-01,fyers_1m_agg,7,True,0.0,True,0.0,True,-0.021191838089784875,False,0.0,True,0.0,True,0.0,True,0,0,0.17254776615321038,0.06708320418952268,False
RELIANCE,2026-10-01,yahoo_1h,0,False,,False,,False,,False,,False,,False,,False,0,0,,,False
SAMMAANCAP,2026-10-01,fyers_60m,7,True,0.0,True,0.0,True,-0.002858637051288581,True,0.0,True,0.0,True,0.12000000000000455,True,0,0,0.29525767119777097,0.04915831329107077,True
SAMMAANCAP,2026-10-01,fyers_1m_agg,7,True,0.0,True,0.0,True,-0.002858637051288581,True,0.0,True,0.0,True,0.12000000000000455,True,0,0,0.29525767119777097,0.04915831329107077,True
SAMMAANCAP,2026-10-01,yahoo_1h,0,False,,False,,False,,False,,False,,False,,False,0,0,,,False
TCS,2026-10-01,fyers_60m,7,True,0.0,True,0.0,True,-0.004206211402592561,True,0.0,True,0.0,True,0.0,True,0,0,0.22196199268909925,0.03389580794826132,True
TCS,2026-10-01,fyers_1m_agg,7,True,0.0,True,0.0,True,-0.004206211402592561,True,0.0,True,0.0,True,0.0,True,0,0,0.22196199268909925,0.03389580794826132,True
TCS,2026-10-01,yahoo_1h,0,False,,False,,False,,False,,False,,False,,False,0,0,,,False
TMCV,2026-10-01,fyers_60m,7,True,0.0,True,0.0,True,-0.0047558997600589455,True,0.0,True,0.0,True,2.6000000000000227,True,0,0,0.2366540284501592,0.10745372689056883,True
TMCV,2026-10-01,fyers_1m_agg,7,True,0.0,True,0.0,True,-0.0047558997600589455,True,0.0,True,0.0,True,2.6000000000000227,True,0,0,0.2366540284501592,0.10745372689056883,True
TMCV,2026-10-01,yahoo_1h,0,False,,False,,False,,False,,False,,False,,False,0,0,,,False
TMPV,2026-10-01,fyers_60m,7,True,0.0,True,0.0,True,-0.0034222929834867057,True,0.0,True,0.0,True,0.0,True,0,0,0.14076369858081425,0.022013915189774438,True
TMPV,2026-10-01,fyers_1m_agg,7,True,0.0,True,0.0,True,-0.0034222929834867057,True,0.0,True,0.0,True,0.0,True,0,0,0.14076369858081425,0.022013915189774438,True
TMPV,2026-10-01,yahoo_1h,0,False,,False,,False,,False,,False,,False,,False,0,0,,,False
VEDL,2026-10-01,fyers_60m,7,True,0.0,True,0.0,True,-0.0035090507116208374,True,0.0,True,0.0,True,0.0,True,0,0,0.2961996670644052,0.01688191661713506,True
VEDL,2026-10-01,fyers_1m_agg,7,True,0.0,True,0.0,True,-0.0035090507116208374,True,0.0,True,0.0,True,0.0,True,0,0,0.2961996670644052,0.01688191661713506,True
VEDL,2026-10-01,yahoo_1h,0,False,,False,,False,,False,,False,,False,,False,0,0,,,False
VIJAYA,2026-10-01,fyers_60m,7,True,0.0,True,0.0,True,-0.000646265170015415,True,0.0,True,0.0,True,-5.0,True,0,0,0.1291563965969627,0.11496117251066762,True
VIJAYA,2026-10-01,fyers_1m_agg,7,True,0.0,True,0.0,True,-0.000646265170015415,True,0.0,True,0.0,True,-5.0,True,0,0,0.1291563965969627,0.11496117251066762,True
VIJAYA,2026-10-01,yahoo_1h,0,False,,False,,False,,False,,False,,False,,False,0,0,,,False
ZFCVINDIA,2026-10-01,fyers_60m,7,True,0.0,True,0.0,True,-0.003402107111501317,True,0.0,True,0.0,True,-6.0,True,0,0,0.07349540410812491,0.13151570505969154,True
ZFCVINDIA,2026-10-01,fyers_1m_agg,7,True,0.0,True,0.0,True,-0.003402107111501317,True,0.0,True,0.0,True,-6.0,True,0,0,0.07349540410812491,0.13151570505969154,True
ZFCVINDIA,2026-10-01,yahoo_1h,0,False,,False,,False,,False,,False,,False,,False,0,0,,,False
